Unnamed: 0,time_period,rainfall,mean_temperature,population,location,E,month,ID_year,ID_spat,rainsum,meantemperature,sample_0,sample_1,sample_2,sample_3,sample_4,sample_5,sample_6,sample_7,sample_8,sample_9,sample_10,sample_11,sample_12,sample_13,sample_14,sample_15,sample_16,sample_17,sample_18,sample_19
0,2017-07,15.245,24.52,733678.522672603,Acre,733678.522672603,7,2017,Acre,15.245,24.52,18963.46533121955,6563.502040666057,-3018.115803542922,-11589.780667971958,-9365.434531344483,-6872.333616899237,-1062.2004412238125,-2205.4642127173097,2302.0959657908575,7446.403549715078,8629.837305553083,724.3009244460513,-1095.4033669632136,-8650.908534888713,-7345.481097993619,355.59407966937783,-1622.3160357960523,2418.837980860045,-16817.331532088738,-407.65862083148295
1,2017-08,74.9,26.33,733678.522672603,Acre,733678.522672603,8,2017,Acre,74.9,26.33,-3685.2942705197593,3866.9841856573025,2321.063784840311,1761.295498287253,9406.808180487453,7691.08041740144,-9382.197982002199,3923.028976067385,-3397.8047325800862,14198.353866352369,-17033.51681942075,1798.6409939319226,6504.23603094859,12149.046102669465,3121.246384485854,11383.533919706759,-2097.4004464046593,3087.9520265799165,17971.59389274304,888.7740979395819
2,2017-09,118.748,26.23,733678.522672603,Acre,733678.522672603,9,2017,Acre,118.748,26.23,1859.2916354770323,-282.97492392945924,-2128.107590545577,-4217.852872180209,653.5467161950507,16084.500392112484,-937.4685846314692,2201.1042485865632,2360.594886673613,2417.426071565943,7778.527946845941,-964.5199537951071,5938.627209677997,4826.04248979538,6919.841960685885,-54.15841089980336,5344.5944811776835,-13628.636051837111,3368.9580485883607,-10270.303389911942
3,2017-10,157.263,26.07,733678.522672603,Acre,733678.522672603,10,2017,Acre,157.263,26.07,10645.77292185763,-4214.325923832621,10886.917197693154,4170.726438576703,-5399.08532817888,-2221.3183387922863,-5014.490042329265,6338.90436069795,1144.305151668398,-2652.4607879852856,-7524.382951009755,-1264.6627126214007,-2912.7114144179277,-3287.581835267957,-7037.903715558019,13651.742571959778,1109.3695853119962,2602.2229596195257,7216.594824287787,-6079.282396769426
4,2017-11,240.784,25.38,733678.522672603,Acre,733678.522672603,11,2017,Acre,240.784,25.38,-69.27194440221456,18106.586371612775,-9032.159372052945,5020.007282833289,-2834.1208598313942,9222.875474895467,-14363.78323559033,8310.89072103747,-9068.484344985736,10817.19777935534,-923.9489633626968,-7331.197828041244,2466.281809605374,-4492.692228213452,13037.556012633675,390.2715968451116,13752.387346073907,-1048.5666922319929,-11653.15213915098,8016.519289006969
5,2017-12,257.475,25.51,733678.522672603,Acre,733678.522672603,12,2017,Acre,257.475,25.51,-10280.712130635766,-2406.4500642710827,2014.7471678931297,-1616.863297583477,-12651.672676110484,9391.024604963879,-3814.9680595246145,11687.433387932615,-11011.976709894461,13908.25699673426,7666.183265003781,11190.389802566417,-1519.1701813941772,-8698.299100026314,-1537.8103954490261,-7067.197549475698,2356.512303924331,-16913.88290381374,9728.723670368723,17577.769581252738
0,2017-07,164.596,21.7,1939232.32925536,Alagoas,1939232.32925536,7,2017,Alagoas,164.596,21.7,4053.601866594946,-6066.688263297454,6312.122345634914,6346.409417114297,8267.19940883771,18654.81977400485,-16120.849234433763,9593.50786337641,4925.3752921297255,2025.8706114255829,-13409.918205903421,-7964.885171029995,-5338.265355459551,-10012.868027848526,14257.984065215305,-4641.10155992338,-8634.604892231982,14560.70080228987,1768.7390031369023,-1174.2955315302802
1,2017-08,76.005,22.3,1939232.32925536,Alagoas,1939232.32925536,8,2017,Alagoas,76.005,22.3,8066.678764511042,-5469.9512884065825,-788.0136497771077,3699.0161778617985,13843.013437020865,5801.217085323966,-5490.080199551857,-1354.7182533635287,13568.803003093843,5795.591311748893,10645.941356743026,5505.868713977603,-2792.4270533869394,2292.171493133603,-261.434532510586,-222.26225355362158,9408.569291791153,6801.715884862898,7549.326459048716,233.64951941404797
2,2017-09,82.739,22.52,1939232.32925536,Alagoas,1939232.32925536,9,2017,Alagoas,82.739,22.52,-4513.445757354788,-1363.9276378093596,-2074.1591398902747,14164.289851605956,15413.351898299163,17006.085183737967,-6593.3356998583695,7575.044196900475,16795.17346010197,-11284.649052286988,-306.37418370521664,-3877.7652973852146,-7900.171126486128,8612.133207080718,5699.915569882018,9331.51373004639,-4603.540877533776,-184.6313825414577,5978.641242826353,7144.492089854737
3,2017-10,44.98,24.19,1939232.32925536,Alagoas,1939232.32925536,10,2017,Alagoas,44.98,24.19,18124.774986424844,-4677.902699960328,8226.044256416699,-9436.05365373028,10235.33062824784,12193.946231436264,-2466.3148846024833,5677.134634496199,-3332.4589419365157,-2701.8325397272447,17056.379855897227,3107.9108231703995,-16204.34682233994,-9328.003307275325,2243.8116342158846,2999.5413548035913,-5383.53256951108,15003.180311635006,-1242.8959162080773,24574.845704145922
4,2017-11,18.853,25.91,1939232.32925536,Alagoas,1939232.32925536,11,2017,Alagoas,18.853,25.91,11993.600076550678,-8305.89367703616,-11969.005994074245,9579.242994147837,10700.368321621478,-3420.830056832952,-11792.688653338,1948.7424196571435,-8332.581502592619,-5334.947101347701,-11760.624649240663,-13546.847547064403,10785.82264557824,17454.332113028384,7912.949884480584,11231.53545916135,-242.5837484763167,3006.5865389928604,-2488.7007050562493,-5816.104720299718
5,2017-12,24.725,26.77,1939232.32925536,Alagoas,1939232.32925536,12,2017,Alagoas,24.725,26.77,5466.150182616822,6334.57122585746,-7275.229537192438,-46.97622675706202,2463.6411300728564,-8324.984199289745,-2018.759779084398,12540.335320124505,-3498.763209954297,-5255.04866383513,9363.981091959522,-8189.070267874659,-3871.2393068781566,-414.2254826004462,2570.827704524736,-4266.201135608798,-3282.8851429701626,-5864.227041470644,-4720.903834228678,9958.882852752788
0,2017-07,0.028,24.35,482707.739091826,Amapa,482707.739091826,7,2017,Amapa,0.028,24.35,8247.24514838589,14745.450796404091,6941.050642107513,-7742.367962070932,-3202.3746906945394,-10340.164443641825,16186.457010654372,11617.63622920574,-654.5152945256873,-3768.9272689925415,5427.991154370149,11443.912884076273,-7541.451705464018,-8414.782853913472,5029.788890756077,2422.065231866728,-9630.673846142106,6721.695500182655,-1855.7997059965564,-1537.3539870198806
1,2017-08,12.752,27.67,482707.739091826,Amapa,482707.739091826,8,2017,Amapa,12.752,27.67,8909.033169022932,4281.49332825135,-11148.31289978154,18827.030234406044,-1909.0318138596144,-5680.3854169436145,-8723.593072762369,4559.954734386647,-149.75766604959017,11516.262260100735,14263.01022978114,6988.3758841566305,-6109.900034364686,11527.161155597578,-6774.278987624011,10314.284484036376,-4824.345158378075,909.6016532598396,-3670.263232172491,-320.28738950428965
2,2017-09,18.662,29.01,482707.739091826,Amapa,482707.739091826,9,2017,Amapa,18.662,29.01,-1080.5196327351268,-2932.7454801916583,6042.2237848104705,-7909.649694770794,-3055.059368815203,208.05974931348214,-2087.6971950078346,-6087.189880566349,-2207.0402832987825,-7950.097156046609,-1129.449689753891,-4062.337101811435,5371.364816759025,1264.334766167181,120.40443449075588,-9456.809131858827,-8720.778787208346,-116.83227309291487,-1393.5515943743171,5573.832188380475
3,2017-10,110.217,27.62,482707.739091826,Amapa,482707.739091826,10,2017,Amapa,110.217,27.62,1185.7051945640803,6875.21041152104,-3344.696280081686,4495.191773698212,4356.688370236345,-3049.750691453604,-11444.075061886779,1568.9436429088466,-8130.613661615882,7936.441680451784,-24524.60192030822,-6860.699317848315,18767.075606795017,13310.161081512251,474.6139261792307,10544.934270523423,-7609.910320228559,-2160.963466658835,3730.40348193217,-5521.026095378922
4,2017-11,225.016,25.69,482707.739091826,Amapa,482707.739091826,11,2017,Amapa,225.016,25.69,-4166.667914529018,-5417.016835668946,3486.375195988481,8041.151470862371,9195.56322757927,1079.4667474767175,3221.375739081176,2705.9893161229925,14802.515969394102,4676.465267582766,8539.860652711184,2588.7890184417843,5217.841112464733,6518.248611185122,-5024.30944925134,-12331.529578464368,-9552.960838733623,15376.14830885582,7194.038106974501,17997.472367046394
5,2017-12,295.258,25.26,482707.739091826,Amapa,482707.739091826,12,2017,Amapa,295.258,25.26,4352.102154531933,-407.2228441963648,-9950.500631210274,14181.927539222308,8807.760745424017,21861.41185091047,6392.0095084561235,-8229.679741630547,9526.511994103184,5881.61358249125,3133.993767266773,8013.108761920588,2401.9867448217165,823.1763018781319,13116.377500937597,6875.692246923434,6582.557186385477,10733.091888699024,-5885.5877861610425,-597.5060307608992
0,2017-07,7.642,18.25,3922237.75063418,Amazonas,3922237.75063418,7,2017,Amazonas,7.642,18.25,4806.783128347952,-3859.6108487263987,10219.90592429565,4553.851796551433,10197.48160857105,3304.4611669055057,-2799.7992281470674,9751.789907067609,-5456.049298586713,-12924.581692470616,12798.27351359026,1112.1290916063756,-1433.4698853363884,-1051.9115449355504,-5962.85957470034,11262.592760097974,14111.717104630095,-6523.0644973011495,-7918.970288158287,-4216.455879033965
1,2017-08,6.52,20.87,3922237.75063418,Amazonas,3922237.75063418,8,2017,Amazonas,6.52,20.87,14510.032948565375,8569.395074373784,-2506.6747797700136,3410.0279864792096,-1761.0481838112973,-8160.923732255663,15776.920124397337,-2202.297640791654,14306.07935656705,3963.2298448708607,8547.18527344634,4610.837731851534,20354.661048463546,-10281.762924233462,7234.363700884612,-16402.43788988982,4730.55615892688,-22886.12890150109,-1365.2278149777012,24462.0759361801
2,2017-09,12.517,22.17,3922237.75063418,Amazonas,3922237.75063418,9,2017,Amazonas,12.517,22.17,20887.609294834154,-13197.752784098358,10940.845972963016,-5211.634722133793,-652.2987324507062,17040.244138212256,-4336.927069544485,8936.973824571682,6713.493406990136,8356.569032178742,4892.648616646953,5788.114193511547,608.8863838106831,19396.971091866297,-10213.420311674443,-18402.067832740577,521.1675800559972,-12118.904153962452,-724.4709191978727,11843.87199633215
3,2017-10,53.78,24.97,3922237.75063418,Amazonas,3922237.75063418,10,2017,Amazonas,53.78,24.97,-414.8499246192664,-14440.040148996592,-935.9355901480571,6517.115319620531,19014.100236224775,4985.342498560676,-6758.843604812902,16819.74952517273,1171.016844316461,-2343.9469807439,15227.27077480192,-4598.574024833241,-13714.83143893498,-7422.549946555651,4103.974788717023,11100.659254025675,3150.658321584064,12689.638745591217,-6154.322183658391,22170.161862993773
4,2017-11,177.559,22.75,3922237.75063418,Amazonas,3922237.75063418,11,2017,Amazonas,177.559,22.75,9290.763907801003,7351.931363820808,1597.5816637832625,-4275.112324008262,-13426.460104259184,4770.4908679192995,14051.376383275176,2945.6716386233147,-4415.740761664083,1152.3176410262834,-2535.9507150513796,12091.858094908568,6242.758104027867,4812.648582882208,8367.584680602558,-3725.349452951183,5553.161220351726,6542.032778699262,3426.3335991919885,-2156.707241037287
5,2017-12,220.522,23.29,3922237.75063418,Amazonas,3922237.75063418,12,2017,Amazonas,220.522,23.29,1950.137427551056,3243.8757718420143,7780.273201370068,6410.410169970545,-919.6199269504982,1752.6689602975027,1801.54998034766,-10282.915780294781,13061.214958483492,201.39221716119346,699.4473859417324,-4514.815879582788,18548.810996576587,1029.077458371029,1544.2081722742064,-2137.617702285131,5286.516739242166,8198.308810809986,-3505.7170547540386,-10136.859893316101
0,2017-07,48.102,26.68,14966698.5655249,Bahia,14966698.5655249,7,2017,Bahia,48.102,26.68,7970.652602123204,17555.979603037842,-9301.702460552824,15415.66634028094,3172.251226375377,15813.584626231612,12651.987887247375,-3228.29843362154,4216.574485691955,1121.3869396440991,4154.159105536785,3352.085347780306,-1148.947814519393,-22812.205432527382,-6642.433097931953,7504.13589752657,12007.267545963976,-10299.079769039508,-3764.266397717133,-780.3996858598857
1,2017-08,16.768,28.25,14966698.5655249,Bahia,14966698.5655249,8,2017,Bahia,16.768,28.25,5562.472759723945,-13236.772389199905,13043.839042954136,3704.289378973569,-5817.612355684427,-8967.159299055267,9105.316903111643,275.25800778267035,12572.5104349297,-9074.16540721534,-15610.101427925163,467.83647762370515,-6685.101676328366,309.00698353546045,2189.793504394771,-13738.38563789066,34920.999885433244,1635.7906269551586,-17821.65535620821,3201.5304783584597
2,2017-09,36.57,28.7,14966698.5655249,Bahia,14966698.5655249,9,2017,Bahia,36.57,28.7,101.3851322175708,-4933.910535967907,-11679.036902849299,7934.277187099651,14031.385427296744,13987.638572615399,549.6049628726157,6053.179220486949,-4534.798293719688,1934.1129363779837,1339.800746580089,-6096.945970449193,-7618.09477298142,3828.8842586987626,-5856.48558648755,4628.867016049811,-4777.846151121152,-21383.473099583203,-12006.008583100634,-5189.259007482342
3,2017-10,86.293,27.93,14966698.5655249,Bahia,14966698.5655249,10,2017,Bahia,86.293,27.93,5473.491587047913,4462.7669811315045,13959.204043423335,-12942.832078577583,518.4493487224939,14968.00285416559,3565.918458594348,15542.13992274624,-9643.290660615667,12984.273945232608,-4597.9220269468515,-4906.490662425982,-10434.148271175804,-824.5084246602732,-3197.3872193602424,-2062.4076105724953,8891.958433904945,-2228.6593595881127,-147.12004349215408,13218.359483091746
4,2017-11,105.892,27.32,14966698.5655249,Bahia,14966698.5655249,11,2017,Bahia,105.892,27.32,-15686.531571514399,-8542.95329763077,2997.2494388272244,-3377.7687163923274,9405.583329781672,15458.533334357257,1243.72871615246,8681.978037936075,22180.388773221446,2388.9121179994563,1957.0625614844735,1614.6248162562863,12133.274617296769,16799.449454298054,8571.736338255356,-13281.49814303573,-3290.92937320276,-6660.99722751345,4249.189483145814,668.1642113134068
5,2017-12,234.695,26.06,14966698.5655249,Bahia,14966698.5655249,12,2017,Bahia,234.695,26.06,9542.940848382164,4614.205926552775,1714.7725607433372,7429.4248895910105,16941.866487246112,15516.930219876529,124.4150582805189,-12891.00663001759,-919.8355439676925,5763.597768062396,9807.58388820639,4701.9903156442815,-6566.293662810779,8751.200418912329,-3620.9872106868397,1693.415971680346,7421.805324425213,526.8973309651803,3597.525242902848,10495.823590154574
0,2017-07,74.19,22.73,8433243.93239153,Ceara,8433243.93239153,7,2017,Ceara,74.19,22.73,-17989.00055355513,2085.958092912124,1501.4953306162,-9596.571351027276,14597.682899211915,2121.074008558442,3950.9423908379113,-3.8598706940442753,3331.4020523256545,-12216.242551931744,14435.417805114972,-8735.899248456915,2571.2501049466655,-2022.461954517732,4109.509560433006,7549.425059552638,-2233.7112032299347,16481.87274476046,2175.3294894679902,10344.507588916975
1,2017-08,10.946,24.46,8433243.93239153,Ceara,8433243.93239153,8,2017,Ceara,10.946,24.46,3880.3709608106,23084.258912373967,4828.723028952428,-1175.679177202101,-13453.983159614221,2374.904852070193,11471.038116238786,-10775.320776763638,-5768.87309378922,607.2955372284544,4603.9631896393785,-13276.474815059148,-883.2700659547618,9998.524901968223,-2008.1124632477854,-871.7296321620738,5217.69085461445,900.5204913961242,1245.303539005076,-4013.6978272092174
2,2017-09,12.884,24.69,8433243.93239153,Ceara,8433243.93239153,9,2017,Ceara,12.884,24.69,-4176.558342363451,5321.834914550699,8758.117520590306,11778.398671990879,6584.1449095876305,12326.34272666624,10542.979143299573,-21123.322509930305,-2142.331426025525,8600.556799741196,-2201.4677801727175,816.6421114971836,4640.57810957587,10811.051381174268,-15803.358110131252,-6397.048671546457,12274.68544848407,3962.613415680203,-5069.035803412739,12652.469789787734
3,2017-10,11.828,26.09,8433243.93239153,Ceara,8433243.93239153,10,2017,Ceara,11.828,26.09,739.461757481274,-13824.993811084276,2295.5239103078543,9513.877985403693,20145.89817981902,-6436.514682510011,-20431.90090703065,-4691.790493349417,-1521.7907011252673,7444.676152053298,-943.4021946767475,-1477.802254568745,10247.452020408735,4986.3916718373375,-387.91588475277194,17246.325855569317,-5069.464859828466,-4843.823013720952,2726.5719159705463,-2941.976759842037
4,2017-11,6.715,26.86,8433243.93239153,Ceara,8433243.93239153,11,2017,Ceara,6.715,26.86,4662.402704097994,17316.735875676066,16941.344438847274,6389.364796507029,9553.09178957262,6729.983839833221,-7292.208654473157,12153.267774880262,5060.170085824298,-1743.1998716745716,4901.930550610257,7989.07544117366,-289.80856790670236,1989.7119664588795,-6760.965309781943,11001.915275572503,8329.849112301785,-6460.686066136541,21636.224495643688,9769.144057192663
5,2017-12,13.422,27.29,8433243.93239153,Ceara,8433243.93239153,12,2017,Ceara,13.422,27.29,1644.6389090317275,12020.440566982295,-3762.292840395348,9114.382569339941,-5315.0052461343475,-26527.886391981683,-458.5294261100198,-7797.033283707218,-887.5806131771724,18890.83736494934,14735.383153003819,-647.8710933266611,-12313.283070112926,2744.948800626172,4773.911205415693,11551.39245802197,17893.676349658628,13511.08556230517,-7482.99603918289,3631.2419919036784
0,2017-07,7.607,15.52,13162712.8505577,DistritoFederal,13162712.8505577,7,2017,DistritoFederal,7.607,15.52,12529.493101981669,16055.099001842795,-1187.6529225810318,-5929.091398948357,5206.835310351524,18439.206211355082,4217.611362835582,10452.692662207102,1742.8964605690924,3388.0722750804925,14949.931348963382,-3959.2081610521764,5144.392792430601,8728.278165698339,-862.2917616277614,11850.225120149033,3331.6303364563896,16478.4413879285,-577.5648181310276,892.0340223747044
1,2017-08,97.939,17.81,13162712.8505577,DistritoFederal,13162712.8505577,8,2017,DistritoFederal,97.939,17.81,3792.6644815067084,-5584.312509754931,10574.810777417531,4647.515834783695,1329.1273518234348,14579.404869225444,262.93868055005805,-12182.301141970736,-2640.3125980917816,-2417.0948682171797,-5792.794476455858,815.9698985631853,7562.34441496283,5355.589663623156,8926.332344737963,1829.0307284719343,3198.4266522833545,13889.642430231728,-3313.2910946922807,19901.937893622107
2,2017-09,36.487,22.49,13162712.8505577,DistritoFederal,13162712.8505577,9,2017,DistritoFederal,36.487,22.49,6127.966325441941,4605.680750610346,-2409.2606541332143,16952.303831823323,-6014.113069203606,-1452.1888084092525,-4096.687862882769,10315.147166606948,10835.756019078677,-1097.0097295253317,-10559.158852693346,3585.801085466157,-2028.660125520647,11762.060800347439,-1192.7362742176683,2839.4951353198803,-9209.4577165217,11221.734789445503,-2746.814282997343,8811.85281399688
3,2017-10,221.75,20.83,13162712.8505577,DistritoFederal,13162712.8505577,10,2017,DistritoFederal,221.75,20.83,-2444.9123854270497,2133.3868566048563,872.5913587666957,9911.785090659427,19388.193523658916,-10931.624228906234,-2626.732645279512,-176.9003890581048,1263.6904944420473,-1220.250938251345,-5951.798387931645,-9081.182306443206,10714.238600227944,8001.015937194581,-19841.511399658775,-10674.000880865893,-8178.1951546205,1529.2491188557701,10817.858869349899,8434.862452357076
4,2017-11,150.148,20.88,13162712.8505577,DistritoFederal,13162712.8505577,11,2017,DistritoFederal,150.148,20.88,12233.753172577299,-727.8065046606266,17471.904594896765,-355.56612595608976,-16447.00858468562,6549.413909349461,-3709.9961131265113,-1720.5749245141374,-14334.046452588223,-9885.734872335275,-5162.222760549579,-7950.791068677034,1205.0291720899809,-10467.520707964073,8694.648979919495,7577.231071450251,-311.73909023689794,-9448.100506814408,7998.789818968295,-6831.699428921138
5,2017-12,251.288,22.75,13162712.8505577,DistritoFederal,13162712.8505577,12,2017,DistritoFederal,251.288,22.75,8641.082438029553,-9766.170471860367,-7658.3657559809435,13569.543625873153,577.7605307317272,5817.4431229393185,10061.443601145824,6585.996257334291,11483.36364536836,1961.9217897494677,7764.102044007991,-13182.415469279065,11062.97425817563,686.5708458220035,-5573.442894870365,13020.156132184356,7552.546363139075,8969.461334327982,2349.6656896130467,14018.264246267394
0,2017-07,62.968,21.31,3666811.37849717,EspiritoSanto,3666811.37849717,7,2017,EspiritoSanto,62.968,21.31,7762.489834346758,-18425.979760012873,19298.224721478036,-13805.62457865277,-1775.5632430678388,734.7420629323803,12931.098702901396,3194.2335788891037,12641.223399411709,-2556.076106815377,-9748.585824991778,-3758.446298891833,-7574.924507836051,4517.316348133779,-4073.601696753095,21648.829498065512,10970.136669270938,6885.794493448338,-8261.4238306653,-5689.603989006577
1,2017-08,21.527,22.83,3666811.37849717,EspiritoSanto,3666811.37849717,8,2017,EspiritoSanto,21.527,22.83,-2555.0159280777207,-9694.732630206072,-987.2301438023424,-5592.808999931043,6189.180995035162,-6184.906197185127,1575.0388104687613,-13.653080398135899,708.9243879051419,-3024.5837222471964,-201.27243519808417,-2880.144865194774,355.4007937957001,-4269.011633729818,4804.605421637099,-7499.974389629805,1479.8817285312741,-8430.788703261434,5234.487164450453,-6808.548359075893
2,2017-09,25.968,22.92,3666811.37849717,EspiritoSanto,3666811.37849717,9,2017,EspiritoSanto,25.968,22.92,4231.774291832757,-10037.566931540136,-2780.078922282478,-3273.7347448435894,5210.146970548416,-1971.5657693761764,338.85535643010576,-6429.133336833089,1721.9349921427056,11382.390284654819,-12400.516920124952,6954.223575288824,-757.6856748783107,-6474.796147550835,-1877.813248643281,6434.504458683738,-8172.258503664474,83.3356810844823,-9740.121219501896,-5939.141821383421
3,2017-10,14.294,25.13,3666811.37849717,EspiritoSanto,3666811.37849717,10,2017,EspiritoSanto,14.294,25.13,8777.551979208565,5908.728890242241,12602.464437995124,1919.9061591012398,-14095.462770718694,8350.010502143417,-2951.1657205070765,-5029.219868862243,-3610.9456242279443,-11109.63793101106,5910.005524209499,9034.020580990404,4058.9279072559793,-1682.2451378594374,-7893.238755534205,-10176.86378611997,338.7379133639847,10776.14375168514,7358.706027518514,7655.394559756094
4,2017-11,13.581,26.74,3666811.37849717,EspiritoSanto,3666811.37849717,11,2017,EspiritoSanto,13.581,26.74,67.37552146616758,-10142.168360365751,20532.177484776243,-8310.53150423704,595.7822004848258,-1353.5531762314827,6764.362854835026,6548.7337765513585,3217.3782572576874,-10256.199992234604,-933.2633372940036,9413.396907846214,-6932.386779331155,-968.1491318283715,-11210.245229675755,3892.533840457702,-3020.2112396165307,4851.051366390496,7664.495832023033,-4210.177359052632
5,2017-12,17.543,27.29,3666811.37849717,EspiritoSanto,3666811.37849717,12,2017,EspiritoSanto,17.543,27.29,-11660.185521056987,-5510.727144278431,-10274.576073757942,10358.69507180369,6559.376184435723,3272.1449282695075,14208.59662247978,3543.3639583781865,-133.03857000239668,-6455.097536637097,-6117.681944629852,9286.137854612234,2075.065074084835,21814.741770840974,-3404.9740264789975,-9046.875345597426,-9772.453558806068,15783.455572967128,-102.36578264818763,-14867.174391656361
0,2017-07,2.77,25.91,7031019.90947438,Goias,7031019.90947438,7,2017,Goias,2.77,25.91,-2460.336293507361,-1438.3387626594922,-4646.567944985751,-4548.288288739301,17696.599245153167,11985.081757346527,5217.394647859925,-2108.6242600802875,12304.425384393744,6156.578402447976,14920.268142594121,-240.9118638376217,11576.377949398051,6751.914106957112,18181.340240013044,239.2991320798917,-8014.042545111397,-5148.494642400357,6292.461358679891,-6646.347877542128
1,2017-08,0.407,28.04,7031019.90947438,Goias,7031019.90947438,8,2017,Goias,0.407,28.04,2264.074289721805,-2950.276245710743,-8558.785310435698,7913.999038955461,-11149.06120510514,-4461.187706889182,-8047.5701195443135,-4414.7939014385465,12690.44148181372,-8432.088471340674,-1869.8657116837658,157.56128615536795,1718.122987238134,7461.251023097644,4639.783520611486,7757.6181773037115,-6920.194745619429,-3462.787461822427,7769.937059861273,-3959.5804390010744
2,2017-09,0.427,28.12,7031019.90947438,Goias,7031019.90947438,9,2017,Goias,0.427,28.12,1356.805023507919,17131.29669910809,-9136.624692163863,-1275.9415489336443,5138.241320108449,4167.311030985717,-72.11381616749986,-4017.422037722432,5954.849737858307,1339.5995224807004,187.27939006602423,-437.14334769673746,-5183.126648995879,15.419015448850814,368.14685520703426,996.0169033717436,-4916.784776960776,-6457.467763041933,3755.1330775713886,5225.244602177866
3,2017-10,9.768,30.24,7031019.90947438,Goias,7031019.90947438,10,2017,Goias,9.768,30.24,3885.045715005808,-3644.063991578937,10590.808983707524,1752.4719407779398,1183.7784023528832,2535.1190953761916,7936.518881199269,-13023.329847074408,-8495.643613167911,6972.283720584102,-2990.3399262708504,-3438.0937241965776,-4796.155118855841,6805.947286636177,9673.841908045091,-2832.997455674521,-14357.203855712338,-1081.2783257906112,4587.914948529168,6542.940697098582
4,2017-11,60.566,28.49,7031019.90947438,Goias,7031019.90947438,11,2017,Goias,60.566,28.49,-5282.424425627501,-2919.4672130011886,8397.175960400513,-4217.453893252739,21865.658836450806,1127.060180660875,-8403.855446881324,-143.90227934163408,4432.876194323495,-5176.02710806288,5686.158823734166,2508.5615660017006,13327.842210375155,-8897.929371734008,12222.375915112962,11349.289185609734,6401.879570629181,5621.522048247572,6876.93479541464,16287.6754282489
5,2017-12,67.382,28.04,7031019.90947438,Goias,7031019.90947438,12,2017,Goias,67.382,28.04,6629.468864400572,-4150.457604759499,-4483.177772501491,4072.9887457768273,-1956.4655673209895,1739.2359899960682,-9050.979718605044,-7581.644040430479,-13918.097559959904,-8856.655434617174,-1599.5545025050433,-14222.735413834294,-813.2328562988505,2764.550125693543,2711.6490370797765,10337.198368417841,14236.219538868825,-3867.63714442159,1773.608616259369,-2620.66134000793
0,2017-07,0.162,25.65,5398479.73975255,Maranhao,5398479.73975255,7,2017,Maranhao,0.162,25.65,21326.285802236,17287.621521407957,2659.0257503758994,-10796.8610698819,-17166.767827293974,-2697.1984620632948,6073.659776801075,3951.7719625348623,13774.003180388807,1402.3669522012262,21470.347267060562,7025.7533486733055,-10691.577504578974,-513.3604662445373,7900.022644198537,-5413.290315354703,10442.086992900699,-159.50470802833252,1751.6677730009512,-4677.953131266939
1,2017-08,36.495,27.49,5398479.73975255,Maranhao,5398479.73975255,8,2017,Maranhao,36.495,27.49,234.70240353594545,-2550.391176483823,2519.365311816671,-9337.43633421144,-522.5754965776346,-2951.6813327586697,-1341.0175271065677,-8467.487033692949,9908.304187934511,-4503.401096585008,-14254.961781801623,286.0391173316634,831.7529656797216,-822.4038267963078,-2538.839677625771,1412.8259892005842,6754.8639512888385,-7393.215970348443,-11276.168976559547,13627.738311621586
2,2017-09,58.209,28.05,5398479.73975255,Maranhao,5398479.73975255,9,2017,Maranhao,58.209,28.05,7212.774661614227,702.1496418593666,6610.60972350274,11067.068878101229,29463.283317143927,3722.0826615208466,15353.071047547723,5148.550313314554,-9204.839684615052,-877.7905987736617,-3983.928400394223,-2854.77262105098,733.4707476904002,5110.071449295219,16025.036092838589,4465.170798428762,-7938.048198319706,-977.640133830259,1259.9968402819852,15965.183631672604
3,2017-10,144.051,26.74,5398479.73975255,Maranhao,5398479.73975255,10,2017,Maranhao,144.051,26.74,328.62715127316324,-4833.036234970403,10821.629266289663,17472.798744252977,-10324.549832537596,5221.598505619766,6795.6480094498975,-3953.747925249323,-3639.5123184651857,2331.4653619049946,4315.184825720909,9471.184444155948,-12907.78626467066,5686.929973952168,11597.524997387249,3093.0818258043546,640.6159203746386,13346.04241240515,11184.73905219599,14561.054709844142
4,2017-11,234.846,25.79,5398479.73975255,Maranhao,5398479.73975255,11,2017,Maranhao,234.846,25.79,3089.4023446559595,1954.474604572904,-5349.910994614688,2408.6671173859595,-17045.383298974986,8982.619760923217,-6044.294817474823,9734.320802155798,-16354.645764704259,-10131.399836322402,-295.80090827936147,2885.2341556748033,13885.122951616198,-2661.6574894655887,-3464.2785431936736,-7674.1217108063875,2614.3690431141713,2173.3464839898093,13735.2481509098,2862.6230708025796
5,2017-12,328.083,25.15,5398479.73975255,Maranhao,5398479.73975255,12,2017,Maranhao,328.083,25.15,-3841.6926963825363,-7019.268226542931,-7834.4300947807615,27122.496561088155,3610.400462827903,9204.686688052627,4328.063650983193,-3564.346337526258,3948.9763084916603,-13523.266770438197,16724.32209586853,6992.778273316525,4208.528608718287,15885.727834743691,-9769.34265744971,9488.79750422429,-5245.677761231926,4314.773005019084,2949.8459889385804,8255.163795068405
0,2017-07,256.756,24.06,3042394.12722741,MatoGrosso,3042394.12722741,7,2017,MatoGrosso,256.756,24.06,17494.25898768609,3505.464509448462,-175.964751336277,10938.536145077484,-1951.2807205451845,-3573.764756252035,-3983.7553566677325,-6993.2857856914825,14439.26885494262,-16376.378611199889,-9829.173720160848,-5666.20737692561,17447.70743469717,2448.8829829184274,18404.197926648514,3647.29108442948,10686.667445045681,-13378.182182208515,16248.788169518619,12254.568629052865
1,2017-08,133.872,25.61,3042394.12722741,MatoGrosso,3042394.12722741,8,2017,MatoGrosso,133.872,25.61,-4579.916220620687,5397.2233292607225,10544.12757337627,-2293.6104139067434,-560.3933437127562,-4356.102234682165,1554.6943446645416,-2414.132062969386,6921.066886687469,7127.81408506443,6875.786849459384,766.2510394199994,6044.556277207415,236.48568196462247,8027.972722629356,-5726.556278696367,-6369.6667812688265,-5291.148339815958,-8551.79996233534,4902.311178288943
2,2017-09,195.392,25.59,3042394.12722741,MatoGrosso,3042394.12722741,9,2017,MatoGrosso,195.392,25.59,-3397.8225132844173,-4423.629691923779,16105.0669850495,-8909.116754017803,-6244.968857536901,3445.7882690580436,-9620.431979725417,8567.32545871102,3262.244276375408,4495.010695943457,-6987.264212247975,-3946.8238882448177,5313.373922439208,3658.5942710904524,1273.6265031816502,7867.245004357822,3662.762901636608,5735.945229079209,21145.259018901932,-10873.168053135098
3,2017-10,144.279,25.93,3042394.12722741,MatoGrosso,3042394.12722741,10,2017,MatoGrosso,144.279,25.93,-3.750150905500959,-15715.37273681842,1461.956908863625,14372.217479544623,1150.975503899399,-5608.7245209257435,7901.75516694019,5257.765467525282,16714.913703416358,-1739.9185793246197,-152.85996912381756,8575.402143976815,-4012.305238578173,6465.126556110783,2077.393391880592,4344.436594572942,2882.44187075447,13331.300807135442,9402.011908416916,-5254.959428694326
4,2017-11,96.549,26.53,3042394.12722741,MatoGrosso,3042394.12722741,11,2017,MatoGrosso,96.549,26.53,2202.251864803827,-5359.828666743551,3612.808018167357,162.95903515396662,-20944.2000616974,5479.452287971943,-3967.411562357875,10229.987874657942,-5007.080949044595,-3844.7155635045133,18860.49037269444,6195.444352853408,112.59584796385457,20602.595833506228,-10170.80217138687,1329.092486214262,-890.3300947990601,-366.5139258447357,17102.427376394135,505.7281325455076
5,2017-12,128.968,26.28,3042394.12722741,MatoGrosso,3042394.12722741,12,2017,MatoGrosso,128.968,26.28,-3058.099808118972,7891.979214129228,8280.19493159614,4989.209051078875,-7795.155916728301,-3441.793798162492,5659.552345835689,-5475.515070294871,-8322.111319943197,13803.526865687869,10433.76997577047,-6348.757038911692,-435.1198017208326,-2525.9951925802834,8069.666287167522,12821.255787042302,7659.852600229675,4724.865110712983,-10744.079436230808,-5224.489086902769
0,2017-07,17.162,13.6,21908005.3518378,MinasGerais,21908005.3518378,7,2017,MinasGerais,17.162,13.6,13277.229328277117,9909.401951138245,9397.888137635146,1559.2625517553536,-4885.670781662408,602.1401245804705,-9398.050529520166,3433.448349846588,3648.9327835642052,2484.720550794825,4487.393229825533,2042.8698137450715,17260.615532860775,-16185.949735097092,-5024.298093547531,8234.142481414954,5883.1734827956625,12649.626911408315,3997.5967858586027,5015.469575634545
1,2017-08,98.439,15.2,21908005.3518378,MinasGerais,21908005.3518378,8,2017,MinasGerais,98.439,15.2,-5724.514236339901,26035.625590807023,2916.9229584690343,9150.490694562928,1990.4042920639322,3659.817033535258,-7296.558884936112,-2520.5577400774528,14238.614675949746,-4509.598407957436,-2191.5881824818844,3328.663930168053,-4702.8368719768005,8930.974461442642,9050.559027165145,-17908.231222769406,-4730.261450402921,6954.7817478037605,830.8849362338115,-6186.744985030982
2,2017-09,74.094,19.38,21908005.3518378,MinasGerais,21908005.3518378,9,2017,MinasGerais,74.094,19.38,6546.737695072154,8925.2091611764,1832.8293042324515,3647.53006290036,-2404.4984406534236,-17360.098129236474,6709.094345479107,-4179.176301773028,-3583.4199581802036,5802.789325386362,-8212.128647225325,2700.31805349598,-3223.3003111958155,-2861.256267391343,578.3955285191914,1369.970271800745,6252.662271271422,27005.588020259034,14285.414985855004,-6346.718472771212
3,2017-10,165.5,18.22,21908005.3518378,MinasGerais,21908005.3518378,10,2017,MinasGerais,165.5,18.22,10490.142542403815,2626.957837156478,12465.506257134934,11545.057061030055,-4630.399954945919,27196.77954236432,-12580.72293747266,-8957.279057239526,-5273.48784771383,1768.4192528228778,-4732.478598702384,9738.352706628573,16576.924363286973,12169.115841911967,4269.586279107606,1607.453782938241,-16732.84770115001,8741.273932419266,-9997.185809188553,-5586.649064870397
4,2017-11,190.797,18.41,21908005.3518378,MinasGerais,21908005.3518378,11,2017,MinasGerais,190.797,18.41,5596.36920061962,17364.319351328166,-3854.815359264133,4362.066881443755,-13225.130592154579,-5959.526383973106,4929.535338175612,-8883.983249001772,696.4480675329378,2159.9878051055216,11570.624412907262,5341.737922460015,6257.90544261067,18330.874639037575,-1624.303378666148,5117.7630074739955,-183.28772027120021,2573.7279553825265,-3880.1458261661255,9342.237428485656
5,2017-12,229.044,20.98,21908005.3518378,MinasGerais,21908005.3518378,12,2017,MinasGerais,229.044,20.98,-5986.055700526725,-20245.647781365726,14557.702682667044,1322.1227121958507,-7888.029442620254,6204.744983057237,-4958.6361286206175,3541.6174692802756,-96.01311250757453,5202.40998573029,-2486.473585119473,-8345.069223267954,4855.043007318087,6204.654549414579,-6270.482744205333,-1662.629030365326,5799.455758495958,-16228.878031492939,20975.369219411685,2307.309922648918
0,2017-07,137.415,25.15,7599357.33724809,Para,7599357.33724809,7,2017,Para,137.415,25.15,4342.401798038745,-11346.82331824916,-5493.29975494892,4919.631773590379,2179.857949979182,-12312.07288501412,402.4280479015056,9556.651742676568,7547.353366388042,3703.594344686389,-760.2740045608857,5400.401795490678,-316.8056127572827,13734.709420511328,10447.440940667482,-1982.7294629462967,-13418.161534986142,4881.332841117052,12225.15915365393,18807.413149253265
1,2017-08,29.787,26.67,7599357.33724809,Para,7599357.33724809,8,2017,Para,29.787,26.67,-2625.835486440966,3243.4432320518226,-32944.910139230225,4152.64831038615,3207.756055488887,3364.181218441081,40.26117493543529,5112.253227217801,5037.983990342438,13824.95511209799,2274.940928759352,-1443.8297158527835,-982.1276038255855,-3251.0723922460334,11357.787285553235,4947.819763517793,9446.232747767086,17451.702191472963,1955.3369066133653,-6335.9098052623485
2,2017-09,33.397,27.61,7599357.33724809,Para,7599357.33724809,9,2017,Para,33.397,27.61,-570.6199628847137,17182.707226661223,-3077.0404612437624,6252.028718809551,-11679.775047017927,3220.0040315146302,17260.932583132657,-10827.44167479632,10392.74883048349,4031.0647418056956,7890.490719473308,-11479.4430238349,-10285.347330151106,-1352.7153947392708,1084.6061969793564,-1109.8802873332788,-8039.917200436261,-6037.301202782405,-20521.33530737323,-12273.37406165686
3,2017-10,27.463,27.93,7599357.33724809,Para,7599357.33724809,10,2017,Para,27.463,27.93,-6235.42487558339,1358.92510220564,-1750.8072409973256,-859.8590475461997,5689.557293561098,-738.7930739539252,6127.083999468232,6101.124205409676,-14686.668362014261,17819.246675123184,2361.974383037693,-7710.227976625328,-4979.656336841811,6418.571467466997,4758.5306297373245,11512.713006989965,-13186.480779011068,-5675.625313845529,14148.69062463281,8781.626788880174
4,2017-11,29.48,27.95,7599357.33724809,Para,7599357.33724809,11,2017,Para,29.48,27.95,6412.211429714427,-10532.324506897403,-1886.7407681348245,-1121.6761326936876,-1325.6025061778755,3356.062671944526,719.61194061958,-14233.221121923478,-1124.2585563711286,6361.160787670539,-14643.557305229686,-6804.449615681526,-6382.227117215449,-15585.025583638366,-9062.230464023149,673.3540334686046,21058.04780783528,15514.121946904419,2208.332984159302,2634.689657865484
5,2017-12,191.133,25.81,7599357.33724809,Para,7599357.33724809,12,2017,Para,191.133,25.81,-10438.168150898273,9632.826766915314,9720.119214023556,-5131.792336990726,-3929.1010203140895,-8796.818548965377,4254.016636607185,-1009.4987043888304,-20155.801092891707,1721.9750475879957,14949.700559939447,3260.950093104262,-7378.514147916344,11961.676661809266,180.47258543839848,22472.01712254689,4703.887635975122,-7279.020493624887,-985.9143416970069,4567.281755437157
0,2017-07,4.164,18.0,3032536.51135993,Paraiba,3032536.51135993,7,2017,Paraiba,4.164,18.0,7134.80098168205,-7105.026165299716,-9806.97090846252,-4469.8584342216,-415.859004884725,2622.3474837393915,11970.62648308814,5560.696658206479,2603.702446904155,-1741.7465395899421,-13855.958764392844,6977.753975009116,10514.200572553405,3999.595313514036,-188.9045913495056,1766.962089568214,4960.9895896716835,2141.8838856414477,-8824.863834725888,2865.9248346115137
1,2017-08,61.441,20.0,3032536.51135993,Paraiba,3032536.51135993,8,2017,Paraiba,61.441,20.0,1526.4447256136204,3197.9442278178058,4717.91852999963,-1917.4180283514147,-6565.192545815717,17265.158630418267,11890.199526172153,-7373.0732217201585,14202.443539373366,-12241.293751800536,-11192.482968382286,-8416.251377372224,13565.67069162782,9716.839236907721,-3059.6078212648886,8077.103519369784,6493.790645407498,8319.595831218145,5333.947610226029,1390.1299801699613
2,2017-09,24.687,23.81,3032536.51135993,Paraiba,3032536.51135993,9,2017,Paraiba,24.687,23.81,-4004.908572428834,-11523.659848527528,-17292.90571452783,3342.6777348993564,-6404.381902256013,7230.257759843995,11926.82407524616,-8101.1287109012355,3951.519306275064,5065.7260262090695,-23722.389252081815,-7637.919637360728,11265.29055995999,-3317.990204760206,-14918.027968494938,-12215.517354742973,-1334.69270366805,5886.835066115,-3837.3976451097747,-884.3260549584847
3,2017-10,108.301,24.02,3032536.51135993,Paraiba,3032536.51135993,10,2017,Paraiba,108.301,24.02,13462.201263938365,4715.642004947327,4641.66277942101,10968.58384655724,-315.9072323834084,10896.771994832374,11850.482782945886,3332.351232166782,15302.323284162318,-4214.717427304513,3697.2395743383577,4787.075841225906,2526.947907648328,14357.729598870668,2576.4102129358207,13608.510291960929,-8155.893802782333,-1744.9348862668662,13100.803147592917,5036.593866634411
4,2017-11,177.065,22.94,3032536.51135993,Paraiba,3032536.51135993,11,2017,Paraiba,177.065,22.94,8587.324791811627,3655.3790892672114,459.745110741261,-3382.3128619248428,-5254.9338195009195,16343.278957946428,-14080.318915721771,-1700.1565136527993,-3334.213251107998,-11380.888598395875,14279.240919077232,2767.307506552272,4280.533154819812,-4959.109380005095,5206.21194725159,22446.33456923557,-2269.25274812077,-8495.840623250715,4619.428367370514,-16518.832077415387
5,2017-12,184.031,24.13,3032536.51135993,Paraiba,3032536.51135993,12,2017,Paraiba,184.031,24.13,-6303.969330196899,-16331.526558230995,4873.112714997389,10123.578825465302,10064.839011295857,14238.042956666242,-54.73458168661364,7041.842933666951,9653.483308440515,-13383.706407363286,4931.320870027104,17973.983936859157,-1986.3769408007665,1127.2471922158497,-2910.482177979359,12989.553884163255,-6562.123961693361,14318.591816349428,3078.410731644528,-3188.019193730227
0,2017-07,83.985,22.18,11596972.0803264,Parana,11596972.0803264,7,2017,Parana,83.985,22.18,1360.215508289345,-5813.864190621236,-4311.620677676402,12668.272491214622,-5129.963087090495,1879.588470567398,2275.9370014659453,2257.5388078521446,13602.780745760934,-6387.219420699324,-9553.594512484495,-8176.454669317741,-4455.570073419939,7752.115358136248,-3063.776509072528,8290.890233794915,8547.362964221173,-2287.189538734464,15288.902598634333,7304.34800293594
1,2017-08,60.404,22.51,11596972.0803264,Parana,11596972.0803264,8,2017,Parana,60.404,22.51,741.2325739709152,12956.788509147074,-211.92165420866104,16635.711895267017,-6885.670362476714,-4959.057356236583,-2378.170050267107,-3964.2554215130062,-8141.5677528002725,5424.2848187497475,3195.803839810755,-8930.315658126052,-2136.511448639764,-12040.24382777882,12016.649454512522,8090.246986835884,1951.3560290579085,3181.5698522684256,949.342341978783,16917.83811382153
2,2017-09,98.636,22.7,11596972.0803264,Parana,11596972.0803264,9,2017,Parana,98.636,22.7,24376.98977632378,2482.0727403078595,1495.8098716500665,5114.248984434002,-805.6919187166159,-11581.231853851321,-6861.145890106567,3577.258860605909,10065.253938948124,-7611.465260627976,6133.521707060532,8868.677254767874,6666.396353371763,-997.9906555651542,-12619.233889487909,25573.092868525688,9678.612672211002,770.6651490410068,1543.4520111234579,22619.45283327264
3,2017-10,42.758,24.31,11596972.0803264,Parana,11596972.0803264,10,2017,Parana,42.758,24.31,-2833.289741177356,22906.846207886156,8248.06478898853,4216.818505875428,-1294.4927056627735,-2300.6016973361516,-14607.443816848321,7568.103566357731,23187.801611335686,16748.56910208586,8028.916174752174,-15319.678219702433,-11327.709643886787,-4265.053535389454,-20513.055657916608,9329.78901926133,-2700.6666575742706,13115.015174990443,20296.96803316721,-336.9297059588466
4,2017-11,18.786,26.09,11596972.0803264,Parana,11596972.0803264,11,2017,Parana,18.786,26.09,-1751.9340592812787,-1235.8449055401748,13719.815796796276,17976.164826686818,8583.68594199076,-4448.817973984834,655.1383729562064,-458.1888669021041,-10216.108654267664,-5382.635337494317,1431.5530833562802,7584.53932232493,16115.57094136058,3083.9769834999247,5848.785439518987,-12670.914839836285,4695.830824800343,4628.194344566395,5166.931560442908,9496.695519572328
5,2017-12,33.009,26.87,11596972.0803264,Parana,11596972.0803264,12,2017,Parana,33.009,26.87,-17862.343137025775,-5328.476466010448,-9545.37274686071,9634.47252061238,-16515.52164335064,2330.4545579473256,-2217.4773592438187,-5364.832117425691,13775.572894192679,-39.95072178400005,7244.750373855923,1640.8416537115263,-2020.965761524617,-6670.340754475024,-11123.792509873936,-4512.188911929748,5790.258315285622,3586.6816257250875,-9727.87241911338,5709.340483602342
0,2017-07,0.227,26.06,6122550.05195105,Pernambuco,6122550.05195105,7,2017,Pernambuco,0.227,26.06,108.42452309438954,2939.291685558478,10113.88283289226,-4510.673204402025,1644.081479975135,-20479.31674117243,20774.76320207065,-834.28600805409,18925.30366471899,6633.261396405167,-7576.552367647977,5094.056755591477,4628.139640663858,4440.4987223228745,-45.85854047737803,-1936.0684768815472,-17186.341501073774,-4261.904492326703,7342.0761409945535,-9636.488389411103
1,2017-08,0.234,28.85,6122550.05195105,Pernambuco,6122550.05195105,8,2017,Pernambuco,0.234,28.85,-9435.250692495458,5029.059792003229,-14053.703187718456,7334.532054578061,-6302.326691492799,-2337.554324503277,2315.784693350246,12173.874458186336,19012.01753404128,16918.567524053808,1303.077159563454,-2414.1003594508425,7686.227495310758,7432.610366974371,-5839.789487557452,-3240.9885458036943,-4283.472300723641,1868.7799381920217,-9622.517926846896,-5801.084635967372
2,2017-09,0.626,30.36,6122550.05195105,Pernambuco,6122550.05195105,9,2017,Pernambuco,0.626,30.36,-2643.265932187816,-2619.2578614471863,10089.552389799352,-20179.407757203233,-14970.274564131998,567.644544937654,1024.797952413739,2881.8564801405146,-13429.726461527742,-1214.9592668172245,-5138.334549795939,-16259.664266596994,-6480.858017583684,2420.9332742195047,-16871.71448378064,1402.472892887727,-5402.7092258675975,3840.3925518663086,12860.522113552017,1093.1991091794428
3,2017-10,41.917,30.66,6122550.05195105,Pernambuco,6122550.05195105,10,2017,Pernambuco,41.917,30.66,-6950.478312916898,2488.5078963380547,2189.1696800417612,-3992.9028776024315,1325.202009447109,-4044.0667259428465,2747.3805658291553,5908.045480666399,-5790.186355676899,4975.61511312701,-17287.05960426366,-2215.7355027640688,13920.632754931588,8657.866197947136,3006.791862784389,2800.5655830191445,-1180.4363246032117,-8859.907106601631,-7234.231832811518,4564.603425147203
4,2017-11,213.042,26.42,6122550.05195105,Pernambuco,6122550.05195105,11,2017,Pernambuco,213.042,26.42,-6670.429993838965,-2300.5020978591547,-6253.7390808864175,-11919.739582510389,13828.23954270248,9548.457740334914,-5273.737282924223,13534.787300827898,7973.139149438881,2659.3288899883673,8386.689601611892,-2536.7511795670425,5618.4918475723825,13916.844875983006,6320.591778559776,-4228.899215834785,3547.150886987502,-12362.174111015043,4190.903901373878,-7909.895341720778
5,2017-12,265.398,25.81,6122550.05195105,Pernambuco,6122550.05195105,12,2017,Pernambuco,265.398,25.81,2276.0969725061955,-2392.9038212088685,-4218.699054668277,15805.992825971496,8148.602444373662,5459.939722595675,13390.811373891635,11202.629133248782,4052.2472883314645,-18002.146346994854,149.5576510397666,-8378.916590718612,862.8017220790468,-14369.207953762085,4226.978287642338,-6067.757313939272,5683.500297888313,-3737.620757441036,1771.0118697735088,10341.820740150217
0,2017-07,83.199,25.91,3360967.66738173,Piaui,3360967.66738173,7,2017,Piaui,83.199,25.91,9263.740855144455,7223.245605182163,8882.904398501269,17670.147250037215,110.09739131557399,-14347.138516446574,-2076.5650611082547,1600.7618905862748,-1706.3261443808874,5064.977401598026,-16992.489805355122,9497.405831538155,2479.395517917549,2308.314078778219,-13089.441848622675,-773.1386691791636,1909.116413702976,2440.341894833054,-3651.7144239321283,-484.6244300092876
1,2017-08,95.511,27.34,3360967.66738173,Piaui,3360967.66738173,8,2017,Piaui,95.511,27.34,7819.178244222736,552.8807383610297,7571.232991936215,-9892.21541139465,-5527.028269100543,8506.848619102779,-636.5405438919211,8843.986507509684,-2768.2284143477004,8984.12696109805,2730.0326962006493,3109.9195595234783,-6965.220849995709,12497.781489959812,5584.549047997859,-2613.5833394427896,-624.9507375592366,-4845.174791660695,17857.465845260813,-6786.664109583589
2,2017-09,157.137,26.97,3360967.66738173,Piaui,3360967.66738173,9,2017,Piaui,157.137,26.97,12754.286291473336,528.9831582596296,3259.645226293448,13825.48376019652,-3395.890126531123,1597.779059989905,10870.596920512095,7635.3853313148975,552.5562235422362,-12485.687350160386,-4882.4325635749665,3135.7518684850975,604.4302431949807,2308.6766211217837,21507.25715055596,-915.232531428745,-5661.022923208648,-15927.401540291114,-7185.857113838845,-1244.5390438364143
3,2017-10,198.623,26.38,3360967.66738173,Piaui,3360967.66738173,10,2017,Piaui,198.623,26.38,13261.167908117382,-7736.7751978213,9030.688528986055,-13367.915673383983,5572.959064529381,9389.552958933786,-11076.768700749812,-15126.747779685587,-2848.4429465378485,-1828.0984952189497,-14664.485340446163,7402.182479052863,15845.610705168016,2203.869428004719,11530.717761499936,7920.288273121107,7781.905448526,11985.357729197714,7157.249061080165,-2880.591135510797
4,2017-11,223.66,26.24,3360967.66738173,Piaui,3360967.66738173,11,2017,Piaui,223.66,26.24,1044.712689988863,-4808.856591751091,-1170.1878923404715,2553.25999216091,2541.1064093686687,-7876.37037745453,7552.254810863835,-1359.4910221753703,11336.616205793052,5878.709225329927,9864.03542177513,-14672.65846680329,9473.385677108672,6990.293123685926,-2993.427631877775,7769.130974952208,7194.374784311307,4121.094836040811,3475.8974937239946,8484.101677855062
5,2017-12,294.464,25.78,3360967.66738173,Piaui,3360967.66738173,12,2017,Piaui,294.464,25.78,23369.030364057147,-3003.0438308594544,4225.151314139228,5539.934083119404,-4921.860848231754,5088.584800191087,-13866.974341847495,9039.976626829639,4550.59355076396,-1908.6797910753585,23346.370744932698,1015.7089774495669,7675.960918127857,5171.04561982137,-12808.919247955155,7194.920857243202,9117.52149908644,-7898.712272498653,7287.002886746344,-9315.463163329097
0,2017-07,26.516,20.94,1683229.53896788,Rondonia,1683229.53896788,7,2017,Rondonia,26.516,20.94,-1293.5730147744703,11436.702966629005,14528.863397038149,-9689.845645104275,15910.73597290722,-11388.46510280501,-1920.4958858195196,21112.739537607093,8232.700664822081,8114.538336207347,-256.68353416933587,1601.6341459143441,-9438.657148267626,-8801.411012083463,12841.32502597471,5868.426658144077,2444.382115001265,10638.765948926377,4294.385823267479,8322.094086150402
1,2017-08,13.13,22.45,1683229.53896788,Rondonia,1683229.53896788,8,2017,Rondonia,13.13,22.45,-3272.418275406669,2382.9093596053913,-10134.857875172354,-11789.177541586247,-8135.895487670243,6196.562928858439,2430.5193087726047,-3396.672272605428,13499.888163736496,15864.216556777894,-3100.757548435515,9971.451724434242,1301.3447257453295,13982.715952756522,-2613.1895845684508,-9006.045314088371,1923.192207684851,7557.743965531876,-1421.8654050064956,15890.96319174236
2,2017-09,25.811,22.74,1683229.53896788,Rondonia,1683229.53896788,9,2017,Rondonia,25.811,22.74,15383.66787003585,-2283.0000574825262,1145.1612856077386,1541.040722383837,-2686.7985505428705,1555.6320584042967,-13813.789904246758,11295.504799585602,-10228.189230822416,-15391.006187819474,1601.1215740613643,14211.566234282103,1899.14924857744,-20754.426733140834,10449.228441114776,3380.3939883315884,-4728.848656631531,11594.521704559565,806.0861278099248,8608.287916001782
3,2017-10,12.525,25.55,1683229.53896788,Rondonia,1683229.53896788,10,2017,Rondonia,12.525,25.55,11434.581519797011,10748.8876350702,9292.58676461876,-5168.50633936431,14236.985182661989,11457.86839011777,7468.309002924367,4017.6376218339783,-74.0166015756547,-6086.782548786865,-1754.0056755579385,2897.3027053071714,-2538.4005072132572,-13889.454271769671,5483.490668666302,2635.674311373875,9297.65955862923,2606.7153249428898,1942.8178320380846,18339.83163199845
4,2017-11,92.798,24.99,1683229.53896788,Rondonia,1683229.53896788,11,2017,Rondonia,92.798,24.99,8473.797446487511,17266.659569175965,2964.9175321485636,-1618.2646168014307,-9040.005800503975,8196.390146237309,12669.720133545032,4905.155993513421,3460.5905435340123,-2384.0560196137944,25034.48333057796,-3385.1755106574187,-6205.3448804990985,8280.764175334652,8445.643723661678,6782.069082705382,-5451.044778089261,284.3588346422489,11703.645231855162,11434.260075553073
5,2017-12,96.162,25.48,1683229.53896788,Rondonia,1683229.53896788,12,2017,Rondonia,96.162,25.48,13751.218970498732,-7002.112012098341,-6498.280064441809,-2248.1322530786174,5067.853200504978,-5966.746445947816,-5681.129928843729,-14331.195577034121,4161.928212002718,17648.84094062937,3959.6456600822175,8305.3645516221,-1351.507153178,3373.4142152577106,850.9846197310491,16730.752066202902,17715.503926328045,5022.0166836148,-6966.858875359088,-9665.870313006839
0,2017-07,33.327,25.23,397797.722465312,Roraima,397797.722465312,7,2017,Roraima,33.327,25.23,-10924.806806480852,5813.000554573259,2160.9346644687103,-7791.3398185597125,683.9751313302895,5152.319161135927,5380.038789516682,9071.975316698854,-13124.562736959177,4418.484657812902,-452.38720421810194,7198.4244308054,-13321.707266937396,-10111.245687441471,-9641.083023266958,7058.6143301412685,609.899379225647,3892.6840120365273,-485.96531931317713,6118.510132408399
1,2017-08,1.969,27.0,397797.722465312,Roraima,397797.722465312,8,2017,Roraima,1.969,27.0,-6963.933467399813,-4155.200727813473,3947.5496519843073,7679.438508888725,9718.191627414424,-6772.291260740314,4886.8526293052255,8963.419327410687,2061.3203956847183,-12261.823377971332,1646.0333857382288,14533.593330371777,-496.9556516666387,-1534.7764980095303,-18308.490314144303,-12582.237032057881,9357.63468663705,-12808.413476782218,-3178.422971881401,751.740150471598
2,2017-09,1.411,27.46,397797.722465312,Roraima,397797.722465312,9,2017,Roraima,1.411,27.46,8104.792540652572,-16457.26086001462,-11897.205500280985,5264.853522258363,-2801.629989829379,-655.5588838406038,13714.9706840964,546.9284573316196,9213.888735818637,4470.711111098561,96.56808171596094,8087.598432000981,4013.232898004395,-17270.58397630803,-4852.606672411278,-3946.9165997031487,9584.657669167133,-4220.600261211862,-9734.694156841313,-4991.948639529774
3,2017-10,3.348,28.28,397797.722465312,Roraima,397797.722465312,10,2017,Roraima,3.348,28.28,6952.550212857156,4407.85278256559,-2350.975793341313,-3334.5531674931062,8478.76345738575,17920.170853985866,5977.024732259638,-4713.213892670632,-6503.869062679247,-5863.410313902263,18563.160880584823,964.9522981489204,727.4111323966143,-7452.850427776296,2064.0423986344435,-455.8369218608357,5473.075620963582,4558.305885475867,-3102.121199674343,-9622.505381960782
4,2017-11,5.218,28.04,397797.722465312,Roraima,397797.722465312,11,2017,Roraima,5.218,28.04,3082.4741900394215,14442.58214039508,-2005.3362988845283,-9564.21988783338,-54.8860574338687,-7268.459183470021,-1892.9756845757288,27407.320862638564,559.9398584192908,8638.902592386394,4770.206803826163,131.62690872348412,6379.887872977,-5346.355279239862,11008.032553951049,6678.283915028107,-2273.1061215579402,11566.687101519987,2600.7609815757182,13039.485284864684
5,2017-12,22.874,27.99,397797.722465312,Roraima,397797.722465312,12,2017,Roraima,22.874,27.99,4600.783782900676,7469.115001494902,9490.89122008521,10412.676532403864,9723.050864821898,-13618.204358640032,6405.222651892398,18361.023743067995,2197.069967773025,877.6882924089405,337.63442116420515,-17717.748760899944,3780.25004651626,-1193.5496265193833,-4142.152708735068,-8908.356559448428,27357.257809767198,-2146.0884699255125,30620.662826510055,7210.834690852895
0,2017-07,0.304,18.42,5584876.62046757,SantaCatarina,5584876.62046757,7,2017,SantaCatarina,0.304,18.42,-6621.995926244004,6623.304751503081,21995.132014295024,7355.292020000779,-2096.1056016507196,11641.583745336427,4846.438874619608,3223.3666088109226,3233.884591961616,16595.002714951235,-6457.589351876322,5085.359443178399,7316.323340399991,4148.808416566726,-7467.78943426353,-5418.7579857237415,-14036.201224008615,15802.25062388072,-10256.760084681346,4572.842966844925
1,2017-08,0.062,22.77,5584876.62046757,SantaCatarina,5584876.62046757,8,2017,SantaCatarina,0.062,22.77,11908.039946997209,10121.39988832186,3789.925048485393,-6729.1023208090155,-13468.602071745441,7414.00042643088,477.20680951156737,189.83137607168987,8353.723357879393,23941.758924573285,5387.561999811141,-3806.432966294451,-4295.904620075986,-9847.510479135575,-14222.170628900323,6881.36612459688,13460.320622973306,-12317.815481294558,-1816.4950856311211,-2633.100266029841
2,2017-09,13.206,22.83,5584876.62046757,SantaCatarina,5584876.62046757,9,2017,SantaCatarina,13.206,22.83,9373.511387263055,-3229.3368572073337,1295.8466490581754,-5462.452943087277,9458.05463590248,1258.9869161695956,6228.264186158731,2206.8417401467154,16314.610456216382,13872.345674108481,-4770.649447982461,-21132.666940576157,6823.87530924298,-776.7091538603645,17923.6706441455,10717.034640199914,-3980.9931387541815,10033.2180474162,23096.89474246035,6858.128118549917
3,2017-10,56.38,25.61,5584876.62046757,SantaCatarina,5584876.62046757,10,2017,SantaCatarina,56.38,25.61,1436.9145941604322,5957.142834454595,-496.9442746530399,9041.62364403509,-8005.359589060145,-395.3956145523207,2410.1893860557398,-2749.1247007461548,-2732.98749963986,1895.5745378169463,18314.15863436358,3839.591300296002,-1241.9901153908595,-269.6102257125883,2984.2668797226825,19644.798376780458,3568.9120815861024,8488.950739683456,23546.030244385114,3882.5884312644594
4,2017-11,200.302,22.44,5584876.62046757,SantaCatarina,5584876.62046757,11,2017,SantaCatarina,200.302,22.44,9935.68877405384,-8840.938515546142,-9161.78640919619,-12546.521339692561,-8084.587845596526,1842.7393854469742,-7864.493747185917,-10167.782314124022,930.5384474174875,6203.053435054804,-6448.282810052216,-6617.016081576182,-11134.7455835338,5649.103413064052,611.200768599233,-9133.401237333968,1425.5638954471258,8167.963810581604,-7812.416859347807,11714.293066001374
5,2017-12,379.603,22.29,5584876.62046757,SantaCatarina,5584876.62046757,12,2017,SantaCatarina,379.603,22.29,6899.2211079124245,5789.235289729599,20861.564962885735,781.2988114312793,-2642.359703055652,7868.11875764708,-1115.2823560670295,-8887.463404834885,4547.370805991053,-2694.853416328632,-612.3911378156031,6867.595300165916,-8357.084808792599,-2257.803318549165,9199.888350996811,-12060.208595326134,-10998.268044291966,8474.18068935932,15078.995702881977,-3403.3602540652937
0,2017-07,42.714,18.86,44967541.0592113,SaoPaulo,44967541.0592113,7,2017,SaoPaulo,42.714,18.86,-1375.4559350832951,17264.14003438026,6701.0575534713735,-2439.9111917313926,-4512.826767228546,8927.218034693364,-2981.6981451281204,1346.9144109211572,-15643.342016987082,6782.043256824896,3066.133097502594,51.29954151835727,-6665.835158579641,4501.635411005737,-1615.692219273043,-6556.8520553069975,-484.33749891992284,16916.679113698843,5197.074040692676,-3552.5524192869057
1,2017-08,10.319,19.75,44967541.0592113,SaoPaulo,44967541.0592113,8,2017,SaoPaulo,10.319,19.75,11211.798940451785,5288.294362436486,9657.589043188456,-12183.202966993202,12560.928947998604,11719.4884559089,-1544.0221487722838,6294.839643657855,6459.135619224863,-5501.97898873048,-12793.862664302516,-9361.215484900498,21774.835367083957,-5889.824468584959,-21516.740227746304,9906.085497748421,20076.502275208502,16864.463923487536,1664.7731983451467,-1663.1022209825283
2,2017-09,24.226,20.97,44967541.0592113,SaoPaulo,44967541.0592113,9,2017,SaoPaulo,24.226,20.97,1828.18242902583,-5783.8095792565455,-256.39994897733686,-12537.910755908237,16251.5843672696,2111.9384877494895,-6472.701442866817,-9596.261516659819,6553.420668904304,5720.985841684204,2363.109427455192,-2148.195441075262,10855.39713498732,3848.371814786337,-13664.981209656482,9923.18971927632,-6596.474312162376,-11155.086576164998,-1455.3278139127638,-11436.453005836936
3,2017-10,47.043,23.89,44967541.0592113,SaoPaulo,44967541.0592113,10,2017,SaoPaulo,47.043,23.89,4415.111164507009,2384.62774645503,1016.9439800859469,-13450.398371247556,-469.17742862820705,18291.977178706613,3925.766236030835,2682.500074387514,-836.876293436681,7512.989852591423,10304.668730515581,-6844.02348574789,-3289.5337458388135,-1084.0124079751445,141.17014799990602,-1210.8490428242376,6640.6921787127285,7435.567027059931,-6387.768212594296,9173.151956508007
4,2017-11,162.299,22.83,44967541.0592113,SaoPaulo,44967541.0592113,11,2017,SaoPaulo,162.299,22.83,-2471.8723768134873,17378.255674954147,-13395.218317778903,-611.0526853583124,12079.441078821596,-6770.029944479224,10291.920016843807,5131.077609003281,11572.829333882575,-1413.8843468554355,-503.3528473693391,-360.3390647122151,5215.933164066501,7441.040557495382,4497.153502955847,-9834.064602398445,17280.34097892034,2732.86537541433,15656.260357563297,-2899.166949275194
5,2017-12,249.561,23.9,44967541.0592113,SaoPaulo,44967541.0592113,12,2017,SaoPaulo,249.561,23.9,1075.574848173762,-22260.342678588015,-7900.149734766617,8476.200096276854,10268.24630356252,-1450.203855913332,1065.1843194912701,7328.468117405315,-2195.9602339241624,8188.117112563994,-5048.121428870736,22188.22606318279,514.7667722578212,15719.361268062967,8013.692340365538,8478.437758651966,13516.847292787788,8890.703063223677,-902.393159795206,6173.617617269477
0,2017-07,0.082,21.39,2322750.88176009,Sergipe,2322750.88176009,7,2017,Sergipe,0.082,21.39,198.59018983122314,-13919.832015823506,-6526.469770725233,-459.4862118630276,4811.499214812984,11378.822746207417,-3436.242012848427,10899.391941132792,4257.604257205423,5605.077143292148,7680.44292128113,5204.44639787391,-10216.47660700747,-987.3486837298487,4828.052441144887,-3325.8583214001706,2739.499933458552,-11709.570747984691,1815.598827376779,2525.7468590393414
1,2017-08,2.73,25.27,2322750.88176009,Sergipe,2322750.88176009,8,2017,Sergipe,2.73,25.27,6254.375209142587,17572.80550276055,4264.3593756275695,-5445.156418857801,15185.527679952282,-7006.200470816631,9659.049267562792,-484.8145432731835,3474.847905069618,3760.1564496938963,7285.792136204438,10932.111836232281,3016.1824597510204,4751.919910420179,3606.0435057842237,-2668.991161509352,14365.585666133857,9724.013826189088,6978.434802067126,-5437.118077440384
2,2017-09,7.075,26.71,2322750.88176009,Sergipe,2322750.88176009,9,2017,Sergipe,7.075,26.71,-2538.26573047997,7577.717230052876,8271.471541820496,2936.9442842820613,9558.5430251253,-75.83980751965464,-4072.1779219198147,8449.312610987303,-10059.350311819608,6129.22912319261,-7190.869108550429,11749.025524187513,12132.126796037799,7918.7925130470885,11557.82095691735,-1739.1112102966695,17797.45719922823,-8695.670421710238,2656.25688499629,9406.806891739156
3,2017-10,60.897,28.07,2322750.88176009,Sergipe,2322750.88176009,10,2017,Sergipe,60.897,28.07,-10915.81573958402,-7783.458776757472,-8009.420019105024,7484.809802288193,1824.1974365608612,12758.009003066065,6227.172994532308,1801.354846631969,-3876.2163906003684,-1600.6996944829384,-131.3339251884704,4071.14017358878,23069.733358365418,3433.2070099682333,11363.590985446745,-5966.603684843831,12751.583166849248,13472.211501792164,-3029.404390844736,7402.001320703062
4,2017-11,233.408,24.61,2322750.88176009,Sergipe,2322750.88176009,11,2017,Sergipe,233.408,24.61,-2039.5234181988453,-1506.7530831210224,-1638.5915758953165,-12501.788752338323,-12337.863561440014,5049.1129005826315,4660.679706228918,4150.919582513921,-3676.4225381550896,-6476.441936621275,6278.451159758004,6204.069240767909,813.5689648019684,-12092.28613839216,1277.2381922855454,13398.024985300544,6394.074179741696,15839.210633723109,9964.229259744468,4083.6774361669377
5,2017-12,305.232,24.18,2322750.88176009,Sergipe,2322750.88176009,12,2017,Sergipe,305.232,24.18,2853.493278798164,-7177.626715827191,8728.843896282939,2925.4727115341952,-6265.566947775917,-5135.8553218584275,-1398.6604179603814,17375.91463471206,14157.613546521285,8328.551108464631,7351.976309739155,20225.76048679084,31.96926042238738,-12371.178883852594,18610.170795819875,-3845.4161789137447,7472.204847239569,4528.40728688536,16651.684578258744,4402.238184565677
0,2017-07,14.852,26.78,1313317.37805607,Tocantins,1313317.37805607,7,2017,Tocantins,14.852,26.78,-14288.553767913405,5339.0186221452095,-4764.671740243091,754.30423514924,3758.3856879192704,8845.440039459801,-1504.7625017319988,12442.74753930247,6728.251103156659,-452.28783519732065,9355.619647991894,-4817.528995928667,7645.460715727271,9358.039547081748,-17132.542957106114,7429.469480384385,-3347.346311722929,7322.157693366766,3606.326092728681,9492.126356194074
1,2017-08,6.803,28.23,1313317.37805607,Tocantins,1313317.37805607,8,2017,Tocantins,6.803,28.23,-7085.904675006674,15301.47349039957,-9419.932891474196,-5032.102884961014,5854.557998216391,-11138.339815758683,-688.5889761967053,-4397.4156918982535,-8051.910891485424,1392.9824595457808,11769.74037765766,-4206.301063529016,-3522.431280361389,1202.9931396145128,-356.609259973741,-10946.45859535722,14340.954982057028,-5428.564934969976,8166.2000260765635,6534.754265732976
2,2017-09,4.328,29.27,1313317.37805607,Tocantins,1313317.37805607,9,2017,Tocantins,4.328,29.27,-5068.129534656189,-4536.981252169173,-19595.94593249415,-2180.95157536681,11303.035603521314,6202.506344168986,4188.741166961435,5571.161244907317,11024.821980454451,-15298.50726667977,-13824.223770346163,-5822.116368130685,6051.887389932113,4471.6003633884175,3944.971700928604,-13469.002638473798,-4563.152853669234,9171.642660867476,19237.69508957432,-39.014328506648326
3,2017-10,24.797,29.76,1313317.37805607,Tocantins,1313317.37805607,10,2017,Tocantins,24.797,29.76,-4430.605440113493,14787.372047471079,-7731.18145762224,15593.255214018896,439.20460312944203,-2179.4155869892106,83.85692062126213,13427.798839521583,1182.8824533961772,-8077.728422209532,12767.337994878759,5560.3674856925945,-305.0701618420328,-18711.000764665405,14546.997139272375,-9888.110556818283,1545.0880814524292,-10491.58592632311,2500.7489529049676,3830.0034159871266
4,2017-11,58.042,27.97,1313317.37805607,Tocantins,1313317.37805607,11,2017,Tocantins,58.042,27.97,-8823.403782861285,-10489.723217509385,-2743.6767682394734,-15081.857053174605,12110.913163445015,-2080.1584693576588,769.4049151828827,9928.970643904495,6276.6039915049405,-489.22954069155867,14536.349577544652,5069.939963686714,-10334.946985357197,9121.305289298512,13367.15309002573,8506.039741658755,-4625.424906271512,-5658.0798974299905,-2459.7721803162826,-15685.935499761068
5,2017-12,135.654,27.02,1313317.37805607,Tocantins,1313317.37805607,12,2017,Tocantins,135.654,27.02,12442.57587047958,-7051.772624225452,14334.593841586204,-8700.820839561451,12857.617066795365,4312.62309847076,-5264.230695283798,8292.922508693442,-15556.93673699573,2466.868387881863,-15783.794200218706,-1645.062590247388,4622.240011166124,6703.468676949297,6972.632391667724,-21206.846292087037,3706.2837192286433,5157.476802995599,-2668.73572849432,7358.544807654224
