{
  "headers": [
    {
      "name": "dx",
      "column": "Data",
      "valueType": "TEXT",
      "type": "java.lang.String",
      "hidden": false,
      "meta": true
    },
    {
      "name": "ou",
      "column": "Organisation unit",
      "valueType": "TEXT",
      "type": "java.lang.String",
      "hidden": false,
      "meta": true
    },
    {
      "name": "pe",
      "column": "Period",
      "valueType": "TEXT",
      "type": "java.lang.String",
      "hidden": false,
      "meta": true
    },
    {
      "name": "value",
      "column": "Value",
      "valueType": "NUMBER",
      "type": "java.lang.Double",
      "hidden": false,
      "meta": false
    }
  ],
  "metaData": {
    "items": {
      "201801": {
        "name": "January 2018"
      },
      "201802": {
        "name": "February 2018"
      },
      "201803": {
        "name": "March 2018"
      },
      "201804": {
        "name": "April 2018"
      },
      "201805": {
        "name": "May 2018"
      },
      "201806": {
        "name": "June 2018"
      },
      "201807": {
        "name": "July 2018"
      },
      "201808": {
        "name": "August 2018"
      },
      "201809": {
        "name": "September 2018"
      },
      "201810": {
        "name": "October 2018"
      },
      "201811": {
        "name": "November 2018"
      },
      "201812": {
        "name": "December 2018"
      },
      "201901": {
        "name": "January 2019"
      },
      "201902": {
        "name": "February 2019"
      },
      "201903": {
        "name": "March 2019"
      },
      "201904": {
        "name": "April 2019"
      },
      "201905": {
        "name": "May 2019"
      },
      "201906": {
        "name": "June 2019"
      },
      "201907": {
        "name": "July 2019"
      },
      "201908": {
        "name": "August 2019"
      },
      "201909": {
        "name": "September 2019"
      },
      "201910": {
        "name": "October 2019"
      },
      "201911": {
        "name": "November 2019"
      },
      "201912": {
        "name": "December 2019"
      },
      "202001": {
        "name": "January 2020"
      },
      "202002": {
        "name": "February 2020"
      },
      "202003": {
        "name": "March 2020"
      },
      "202004": {
        "name": "April 2020"
      },
      "202005": {
        "name": "May 2020"
      },
      "202006": {
        "name": "June 2020"
      },
      "202007": {
        "name": "July 2020"
      },
      "202008": {
        "name": "August 2020"
      },
      "202009": {
        "name": "September 2020"
      },
      "202010": {
        "name": "October 2020"
      },
      "202011": {
        "name": "November 2020"
      },
      "202012": {
        "name": "December 2020"
      },
      "202101": {
        "name": "January 2021"
      },
      "202102": {
        "name": "February 2021"
      },
      "202103": {
        "name": "March 2021"
      },
      "202104": {
        "name": "April 2021"
      },
      "202105": {
        "name": "May 2021"
      },
      "202106": {
        "name": "June 2021"
      },
      "202107": {
        "name": "July 2021"
      },
      "202108": {
        "name": "August 2021"
      },
      "202109": {
        "name": "September 2021"
      },
      "202110": {
        "name": "October 2021"
      },
      "202111": {
        "name": "November 2021"
      },
      "202112": {
        "name": "December 2021"
      },
      "202201": {
        "name": "January 2022"
      },
      "202202": {
        "name": "February 2022"
      },
      "202203": {
        "name": "March 2022"
      },
      "202204": {
        "name": "April 2022"
      },
      "202205": {
        "name": "May 2022"
      },
      "202206": {
        "name": "June 2022"
      },
      "202207": {
        "name": "July 2022"
      },
      "202208": {
        "name": "August 2022"
      },
      "202209": {
        "name": "September 2022"
      },
      "202210": {
        "name": "October 2022"
      },
      "202211": {
        "name": "November 2022"
      },
      "202212": {
        "name": "December 2022"
      },
      "202301": {
        "name": "January 2023"
      },
      "202302": {
        "name": "February 2023"
      },
      "202303": {
        "name": "March 2023"
      },
      "202304": {
        "name": "April 2023"
      },
      "202305": {
        "name": "May 2023"
      },
      "202306": {
        "name": "June 2023"
      },
      "202307": {
        "name": "July 2023"
      },
      "202308": {
        "name": "August 2023"
      },
      "202309": {
        "name": "September 2023"
      },
      "202310": {
        "name": "October 2023"
      },
      "202311": {
        "name": "November 2023"
      },
      "202312": {
        "name": "December 2023"
      },
      "202401": {
        "name": "January 2024"
      },
      "202402": {
        "name": "February 2024"
      },
      "202403": {
        "name": "March 2024"
      },
      "vq2qO3eTrNi": {
        "name": "IDSR Malaria"
      },
      "jUb8gELQApl": {
        "name": "Kailahun"
      },
      "eIQbndfxQMb": {
        "name": "Tonkolili"
      },
      "dx": {
        "name": "Data"
      },
      "fdc6uOvgoji": {
        "name": "Bombali"
      },
      "HllvX50cXC0": {
        "name": "default"
      },
      "Vth0fbpFcsO": {
        "name": "Kono"
      },
      "O6uvpzGd5pu": {
        "name": "Bo"
      },
      "bL4ooGhyHRQ": {
        "name": "Pujehun"
      },
      "kJq2mPyFEHo": {
        "name": "Kenema"
      },
      "wjP19dkFeIk": {
        "uid": "wjP19dkFeIk",
        "name": "District"
      },
      "at6UHUQatSo": {
        "name": "Western Area"
      },
      "TEQlaapDQoK": {
        "name": "Port Loko"
      },
      "PMa2VCrupOd": {
        "name": "Kambia"
      },
      "ou": {
        "name": "Organisation unit"
      },
      "pe": {
        "name": "Period"
      },
      "lc3eMKXaEfw": {
        "name": "Bonthe"
      },
      "qhqAxPSTUXp": {
        "name": "Koinadugu"
      },
      "jmIPBj66vD6": {
        "name": "Moyamba"
      }
    },
    "dimensions": {
      "dx": [
        "vq2qO3eTrNi"
      ],
      "pe": [
        "201801",
        "201802",
        "201803",
        "201804",
        "201805",
        "201806",
        "201807",
        "201808",
        "201809",
        "201810",
        "201811",
        "201812",
        "201901",
        "201902",
        "201903",
        "201904",
        "201905",
        "201906",
        "201907",
        "201908",
        "201909",
        "201910",
        "201911",
        "201912",
        "202001",
        "202002",
        "202003",
        "202004",
        "202005",
        "202006",
        "202007",
        "202008",
        "202009",
        "202010",
        "202011",
        "202012",
        "202101",
        "202102",
        "202103",
        "202104",
        "202105",
        "202106",
        "202107",
        "202108",
        "202109",
        "202110",
        "202111",
        "202112",
        "202201",
        "202202",
        "202203",
        "202204",
        "202205",
        "202206",
        "202207",
        "202208",
        "202209",
        "202210",
        "202211",
        "202212",
        "202301",
        "202302",
        "202303",
        "202304",
        "202305",
        "202306",
        "202307",
        "202308",
        "202309",
        "202310",
        "202311",
        "202312",
        "202401",
        "202402",
        "202403"
      ],
      "ou": [
        "O6uvpzGd5pu",
        "fdc6uOvgoji",
        "lc3eMKXaEfw",
        "jUb8gELQApl",
        "PMa2VCrupOd",
        "kJq2mPyFEHo",
        "qhqAxPSTUXp",
        "Vth0fbpFcsO",
        "jmIPBj66vD6",
        "TEQlaapDQoK",
        "bL4ooGhyHRQ",
        "eIQbndfxQMb",
        "at6UHUQatSo"
      ],
      "co": [
        "HllvX50cXC0"
      ]
    }
  },
  "rows": [
    [
      "vq2qO3eTrNi",
      "jUb8gELQApl",
      "202309",
      "71"
    ],
    [
      "vq2qO3eTrNi",
      "jUb8gELQApl",
      "202308",
      "52"
    ],
    [
      "vq2qO3eTrNi",
      "jUb8gELQApl",
      "202305",
      "75"
    ],
    [
      "vq2qO3eTrNi",
      "jUb8gELQApl",
      "202307",
      "112"
    ],
    [
      "vq2qO3eTrNi",
      "jUb8gELQApl",
      "202306",
      "95"
    ],
    [
      "vq2qO3eTrNi",
      "jUb8gELQApl",
      "202301",
      "73"
    ],
    [
      "vq2qO3eTrNi",
      "jUb8gELQApl",
      "202303",
      "154"
    ],
    [
      "vq2qO3eTrNi",
      "bL4ooGhyHRQ",
      "202312",
      "38"
    ],
    [
      "vq2qO3eTrNi",
      "jUb8gELQApl",
      "202302",
      "45"
    ],
    [
      "vq2qO3eTrNi",
      "bL4ooGhyHRQ",
      "202311",
      "126"
    ],
    [
      "vq2qO3eTrNi",
      "jUb8gELQApl",
      "202310",
      "59"
    ],
    [
      "vq2qO3eTrNi",
      "O6uvpzGd5pu",
      "202308",
      "71"
    ],
    [
      "vq2qO3eTrNi",
      "O6uvpzGd5pu",
      "202309",
      "141"
    ],
    [
      "vq2qO3eTrNi",
      "O6uvpzGd5pu",
      "202306",
      "139"
    ],
    [
      "vq2qO3eTrNi",
      "eIQbndfxQMb",
      "202211",
      "111"
    ],
    [
      "vq2qO3eTrNi",
      "O6uvpzGd5pu",
      "202307",
      "168"
    ],
    [
      "vq2qO3eTrNi",
      "eIQbndfxQMb",
      "202210",
      "80"
    ],
    [
      "vq2qO3eTrNi",
      "O6uvpzGd5pu",
      "202305",
      "116"
    ],
    [
      "vq2qO3eTrNi",
      "O6uvpzGd5pu",
      "202302",
      "68"
    ],
    [
      "vq2qO3eTrNi",
      "bL4ooGhyHRQ",
      "202309",
      "87"
    ],
    [
      "vq2qO3eTrNi",
      "O6uvpzGd5pu",
      "202303",
      "173"
    ],
    [
      "vq2qO3eTrNi",
      "bL4ooGhyHRQ",
      "202308",
      "31"
    ],
    [
      "vq2qO3eTrNi",
      "bL4ooGhyHRQ",
      "202307",
      "98"
    ],
    [
      "vq2qO3eTrNi",
      "bL4ooGhyHRQ",
      "202306",
      "98"
    ],
    [
      "vq2qO3eTrNi",
      "bL4ooGhyHRQ",
      "202305",
      "52"
    ],
    [
      "vq2qO3eTrNi",
      "bL4ooGhyHRQ",
      "202303",
      "133"
    ],
    [
      "vq2qO3eTrNi",
      "bL4ooGhyHRQ",
      "202302",
      "43"
    ],
    [
      "vq2qO3eTrNi",
      "bL4ooGhyHRQ",
      "202301",
      "53"
    ],
    [
      "vq2qO3eTrNi",
      "bL4ooGhyHRQ",
      "202310",
      "49"
    ],
    [
      "vq2qO3eTrNi",
      "jmIPBj66vD6",
      "202309",
      "100"
    ],
    [
      "vq2qO3eTrNi",
      "jmIPBj66vD6",
      "202307",
      "138"
    ],
    [
      "vq2qO3eTrNi",
      "jmIPBj66vD6",
      "202308",
      "54"
    ],
    [
      "vq2qO3eTrNi",
      "jmIPBj66vD6",
      "202305",
      "78"
    ],
    [
      "vq2qO3eTrNi",
      "jmIPBj66vD6",
      "202306",
      "126"
    ],
    [
      "vq2qO3eTrNi",
      "jmIPBj66vD6",
      "202303",
      "106"
    ],
    [
      "vq2qO3eTrNi",
      "O6uvpzGd5pu",
      "202301",
      "70"
    ],
    [
      "vq2qO3eTrNi",
      "jmIPBj66vD6",
      "202301",
      "61"
    ],
    [
      "vq2qO3eTrNi",
      "jmIPBj66vD6",
      "202302",
      "40"
    ],
    [
      "vq2qO3eTrNi",
      "eIQbndfxQMb",
      "202212",
      "37"
    ],
    [
      "vq2qO3eTrNi",
      "bL4ooGhyHRQ",
      "202212",
      "15"
    ],
    [
      "vq2qO3eTrNi",
      "at6UHUQatSo",
      "202205",
      "74"
    ],
    [
      "vq2qO3eTrNi",
      "at6UHUQatSo",
      "202206",
      "84"
    ],
    [
      "vq2qO3eTrNi",
      "jmIPBj66vD6",
      "202312",
      "72"
    ],
    [
      "vq2qO3eTrNi",
      "at6UHUQatSo",
      "202207",
      "109"
    ],
    [
      "vq2qO3eTrNi",
      "at6UHUQatSo",
      "202208",
      "87"
    ],
    [
      "vq2qO3eTrNi",
      "jmIPBj66vD6",
      "202310",
      "61"
    ],
    [
      "vq2qO3eTrNi",
      "at6UHUQatSo",
      "202201",
      "163"
    ],
    [
      "vq2qO3eTrNi",
      "jmIPBj66vD6",
      "202311",
      "124"
    ],
    [
      "vq2qO3eTrNi",
      "at6UHUQatSo",
      "202202",
      "144"
    ],
    [
      "vq2qO3eTrNi",
      "at6UHUQatSo",
      "202203",
      "92"
    ],
    [
      "vq2qO3eTrNi",
      "at6UHUQatSo",
      "202209",
      "183"
    ],
    [
      "vq2qO3eTrNi",
      "bL4ooGhyHRQ",
      "202209",
      "99"
    ],
    [
      "vq2qO3eTrNi",
      "qhqAxPSTUXp",
      "202301",
      "42"
    ],
    [
      "vq2qO3eTrNi",
      "bL4ooGhyHRQ",
      "202208",
      "57"
    ],
    [
      "vq2qO3eTrNi",
      "bL4ooGhyHRQ",
      "202207",
      "42"
    ],
    [
      "vq2qO3eTrNi",
      "qhqAxPSTUXp",
      "202303",
      "68"
    ],
    [
      "vq2qO3eTrNi",
      "bL4ooGhyHRQ",
      "202206",
      "60"
    ],
    [
      "vq2qO3eTrNi",
      "qhqAxPSTUXp",
      "202302",
      "45"
    ],
    [
      "vq2qO3eTrNi",
      "bL4ooGhyHRQ",
      "202205",
      "49"
    ],
    [
      "vq2qO3eTrNi",
      "bL4ooGhyHRQ",
      "202203",
      "56"
    ],
    [
      "vq2qO3eTrNi",
      "bL4ooGhyHRQ",
      "202202",
      "113"
    ],
    [
      "vq2qO3eTrNi",
      "bL4ooGhyHRQ",
      "202201",
      "65"
    ],
    [
      "vq2qO3eTrNi",
      "qhqAxPSTUXp",
      "202309",
      "60"
    ],
    [
      "vq2qO3eTrNi",
      "bL4ooGhyHRQ",
      "202211",
      "84"
    ],
    [
      "vq2qO3eTrNi",
      "qhqAxPSTUXp",
      "202308",
      "25"
    ],
    [
      "vq2qO3eTrNi",
      "bL4ooGhyHRQ",
      "202210",
      "46"
    ],
    [
      "vq2qO3eTrNi",
      "at6UHUQatSo",
      "202210",
      "93"
    ],
    [
      "vq2qO3eTrNi",
      "at6UHUQatSo",
      "202211",
      "121"
    ],
    [
      "vq2qO3eTrNi",
      "qhqAxPSTUXp",
      "202305",
      "55"
    ],
    [
      "vq2qO3eTrNi",
      "jmIPBj66vD6",
      "202208",
      "43"
    ],
    [
      "vq2qO3eTrNi",
      "jmIPBj66vD6",
      "202209",
      "114"
    ],
    [
      "vq2qO3eTrNi",
      "qhqAxPSTUXp",
      "202307",
      "86"
    ],
    [
      "vq2qO3eTrNi",
      "jmIPBj66vD6",
      "202206",
      "45"
    ],
    [
      "vq2qO3eTrNi",
      "qhqAxPSTUXp",
      "202306",
      "80"
    ],
    [
      "vq2qO3eTrNi",
      "jmIPBj66vD6",
      "202207",
      "65"
    ],
    [
      "vq2qO3eTrNi",
      "TEQlaapDQoK",
      "202211",
      "83"
    ],
    [
      "vq2qO3eTrNi",
      "jmIPBj66vD6",
      "202205",
      "54"
    ],
    [
      "vq2qO3eTrNi",
      "TEQlaapDQoK",
      "202210",
      "51"
    ],
    [
      "vq2qO3eTrNi",
      "jmIPBj66vD6",
      "202202",
      "97"
    ],
    [
      "vq2qO3eTrNi",
      "jmIPBj66vD6",
      "202203",
      "55"
    ],
    [
      "vq2qO3eTrNi",
      "at6UHUQatSo",
      "202212",
      "48"
    ],
    [
      "vq2qO3eTrNi",
      "jmIPBj66vD6",
      "202201",
      "142"
    ],
    [
      "vq2qO3eTrNi",
      "TEQlaapDQoK",
      "202212",
      "23"
    ],
    [
      "vq2qO3eTrNi",
      "kJq2mPyFEHo",
      "202208",
      "69"
    ],
    [
      "vq2qO3eTrNi",
      "kJq2mPyFEHo",
      "202209",
      "152"
    ],
    [
      "vq2qO3eTrNi",
      "PMa2VCrupOd",
      "202212",
      "27"
    ],
    [
      "vq2qO3eTrNi",
      "kJq2mPyFEHo",
      "202205",
      "87"
    ],
    [
      "vq2qO3eTrNi",
      "kJq2mPyFEHo",
      "202206",
      "72"
    ],
    [
      "vq2qO3eTrNi",
      "PMa2VCrupOd",
      "202210",
      "66"
    ],
    [
      "vq2qO3eTrNi",
      "kJq2mPyFEHo",
      "202207",
      "79"
    ],
    [
      "vq2qO3eTrNi",
      "PMa2VCrupOd",
      "202211",
      "77"
    ],
    [
      "vq2qO3eTrNi",
      "kJq2mPyFEHo",
      "202211",
      "118"
    ],
    [
      "vq2qO3eTrNi",
      "kJq2mPyFEHo",
      "202212",
      "31"
    ],
    [
      "vq2qO3eTrNi",
      "fdc6uOvgoji",
      "202201",
      "167"
    ],
    [
      "vq2qO3eTrNi",
      "eIQbndfxQMb",
      "202309",
      "102"
    ],
    [
      "vq2qO3eTrNi",
      "eIQbndfxQMb",
      "202308",
      "64"
    ],
    [
      "vq2qO3eTrNi",
      "kJq2mPyFEHo",
      "202210",
      "68"
    ],
    [
      "vq2qO3eTrNi",
      "fdc6uOvgoji",
      "202206",
      "57"
    ],
    [
      "vq2qO3eTrNi",
      "eIQbndfxQMb",
      "202305",
      "88"
    ],
    [
      "vq2qO3eTrNi",
      "fdc6uOvgoji",
      "202207",
      "103"
    ],
    [
      "vq2qO3eTrNi",
      "at6UHUQatSo",
      "202305",
      "124"
    ],
    [
      "vq2qO3eTrNi",
      "fdc6uOvgoji",
      "202208",
      "62"
    ],
    [
      "vq2qO3eTrNi",
      "eIQbndfxQMb",
      "202307",
      "160"
    ],
    [
      "vq2qO3eTrNi",
      "at6UHUQatSo",
      "202306",
      "185"
    ],
    [
      "vq2qO3eTrNi",
      "fdc6uOvgoji",
      "202209",
      "172"
    ],
    [
      "vq2qO3eTrNi",
      "eIQbndfxQMb",
      "202306",
      "175"
    ],
    [
      "vq2qO3eTrNi",
      "at6UHUQatSo",
      "202307",
      "191"
    ],
    [
      "vq2qO3eTrNi",
      "fdc6uOvgoji",
      "202202",
      "150"
    ],
    [
      "vq2qO3eTrNi",
      "eIQbndfxQMb",
      "202301",
      "90"
    ],
    [
      "vq2qO3eTrNi",
      "fdc6uOvgoji",
      "202203",
      "77"
    ],
    [
      "vq2qO3eTrNi",
      "at6UHUQatSo",
      "202301",
      "70"
    ],
    [
      "vq2qO3eTrNi",
      "eIQbndfxQMb",
      "202303",
      "202"
    ],
    [
      "vq2qO3eTrNi",
      "at6UHUQatSo",
      "202302",
      "64"
    ],
    [
      "vq2qO3eTrNi",
      "fdc6uOvgoji",
      "202205",
      "93"
    ],
    [
      "vq2qO3eTrNi",
      "eIQbndfxQMb",
      "202302",
      "88"
    ],
    [
      "vq2qO3eTrNi",
      "at6UHUQatSo",
      "202303",
      "199"
    ],
    [
      "vq2qO3eTrNi",
      "PMa2VCrupOd",
      "202209",
      "124"
    ],
    [
      "vq2qO3eTrNi",
      "at6UHUQatSo",
      "202308",
      "88"
    ],
    [
      "vq2qO3eTrNi",
      "at6UHUQatSo",
      "202309",
      "146"
    ],
    [
      "vq2qO3eTrNi",
      "PMa2VCrupOd",
      "202207",
      "50"
    ],
    [
      "vq2qO3eTrNi",
      "PMa2VCrupOd",
      "202208",
      "44"
    ],
    [
      "vq2qO3eTrNi",
      "PMa2VCrupOd",
      "202205",
      "56"
    ],
    [
      "vq2qO3eTrNi",
      "PMa2VCrupOd",
      "202206",
      "51"
    ],
    [
      "vq2qO3eTrNi",
      "PMa2VCrupOd",
      "202203",
      "46"
    ],
    [
      "vq2qO3eTrNi",
      "PMa2VCrupOd",
      "202201",
      "67"
    ],
    [
      "vq2qO3eTrNi",
      "PMa2VCrupOd",
      "202202",
      "110"
    ],
    [
      "vq2qO3eTrNi",
      "kJq2mPyFEHo",
      "202201",
      "131"
    ],
    [
      "vq2qO3eTrNi",
      "fdc6uOvgoji",
      "202310",
      "122"
    ],
    [
      "vq2qO3eTrNi",
      "kJq2mPyFEHo",
      "202202",
      "144"
    ],
    [
      "vq2qO3eTrNi",
      "fdc6uOvgoji",
      "202311",
      "190"
    ],
    [
      "vq2qO3eTrNi",
      "kJq2mPyFEHo",
      "202203",
      "86"
    ],
    [
      "vq2qO3eTrNi",
      "at6UHUQatSo",
      "202310",
      "94"
    ],
    [
      "vq2qO3eTrNi",
      "fdc6uOvgoji",
      "202312",
      "74"
    ],
    [
      "vq2qO3eTrNi",
      "at6UHUQatSo",
      "202311",
      "160"
    ],
    [
      "vq2qO3eTrNi",
      "at6UHUQatSo",
      "202312",
      "105"
    ],
    [
      "vq2qO3eTrNi",
      "fdc6uOvgoji",
      "202309",
      "139"
    ],
    [
      "vq2qO3eTrNi",
      "Vth0fbpFcsO",
      "202212",
      "30"
    ],
    [
      "vq2qO3eTrNi",
      "Vth0fbpFcsO",
      "202211",
      "51"
    ],
    [
      "vq2qO3eTrNi",
      "Vth0fbpFcsO",
      "202210",
      "68"
    ],
    [
      "vq2qO3eTrNi",
      "kJq2mPyFEHo",
      "202307",
      "170"
    ],
    [
      "vq2qO3eTrNi",
      "kJq2mPyFEHo",
      "202308",
      "71"
    ],
    [
      "vq2qO3eTrNi",
      "kJq2mPyFEHo",
      "202309",
      "126"
    ],
    [
      "vq2qO3eTrNi",
      "kJq2mPyFEHo",
      "202303",
      "174"
    ],
    [
      "vq2qO3eTrNi",
      "PMa2VCrupOd",
      "202311",
      "110"
    ],
    [
      "vq2qO3eTrNi",
      "PMa2VCrupOd",
      "202312",
      "59"
    ],
    [
      "vq2qO3eTrNi",
      "kJq2mPyFEHo",
      "202305",
      "108"
    ],
    [
      "vq2qO3eTrNi",
      "kJq2mPyFEHo",
      "202306",
      "163"
    ],
    [
      "vq2qO3eTrNi",
      "PMa2VCrupOd",
      "202310",
      "63"
    ],
    [
      "vq2qO3eTrNi",
      "kJq2mPyFEHo",
      "202310",
      "88"
    ],
    [
      "vq2qO3eTrNi",
      "kJq2mPyFEHo",
      "202311",
      "170"
    ],
    [
      "vq2qO3eTrNi",
      "kJq2mPyFEHo",
      "202312",
      "86"
    ],
    [
      "vq2qO3eTrNi",
      "eIQbndfxQMb",
      "202209",
      "171"
    ],
    [
      "vq2qO3eTrNi",
      "fdc6uOvgoji",
      "202305",
      "125"
    ],
    [
      "vq2qO3eTrNi",
      "eIQbndfxQMb",
      "202206",
      "74"
    ],
    [
      "vq2qO3eTrNi",
      "fdc6uOvgoji",
      "202306",
      "173"
    ],
    [
      "vq2qO3eTrNi",
      "eIQbndfxQMb",
      "202205",
      "103"
    ],
    [
      "vq2qO3eTrNi",
      "fdc6uOvgoji",
      "202307",
      "169"
    ],
    [
      "vq2qO3eTrNi",
      "eIQbndfxQMb",
      "202208",
      "61"
    ],
    [
      "vq2qO3eTrNi",
      "fdc6uOvgoji",
      "202308",
      "73"
    ],
    [
      "vq2qO3eTrNi",
      "eIQbndfxQMb",
      "202207",
      "82"
    ],
    [
      "vq2qO3eTrNi",
      "fdc6uOvgoji",
      "202301",
      "101"
    ],
    [
      "vq2qO3eTrNi",
      "eIQbndfxQMb",
      "202202",
      "160"
    ],
    [
      "vq2qO3eTrNi",
      "fdc6uOvgoji",
      "202302",
      "79"
    ],
    [
      "vq2qO3eTrNi",
      "eIQbndfxQMb",
      "202201",
      "182"
    ],
    [
      "vq2qO3eTrNi",
      "fdc6uOvgoji",
      "202303",
      "174"
    ],
    [
      "vq2qO3eTrNi",
      "eIQbndfxQMb",
      "202203",
      "75"
    ],
    [
      "vq2qO3eTrNi",
      "eIQbndfxQMb",
      "202310",
      "93"
    ],
    [
      "vq2qO3eTrNi",
      "PMa2VCrupOd",
      "202308",
      "41"
    ],
    [
      "vq2qO3eTrNi",
      "PMa2VCrupOd",
      "202309",
      "92"
    ],
    [
      "vq2qO3eTrNi",
      "PMa2VCrupOd",
      "202306",
      "123"
    ],
    [
      "vq2qO3eTrNi",
      "PMa2VCrupOd",
      "202307",
      "103"
    ],
    [
      "vq2qO3eTrNi",
      "PMa2VCrupOd",
      "202305",
      "83"
    ],
    [
      "vq2qO3eTrNi",
      "PMa2VCrupOd",
      "202302",
      "55"
    ],
    [
      "vq2qO3eTrNi",
      "PMa2VCrupOd",
      "202303",
      "141"
    ],
    [
      "vq2qO3eTrNi",
      "PMa2VCrupOd",
      "202301",
      "51"
    ],
    [
      "vq2qO3eTrNi",
      "kJq2mPyFEHo",
      "202301",
      "64"
    ],
    [
      "vq2qO3eTrNi",
      "kJq2mPyFEHo",
      "202302",
      "80"
    ],
    [
      "vq2qO3eTrNi",
      "eIQbndfxQMb",
      "202312",
      "103"
    ],
    [
      "vq2qO3eTrNi",
      "eIQbndfxQMb",
      "202311",
      "175"
    ],
    [
      "vq2qO3eTrNi",
      "lc3eMKXaEfw",
      "202211",
      "57"
    ],
    [
      "vq2qO3eTrNi",
      "Vth0fbpFcsO",
      "202312",
      "53"
    ],
    [
      "vq2qO3eTrNi",
      "lc3eMKXaEfw",
      "202212",
      "17"
    ],
    [
      "vq2qO3eTrNi",
      "Vth0fbpFcsO",
      "202311",
      "108"
    ],
    [
      "vq2qO3eTrNi",
      "Vth0fbpFcsO",
      "202310",
      "53"
    ],
    [
      "vq2qO3eTrNi",
      "lc3eMKXaEfw",
      "202210",
      "38"
    ],
    [
      "vq2qO3eTrNi",
      "Vth0fbpFcsO",
      "202206",
      "44"
    ],
    [
      "vq2qO3eTrNi",
      "lc3eMKXaEfw",
      "202205",
      "52"
    ],
    [
      "vq2qO3eTrNi",
      "Vth0fbpFcsO",
      "202205",
      "48"
    ],
    [
      "vq2qO3eTrNi",
      "lc3eMKXaEfw",
      "202202",
      "68"
    ],
    [
      "vq2qO3eTrNi",
      "lc3eMKXaEfw",
      "202203",
      "42"
    ],
    [
      "vq2qO3eTrNi",
      "Vth0fbpFcsO",
      "202203",
      "61"
    ],
    [
      "vq2qO3eTrNi",
      "Vth0fbpFcsO",
      "202202",
      "110"
    ],
    [
      "vq2qO3eTrNi",
      "lc3eMKXaEfw",
      "202201",
      "92"
    ],
    [
      "vq2qO3eTrNi",
      "Vth0fbpFcsO",
      "202201",
      "94"
    ],
    [
      "vq2qO3eTrNi",
      "lc3eMKXaEfw",
      "202208",
      "34"
    ],
    [
      "vq2qO3eTrNi",
      "lc3eMKXaEfw",
      "202209",
      "83"
    ],
    [
      "vq2qO3eTrNi",
      "Vth0fbpFcsO",
      "202209",
      "93"
    ],
    [
      "vq2qO3eTrNi",
      "lc3eMKXaEfw",
      "202206",
      "27"
    ],
    [
      "vq2qO3eTrNi",
      "Vth0fbpFcsO",
      "202208",
      "42"
    ],
    [
      "vq2qO3eTrNi",
      "lc3eMKXaEfw",
      "202207",
      "48"
    ],
    [
      "vq2qO3eTrNi",
      "Vth0fbpFcsO",
      "202207",
      "56"
    ],
    [
      "vq2qO3eTrNi",
      "lc3eMKXaEfw",
      "202312",
      "38"
    ],
    [
      "vq2qO3eTrNi",
      "lc3eMKXaEfw",
      "202310",
      "50"
    ],
    [
      "vq2qO3eTrNi",
      "lc3eMKXaEfw",
      "202311",
      "86"
    ],
    [
      "vq2qO3eTrNi",
      "lc3eMKXaEfw",
      "202303",
      "82"
    ],
    [
      "vq2qO3eTrNi",
      "Vth0fbpFcsO",
      "202305",
      "57"
    ],
    [
      "vq2qO3eTrNi",
      "lc3eMKXaEfw",
      "202301",
      "59"
    ],
    [
      "vq2qO3eTrNi",
      "Vth0fbpFcsO",
      "202303",
      "89"
    ],
    [
      "vq2qO3eTrNi",
      "lc3eMKXaEfw",
      "202302",
      "35"
    ],
    [
      "vq2qO3eTrNi",
      "Vth0fbpFcsO",
      "202302",
      "50"
    ],
    [
      "vq2qO3eTrNi",
      "Vth0fbpFcsO",
      "202301",
      "57"
    ],
    [
      "vq2qO3eTrNi",
      "lc3eMKXaEfw",
      "202309",
      "64"
    ],
    [
      "vq2qO3eTrNi",
      "lc3eMKXaEfw",
      "202307",
      "84"
    ],
    [
      "vq2qO3eTrNi",
      "Vth0fbpFcsO",
      "202309",
      "79"
    ],
    [
      "vq2qO3eTrNi",
      "lc3eMKXaEfw",
      "202308",
      "42"
    ],
    [
      "vq2qO3eTrNi",
      "Vth0fbpFcsO",
      "202308",
      "41"
    ],
    [
      "vq2qO3eTrNi",
      "lc3eMKXaEfw",
      "202305",
      "46"
    ],
    [
      "vq2qO3eTrNi",
      "Vth0fbpFcsO",
      "202307",
      "131"
    ],
    [
      "vq2qO3eTrNi",
      "lc3eMKXaEfw",
      "202306",
      "69"
    ],
    [
      "vq2qO3eTrNi",
      "Vth0fbpFcsO",
      "202306",
      "94"
    ],
    [
      "vq2qO3eTrNi",
      "fdc6uOvgoji",
      "202210",
      "114"
    ],
    [
      "vq2qO3eTrNi",
      "fdc6uOvgoji",
      "202211",
      "132"
    ],
    [
      "vq2qO3eTrNi",
      "fdc6uOvgoji",
      "202212",
      "55"
    ],
    [
      "vq2qO3eTrNi",
      "TEQlaapDQoK",
      "202208",
      "62"
    ],
    [
      "vq2qO3eTrNi",
      "TEQlaapDQoK",
      "202207",
      "50"
    ],
    [
      "vq2qO3eTrNi",
      "TEQlaapDQoK",
      "202206",
      "57"
    ],
    [
      "vq2qO3eTrNi",
      "TEQlaapDQoK",
      "202205",
      "73"
    ],
    [
      "vq2qO3eTrNi",
      "TEQlaapDQoK",
      "202209",
      "132"
    ],
    [
      "vq2qO3eTrNi",
      "qhqAxPSTUXp",
      "202312",
      "44"
    ],
    [
      "vq2qO3eTrNi",
      "qhqAxPSTUXp",
      "202311",
      "89"
    ],
    [
      "vq2qO3eTrNi",
      "qhqAxPSTUXp",
      "202310",
      "44"
    ],
    [
      "vq2qO3eTrNi",
      "O6uvpzGd5pu",
      "202212",
      "35"
    ],
    [
      "vq2qO3eTrNi",
      "O6uvpzGd5pu",
      "202210",
      "107"
    ],
    [
      "vq2qO3eTrNi",
      "O6uvpzGd5pu",
      "202211",
      "98"
    ],
    [
      "vq2qO3eTrNi",
      "jmIPBj66vD6",
      "202211",
      "92"
    ],
    [
      "vq2qO3eTrNi",
      "jmIPBj66vD6",
      "202212",
      "24"
    ],
    [
      "vq2qO3eTrNi",
      "TEQlaapDQoK",
      "202203",
      "48"
    ],
    [
      "vq2qO3eTrNi",
      "TEQlaapDQoK",
      "202202",
      "119"
    ],
    [
      "vq2qO3eTrNi",
      "jmIPBj66vD6",
      "202210",
      "67"
    ],
    [
      "vq2qO3eTrNi",
      "TEQlaapDQoK",
      "202201",
      "96"
    ],
    [
      "vq2qO3eTrNi",
      "qhqAxPSTUXp",
      "202202",
      "73"
    ],
    [
      "vq2qO3eTrNi",
      "qhqAxPSTUXp",
      "202201",
      "69"
    ],
    [
      "vq2qO3eTrNi",
      "qhqAxPSTUXp",
      "202203",
      "44"
    ],
    [
      "vq2qO3eTrNi",
      "jUb8gELQApl",
      "202212",
      "29"
    ],
    [
      "vq2qO3eTrNi",
      "qhqAxPSTUXp",
      "202209",
      "63"
    ],
    [
      "vq2qO3eTrNi",
      "qhqAxPSTUXp",
      "202206",
      "44"
    ],
    [
      "vq2qO3eTrNi",
      "qhqAxPSTUXp",
      "202205",
      "46"
    ],
    [
      "vq2qO3eTrNi",
      "qhqAxPSTUXp",
      "202208",
      "25"
    ],
    [
      "vq2qO3eTrNi",
      "qhqAxPSTUXp",
      "202207",
      "36"
    ],
    [
      "vq2qO3eTrNi",
      "TEQlaapDQoK",
      "202310",
      "73"
    ],
    [
      "vq2qO3eTrNi",
      "TEQlaapDQoK",
      "202312",
      "52"
    ],
    [
      "vq2qO3eTrNi",
      "TEQlaapDQoK",
      "202311",
      "125"
    ],
    [
      "vq2qO3eTrNi",
      "TEQlaapDQoK",
      "202307",
      "111"
    ],
    [
      "vq2qO3eTrNi",
      "TEQlaapDQoK",
      "202306",
      "124"
    ],
    [
      "vq2qO3eTrNi",
      "TEQlaapDQoK",
      "202305",
      "68"
    ],
    [
      "vq2qO3eTrNi",
      "jUb8gELQApl",
      "202209",
      "90"
    ],
    [
      "vq2qO3eTrNi",
      "TEQlaapDQoK",
      "202309",
      "95"
    ],
    [
      "vq2qO3eTrNi",
      "TEQlaapDQoK",
      "202308",
      "46"
    ],
    [
      "vq2qO3eTrNi",
      "jUb8gELQApl",
      "202206",
      "51"
    ],
    [
      "vq2qO3eTrNi",
      "jUb8gELQApl",
      "202205",
      "56"
    ],
    [
      "vq2qO3eTrNi",
      "qhqAxPSTUXp",
      "202212",
      "14"
    ],
    [
      "vq2qO3eTrNi",
      "jUb8gELQApl",
      "202208",
      "39"
    ],
    [
      "vq2qO3eTrNi",
      "jUb8gELQApl",
      "202207",
      "57"
    ],
    [
      "vq2qO3eTrNi",
      "jUb8gELQApl",
      "202202",
      "100"
    ],
    [
      "vq2qO3eTrNi",
      "jUb8gELQApl",
      "202201",
      "116"
    ],
    [
      "vq2qO3eTrNi",
      "qhqAxPSTUXp",
      "202211",
      "51"
    ],
    [
      "vq2qO3eTrNi",
      "jUb8gELQApl",
      "202203",
      "54"
    ],
    [
      "vq2qO3eTrNi",
      "qhqAxPSTUXp",
      "202210",
      "38"
    ],
    [
      "vq2qO3eTrNi",
      "jUb8gELQApl",
      "202211",
      "80"
    ],
    [
      "vq2qO3eTrNi",
      "jUb8gELQApl",
      "202210",
      "62"
    ],
    [
      "vq2qO3eTrNi",
      "O6uvpzGd5pu",
      "202311",
      "188"
    ],
    [
      "vq2qO3eTrNi",
      "O6uvpzGd5pu",
      "202312",
      "93"
    ],
    [
      "vq2qO3eTrNi",
      "O6uvpzGd5pu",
      "202310",
      "94"
    ],
    [
      "vq2qO3eTrNi",
      "TEQlaapDQoK",
      "202303",
      "160"
    ],
    [
      "vq2qO3eTrNi",
      "TEQlaapDQoK",
      "202302",
      "65"
    ],
    [
      "vq2qO3eTrNi",
      "TEQlaapDQoK",
      "202301",
      "63"
    ],
    [
      "vq2qO3eTrNi",
      "O6uvpzGd5pu",
      "202209",
      "180"
    ],
    [
      "vq2qO3eTrNi",
      "O6uvpzGd5pu",
      "202207",
      "78"
    ],
    [
      "vq2qO3eTrNi",
      "O6uvpzGd5pu",
      "202208",
      "61"
    ],
    [
      "vq2qO3eTrNi",
      "O6uvpzGd5pu",
      "202205",
      "77"
    ],
    [
      "vq2qO3eTrNi",
      "O6uvpzGd5pu",
      "202206",
      "89"
    ],
    [
      "vq2qO3eTrNi",
      "O6uvpzGd5pu",
      "202203",
      "72"
    ],
    [
      "vq2qO3eTrNi",
      "jUb8gELQApl",
      "202312",
      "58"
    ],
    [
      "vq2qO3eTrNi",
      "jUb8gELQApl",
      "202311",
      "145"
    ],
    [
      "vq2qO3eTrNi",
      "O6uvpzGd5pu",
      "202201",
      "184"
    ],
    [
      "vq2qO3eTrNi",
      "O6uvpzGd5pu",
      "202202",
      "144"
    ]
  ],
  "width": 4,
  "height": 286,
  "headerWidth": 4
}