{
  "headers": [
    {
      "name": "dx",
      "column": "Data",
      "valueType": "TEXT",
      "type": "java.lang.String",
      "hidden": false,
      "meta": true
    },
    {
      "name": "ou",
      "column": "Organisation unit",
      "valueType": "TEXT",
      "type": "java.lang.String",
      "hidden": false,
      "meta": true
    },
    {
      "name": "pe",
      "column": "Period",
      "valueType": "TEXT",
      "type": "java.lang.String",
      "hidden": false,
      "meta": true
    },
    {
      "name": "value",
      "column": "Value",
      "valueType": "NUMBER",
      "type": "java.lang.Double",
      "hidden": false,
      "meta": false
    }
  ],
  "metaData": {
    "items": {
      "201801": {
        "name": "January 2018"
      },
      "201802": {
        "name": "February 2018"
      },
      "201803": {
        "name": "March 2018"
      },
      "201804": {
        "name": "April 2018"
      },
      "201805": {
        "name": "May 2018"
      },
      "201806": {
        "name": "June 2018"
      },
      "201807": {
        "name": "July 2018"
      },
      "201808": {
        "name": "August 2018"
      },
      "201809": {
        "name": "September 2018"
      },
      "201810": {
        "name": "October 2018"
      },
      "201811": {
        "name": "November 2018"
      },
      "201812": {
        "name": "December 2018"
      },
      "201901": {
        "name": "January 2019"
      },
      "201902": {
        "name": "February 2019"
      },
      "201903": {
        "name": "March 2019"
      },
      "201904": {
        "name": "April 2019"
      },
      "201905": {
        "name": "May 2019"
      },
      "201906": {
        "name": "June 2019"
      },
      "201907": {
        "name": "July 2019"
      },
      "201908": {
        "name": "August 2019"
      },
      "201909": {
        "name": "September 2019"
      },
      "201910": {
        "name": "October 2019"
      },
      "201911": {
        "name": "November 2019"
      },
      "201912": {
        "name": "December 2019"
      },
      "202001": {
        "name": "January 2020"
      },
      "202002": {
        "name": "February 2020"
      },
      "202003": {
        "name": "March 2020"
      },
      "202004": {
        "name": "April 2020"
      },
      "202005": {
        "name": "May 2020"
      },
      "202006": {
        "name": "June 2020"
      },
      "202007": {
        "name": "July 2020"
      },
      "202008": {
        "name": "August 2020"
      },
      "202009": {
        "name": "September 2020"
      },
      "202010": {
        "name": "October 2020"
      },
      "202011": {
        "name": "November 2020"
      },
      "202012": {
        "name": "December 2020"
      },
      "202101": {
        "name": "January 2021"
      },
      "202102": {
        "name": "February 2021"
      },
      "202103": {
        "name": "March 2021"
      },
      "202104": {
        "name": "April 2021"
      },
      "202105": {
        "name": "May 2021"
      },
      "202106": {
        "name": "June 2021"
      },
      "202107": {
        "name": "July 2021"
      },
      "202108": {
        "name": "August 2021"
      },
      "202109": {
        "name": "September 2021"
      },
      "202110": {
        "name": "October 2021"
      },
      "202111": {
        "name": "November 2021"
      },
      "202112": {
        "name": "December 2021"
      },
      "202201": {
        "name": "January 2022"
      },
      "202202": {
        "name": "February 2022"
      },
      "202203": {
        "name": "March 2022"
      },
      "202204": {
        "name": "April 2022"
      },
      "202205": {
        "name": "May 2022"
      },
      "202206": {
        "name": "June 2022"
      },
      "202207": {
        "name": "July 2022"
      },
      "202208": {
        "name": "August 2022"
      },
      "202209": {
        "name": "September 2022"
      },
      "202210": {
        "name": "October 2022"
      },
      "202211": {
        "name": "November 2022"
      },
      "202212": {
        "name": "December 2022"
      },
      "202301": {
        "name": "January 2023"
      },
      "202302": {
        "name": "February 2023"
      },
      "202303": {
        "name": "March 2023"
      },
      "202304": {
        "name": "April 2023"
      },
      "202305": {
        "name": "May 2023"
      },
      "202306": {
        "name": "June 2023"
      },
      "202307": {
        "name": "July 2023"
      },
      "202308": {
        "name": "August 2023"
      },
      "202309": {
        "name": "September 2023"
      },
      "202310": {
        "name": "October 2023"
      },
      "202311": {
        "name": "November 2023"
      },
      "202312": {
        "name": "December 2023"
      },
      "202401": {
        "name": "January 2024"
      },
      "202402": {
        "name": "February 2024"
      },
      "202403": {
        "name": "March 2024"
      },
      "jUb8gELQApl": {
        "name": "Kailahun"
      },
      "eIQbndfxQMb": {
        "name": "Tonkolili"
      },
      "dx": {
        "name": "Data"
      },
      "fdc6uOvgoji": {
        "name": "Bombali"
      },
      "HllvX50cXC0": {
        "name": "default"
      },
      "Vth0fbpFcsO": {
        "name": "Kono"
      },
      "O6uvpzGd5pu": {
        "name": "Bo"
      },
      "bL4ooGhyHRQ": {
        "name": "Pujehun"
      },
      "kJq2mPyFEHo": {
        "name": "Kenema"
      },
      "wjP19dkFeIk": {
        "uid": "wjP19dkFeIk",
        "name": "District"
      },
      "at6UHUQatSo": {
        "name": "Western Area"
      },
      "TEQlaapDQoK": {
        "name": "Port Loko"
      },
      "WUg3MYWQ7pt": {
        "name": "Total Population"
      },
      "PMa2VCrupOd": {
        "name": "Kambia"
      },
      "ou": {
        "name": "Organisation unit"
      },
      "pe": {
        "name": "Period"
      },
      "lc3eMKXaEfw": {
        "name": "Bonthe"
      },
      "qhqAxPSTUXp": {
        "name": "Koinadugu"
      },
      "jmIPBj66vD6": {
        "name": "Moyamba"
      }
    },
    "dimensions": {
      "dx": [
        "WUg3MYWQ7pt"
      ],
      "pe": [
        "201801",
        "201802",
        "201803",
        "201804",
        "201805",
        "201806",
        "201807",
        "201808",
        "201809",
        "201810",
        "201811",
        "201812",
        "201901",
        "201902",
        "201903",
        "201904",
        "201905",
        "201906",
        "201907",
        "201908",
        "201909",
        "201910",
        "201911",
        "201912",
        "202001",
        "202002",
        "202003",
        "202004",
        "202005",
        "202006",
        "202007",
        "202008",
        "202009",
        "202010",
        "202011",
        "202012",
        "202101",
        "202102",
        "202103",
        "202104",
        "202105",
        "202106",
        "202107",
        "202108",
        "202109",
        "202110",
        "202111",
        "202112",
        "202201",
        "202202",
        "202203",
        "202204",
        "202205",
        "202206",
        "202207",
        "202208",
        "202209",
        "202210",
        "202211",
        "202212",
        "202301",
        "202302",
        "202303",
        "202304",
        "202305",
        "202306",
        "202307",
        "202308",
        "202309",
        "202310",
        "202311",
        "202312",
        "202401",
        "202402",
        "202403"
      ],
      "ou": [
        "O6uvpzGd5pu",
        "fdc6uOvgoji",
        "lc3eMKXaEfw",
        "jUb8gELQApl",
        "PMa2VCrupOd",
        "kJq2mPyFEHo",
        "qhqAxPSTUXp",
        "Vth0fbpFcsO",
        "jmIPBj66vD6",
        "TEQlaapDQoK",
        "bL4ooGhyHRQ",
        "eIQbndfxQMb",
        "at6UHUQatSo"
      ],
      "co": [
        "HllvX50cXC0"
      ]
    }
  },
  "rows": [
    [
      "WUg3MYWQ7pt",
      "at6UHUQatSo",
      "202111",
      "877617"
    ],
    [
      "WUg3MYWQ7pt",
      "jUb8gELQApl",
      "201908",
      "389362"
    ],
    [
      "WUg3MYWQ7pt",
      "jUb8gELQApl",
      "201909",
      "389362"
    ],
    [
      "WUg3MYWQ7pt",
      "at6UHUQatSo",
      "202110",
      "877617"
    ],
    [
      "WUg3MYWQ7pt",
      "jUb8gELQApl",
      "201904",
      "389362"
    ],
    [
      "WUg3MYWQ7pt",
      "jUb8gELQApl",
      "201905",
      "389362"
    ],
    [
      "WUg3MYWQ7pt",
      "jUb8gELQApl",
      "201906",
      "389362"
    ],
    [
      "WUg3MYWQ7pt",
      "jUb8gELQApl",
      "201907",
      "389362"
    ],
    [
      "WUg3MYWQ7pt",
      "at6UHUQatSo",
      "202112",
      "877617"
    ],
    [
      "WUg3MYWQ7pt",
      "jUb8gELQApl",
      "201911",
      "389362"
    ],
    [
      "WUg3MYWQ7pt",
      "O6uvpzGd5pu",
      "202303",
      "533475"
    ],
    [
      "WUg3MYWQ7pt",
      "bL4ooGhyHRQ",
      "201803",
      "247413"
    ],
    [
      "WUg3MYWQ7pt",
      "O6uvpzGd5pu",
      "202304",
      "533475"
    ],
    [
      "WUg3MYWQ7pt",
      "bL4ooGhyHRQ",
      "201804",
      "247413"
    ],
    [
      "WUg3MYWQ7pt",
      "jUb8gELQApl",
      "201912",
      "389362"
    ],
    [
      "WUg3MYWQ7pt",
      "O6uvpzGd5pu",
      "202301",
      "533475"
    ],
    [
      "WUg3MYWQ7pt",
      "bL4ooGhyHRQ",
      "201801",
      "247413"
    ],
    [
      "WUg3MYWQ7pt",
      "O6uvpzGd5pu",
      "202302",
      "533475"
    ],
    [
      "WUg3MYWQ7pt",
      "bL4ooGhyHRQ",
      "201802",
      "247413"
    ],
    [
      "WUg3MYWQ7pt",
      "jUb8gELQApl",
      "201910",
      "389362"
    ],
    [
      "WUg3MYWQ7pt",
      "O6uvpzGd5pu",
      "202309",
      "533475"
    ],
    [
      "WUg3MYWQ7pt",
      "O6uvpzGd5pu",
      "202307",
      "533475"
    ],
    [
      "WUg3MYWQ7pt",
      "O6uvpzGd5pu",
      "202308",
      "533475"
    ],
    [
      "WUg3MYWQ7pt",
      "O6uvpzGd5pu",
      "202305",
      "533475"
    ],
    [
      "WUg3MYWQ7pt",
      "O6uvpzGd5pu",
      "202306",
      "533475"
    ],
    [
      "WUg3MYWQ7pt",
      "jmIPBj66vD6",
      "202206",
      "304268"
    ],
    [
      "WUg3MYWQ7pt",
      "jmIPBj66vD6",
      "202205",
      "304268"
    ],
    [
      "WUg3MYWQ7pt",
      "jmIPBj66vD6",
      "202208",
      "304268"
    ],
    [
      "WUg3MYWQ7pt",
      "jmIPBj66vD6",
      "202207",
      "304268"
    ],
    [
      "WUg3MYWQ7pt",
      "jmIPBj66vD6",
      "202202",
      "304268"
    ],
    [
      "WUg3MYWQ7pt",
      "jmIPBj66vD6",
      "202201",
      "304268"
    ],
    [
      "WUg3MYWQ7pt",
      "jmIPBj66vD6",
      "202204",
      "304268"
    ],
    [
      "WUg3MYWQ7pt",
      "jmIPBj66vD6",
      "202203",
      "304268"
    ],
    [
      "WUg3MYWQ7pt",
      "jUb8gELQApl",
      "201901",
      "389362"
    ],
    [
      "WUg3MYWQ7pt",
      "jUb8gELQApl",
      "201902",
      "389362"
    ],
    [
      "WUg3MYWQ7pt",
      "O6uvpzGd5pu",
      "202312",
      "533475"
    ],
    [
      "WUg3MYWQ7pt",
      "jUb8gELQApl",
      "201903",
      "389362"
    ],
    [
      "WUg3MYWQ7pt",
      "O6uvpzGd5pu",
      "202310",
      "533475"
    ],
    [
      "WUg3MYWQ7pt",
      "O6uvpzGd5pu",
      "202311",
      "533475"
    ],
    [
      "WUg3MYWQ7pt",
      "eIQbndfxQMb",
      "202212",
      "402193"
    ],
    [
      "WUg3MYWQ7pt",
      "eIQbndfxQMb",
      "202211",
      "402193"
    ],
    [
      "WUg3MYWQ7pt",
      "eIQbndfxQMb",
      "202210",
      "402193"
    ],
    [
      "WUg3MYWQ7pt",
      "fdc6uOvgoji",
      "201901",
      "434528"
    ],
    [
      "WUg3MYWQ7pt",
      "PMa2VCrupOd",
      "202208",
      "310268"
    ],
    [
      "WUg3MYWQ7pt",
      "fdc6uOvgoji",
      "201902",
      "434528"
    ],
    [
      "WUg3MYWQ7pt",
      "PMa2VCrupOd",
      "202209",
      "310268"
    ],
    [
      "WUg3MYWQ7pt",
      "PMa2VCrupOd",
      "202206",
      "310268"
    ],
    [
      "WUg3MYWQ7pt",
      "fdc6uOvgoji",
      "201903",
      "434528"
    ],
    [
      "WUg3MYWQ7pt",
      "fdc6uOvgoji",
      "201904",
      "434528"
    ],
    [
      "WUg3MYWQ7pt",
      "PMa2VCrupOd",
      "202207",
      "310268"
    ],
    [
      "WUg3MYWQ7pt",
      "PMa2VCrupOd",
      "202204",
      "310268"
    ],
    [
      "WUg3MYWQ7pt",
      "PMa2VCrupOd",
      "202205",
      "310268"
    ],
    [
      "WUg3MYWQ7pt",
      "PMa2VCrupOd",
      "202202",
      "310268"
    ],
    [
      "WUg3MYWQ7pt",
      "PMa2VCrupOd",
      "202203",
      "310268"
    ],
    [
      "WUg3MYWQ7pt",
      "fdc6uOvgoji",
      "201909",
      "434528"
    ],
    [
      "WUg3MYWQ7pt",
      "PMa2VCrupOd",
      "202201",
      "310268"
    ],
    [
      "WUg3MYWQ7pt",
      "fdc6uOvgoji",
      "201905",
      "434528"
    ],
    [
      "WUg3MYWQ7pt",
      "fdc6uOvgoji",
      "201906",
      "434528"
    ],
    [
      "WUg3MYWQ7pt",
      "fdc6uOvgoji",
      "201907",
      "434528"
    ],
    [
      "WUg3MYWQ7pt",
      "fdc6uOvgoji",
      "201908",
      "434528"
    ],
    [
      "WUg3MYWQ7pt",
      "eIQbndfxQMb",
      "202209",
      "402193"
    ],
    [
      "WUg3MYWQ7pt",
      "eIQbndfxQMb",
      "202208",
      "402193"
    ],
    [
      "WUg3MYWQ7pt",
      "eIQbndfxQMb",
      "202205",
      "402193"
    ],
    [
      "WUg3MYWQ7pt",
      "eIQbndfxQMb",
      "202204",
      "402193"
    ],
    [
      "WUg3MYWQ7pt",
      "eIQbndfxQMb",
      "202207",
      "402193"
    ],
    [
      "WUg3MYWQ7pt",
      "eIQbndfxQMb",
      "202206",
      "402193"
    ],
    [
      "WUg3MYWQ7pt",
      "eIQbndfxQMb",
      "202201",
      "402193"
    ],
    [
      "WUg3MYWQ7pt",
      "eIQbndfxQMb",
      "202203",
      "402193"
    ],
    [
      "WUg3MYWQ7pt",
      "eIQbndfxQMb",
      "202202",
      "402193"
    ],
    [
      "WUg3MYWQ7pt",
      "TEQlaapDQoK",
      "201809",
      "491008"
    ],
    [
      "WUg3MYWQ7pt",
      "O6uvpzGd5pu",
      "202105",
      "512556"
    ],
    [
      "WUg3MYWQ7pt",
      "O6uvpzGd5pu",
      "202106",
      "512556"
    ],
    [
      "WUg3MYWQ7pt",
      "O6uvpzGd5pu",
      "202103",
      "512556"
    ],
    [
      "WUg3MYWQ7pt",
      "O6uvpzGd5pu",
      "202104",
      "512556"
    ],
    [
      "WUg3MYWQ7pt",
      "O6uvpzGd5pu",
      "202101",
      "512556"
    ],
    [
      "WUg3MYWQ7pt",
      "O6uvpzGd5pu",
      "202102",
      "512556"
    ],
    [
      "WUg3MYWQ7pt",
      "TEQlaapDQoK",
      "201804",
      "491008"
    ],
    [
      "WUg3MYWQ7pt",
      "TEQlaapDQoK",
      "201803",
      "491008"
    ],
    [
      "WUg3MYWQ7pt",
      "TEQlaapDQoK",
      "201802",
      "491008"
    ],
    [
      "WUg3MYWQ7pt",
      "TEQlaapDQoK",
      "201801",
      "491008"
    ],
    [
      "WUg3MYWQ7pt",
      "O6uvpzGd5pu",
      "202109",
      "512556"
    ],
    [
      "WUg3MYWQ7pt",
      "TEQlaapDQoK",
      "201808",
      "491008"
    ],
    [
      "WUg3MYWQ7pt",
      "TEQlaapDQoK",
      "201807",
      "491008"
    ],
    [
      "WUg3MYWQ7pt",
      "TEQlaapDQoK",
      "201806",
      "491008"
    ],
    [
      "WUg3MYWQ7pt",
      "O6uvpzGd5pu",
      "202107",
      "512556"
    ],
    [
      "WUg3MYWQ7pt",
      "O6uvpzGd5pu",
      "202108",
      "512556"
    ],
    [
      "WUg3MYWQ7pt",
      "TEQlaapDQoK",
      "201805",
      "491008"
    ],
    [
      "WUg3MYWQ7pt",
      "lc3eMKXaEfw",
      "202011",
      "159788.6"
    ],
    [
      "WUg3MYWQ7pt",
      "lc3eMKXaEfw",
      "202010",
      "159788.6"
    ],
    [
      "WUg3MYWQ7pt",
      "lc3eMKXaEfw",
      "202012",
      "159788.6"
    ],
    [
      "WUg3MYWQ7pt",
      "O6uvpzGd5pu",
      "202112",
      "512556"
    ],
    [
      "WUg3MYWQ7pt",
      "O6uvpzGd5pu",
      "202110",
      "512556"
    ],
    [
      "WUg3MYWQ7pt",
      "O6uvpzGd5pu",
      "202111",
      "512556"
    ],
    [
      "WUg3MYWQ7pt",
      "TEQlaapDQoK",
      "201811",
      "491008"
    ],
    [
      "WUg3MYWQ7pt",
      "TEQlaapDQoK",
      "201810",
      "491008"
    ],
    [
      "WUg3MYWQ7pt",
      "TEQlaapDQoK",
      "201812",
      "491008"
    ],
    [
      "WUg3MYWQ7pt",
      "lc3eMKXaEfw",
      "201810",
      "153042"
    ],
    [
      "WUg3MYWQ7pt",
      "lc3eMKXaEfw",
      "201812",
      "153042"
    ],
    [
      "WUg3MYWQ7pt",
      "lc3eMKXaEfw",
      "201811",
      "153042"
    ],
    [
      "WUg3MYWQ7pt",
      "Vth0fbpFcsO",
      "201809",
      "360376"
    ],
    [
      "WUg3MYWQ7pt",
      "lc3eMKXaEfw",
      "201807",
      "153042"
    ],
    [
      "WUg3MYWQ7pt",
      "lc3eMKXaEfw",
      "201806",
      "153042"
    ],
    [
      "WUg3MYWQ7pt",
      "lc3eMKXaEfw",
      "201809",
      "153042"
    ],
    [
      "WUg3MYWQ7pt",
      "Vth0fbpFcsO",
      "201807",
      "360376"
    ],
    [
      "WUg3MYWQ7pt",
      "lc3eMKXaEfw",
      "201808",
      "153042"
    ],
    [
      "WUg3MYWQ7pt",
      "Vth0fbpFcsO",
      "201808",
      "360376"
    ],
    [
      "WUg3MYWQ7pt",
      "lc3eMKXaEfw",
      "201803",
      "153042"
    ],
    [
      "WUg3MYWQ7pt",
      "Vth0fbpFcsO",
      "201805",
      "360376"
    ],
    [
      "WUg3MYWQ7pt",
      "lc3eMKXaEfw",
      "201802",
      "153042"
    ],
    [
      "WUg3MYWQ7pt",
      "Vth0fbpFcsO",
      "201806",
      "360376"
    ],
    [
      "WUg3MYWQ7pt",
      "lc3eMKXaEfw",
      "201805",
      "153042"
    ],
    [
      "WUg3MYWQ7pt",
      "Vth0fbpFcsO",
      "201803",
      "360376"
    ],
    [
      "WUg3MYWQ7pt",
      "lc3eMKXaEfw",
      "201804",
      "153042"
    ],
    [
      "WUg3MYWQ7pt",
      "Vth0fbpFcsO",
      "201804",
      "360376"
    ],
    [
      "WUg3MYWQ7pt",
      "Vth0fbpFcsO",
      "201801",
      "360376"
    ],
    [
      "WUg3MYWQ7pt",
      "Vth0fbpFcsO",
      "201802",
      "360376"
    ],
    [
      "WUg3MYWQ7pt",
      "PMa2VCrupOd",
      "202011",
      "298795.4"
    ],
    [
      "WUg3MYWQ7pt",
      "lc3eMKXaEfw",
      "201801",
      "153042"
    ],
    [
      "WUg3MYWQ7pt",
      "PMa2VCrupOd",
      "202012",
      "298795.4"
    ],
    [
      "WUg3MYWQ7pt",
      "PMa2VCrupOd",
      "202010",
      "298795.4"
    ],
    [
      "WUg3MYWQ7pt",
      "qhqAxPSTUXp",
      "202105",
      "296162"
    ],
    [
      "WUg3MYWQ7pt",
      "qhqAxPSTUXp",
      "202106",
      "296162"
    ],
    [
      "WUg3MYWQ7pt",
      "qhqAxPSTUXp",
      "202107",
      "296162"
    ],
    [
      "WUg3MYWQ7pt",
      "qhqAxPSTUXp",
      "202108",
      "296162"
    ],
    [
      "WUg3MYWQ7pt",
      "qhqAxPSTUXp",
      "202101",
      "296162"
    ],
    [
      "WUg3MYWQ7pt",
      "qhqAxPSTUXp",
      "202102",
      "296162"
    ],
    [
      "WUg3MYWQ7pt",
      "qhqAxPSTUXp",
      "202103",
      "296162"
    ],
    [
      "WUg3MYWQ7pt",
      "qhqAxPSTUXp",
      "202104",
      "296162"
    ],
    [
      "WUg3MYWQ7pt",
      "qhqAxPSTUXp",
      "202109",
      "296162"
    ],
    [
      "WUg3MYWQ7pt",
      "Vth0fbpFcsO",
      "201812",
      "360376"
    ],
    [
      "WUg3MYWQ7pt",
      "qhqAxPSTUXp",
      "202110",
      "296162"
    ],
    [
      "WUg3MYWQ7pt",
      "Vth0fbpFcsO",
      "201810",
      "360376"
    ],
    [
      "WUg3MYWQ7pt",
      "qhqAxPSTUXp",
      "202111",
      "296162"
    ],
    [
      "WUg3MYWQ7pt",
      "Vth0fbpFcsO",
      "201811",
      "360376"
    ],
    [
      "WUg3MYWQ7pt",
      "qhqAxPSTUXp",
      "202112",
      "296162"
    ],
    [
      "WUg3MYWQ7pt",
      "fdc6uOvgoji",
      "202102",
      "452445"
    ],
    [
      "WUg3MYWQ7pt",
      "fdc6uOvgoji",
      "202103",
      "452445"
    ],
    [
      "WUg3MYWQ7pt",
      "fdc6uOvgoji",
      "202104",
      "452445"
    ],
    [
      "WUg3MYWQ7pt",
      "kJq2mPyFEHo",
      "201809",
      "529957"
    ],
    [
      "WUg3MYWQ7pt",
      "fdc6uOvgoji",
      "202105",
      "452445"
    ],
    [
      "WUg3MYWQ7pt",
      "kJq2mPyFEHo",
      "201808",
      "529957"
    ],
    [
      "WUg3MYWQ7pt",
      "fdc6uOvgoji",
      "202101",
      "452445"
    ],
    [
      "WUg3MYWQ7pt",
      "kJq2mPyFEHo",
      "201812",
      "529957"
    ],
    [
      "WUg3MYWQ7pt",
      "kJq2mPyFEHo",
      "201811",
      "529957"
    ],
    [
      "WUg3MYWQ7pt",
      "at6UHUQatSo",
      "201903",
      "842865"
    ],
    [
      "WUg3MYWQ7pt",
      "at6UHUQatSo",
      "201902",
      "842865"
    ],
    [
      "WUg3MYWQ7pt",
      "at6UHUQatSo",
      "201901",
      "842865"
    ],
    [
      "WUg3MYWQ7pt",
      "at6UHUQatSo",
      "201907",
      "842865"
    ],
    [
      "WUg3MYWQ7pt",
      "at6UHUQatSo",
      "201906",
      "842865"
    ],
    [
      "WUg3MYWQ7pt",
      "at6UHUQatSo",
      "201905",
      "842865"
    ],
    [
      "WUg3MYWQ7pt",
      "at6UHUQatSo",
      "201904",
      "842865"
    ],
    [
      "WUg3MYWQ7pt",
      "bL4ooGhyHRQ",
      "202011",
      "258316.8"
    ],
    [
      "WUg3MYWQ7pt",
      "kJq2mPyFEHo",
      "201810",
      "529957"
    ],
    [
      "WUg3MYWQ7pt",
      "bL4ooGhyHRQ",
      "202012",
      "258316.8"
    ],
    [
      "WUg3MYWQ7pt",
      "at6UHUQatSo",
      "201909",
      "842865"
    ],
    [
      "WUg3MYWQ7pt",
      "at6UHUQatSo",
      "201908",
      "842865"
    ],
    [
      "WUg3MYWQ7pt",
      "bL4ooGhyHRQ",
      "202010",
      "258316.8"
    ],
    [
      "WUg3MYWQ7pt",
      "kJq2mPyFEHo",
      "201803",
      "529957"
    ],
    [
      "WUg3MYWQ7pt",
      "at6UHUQatSo",
      "201910",
      "842865"
    ],
    [
      "WUg3MYWQ7pt",
      "kJq2mPyFEHo",
      "201802",
      "529957"
    ],
    [
      "WUg3MYWQ7pt",
      "kJq2mPyFEHo",
      "201801",
      "529957"
    ],
    [
      "WUg3MYWQ7pt",
      "kJq2mPyFEHo",
      "201807",
      "529957"
    ],
    [
      "WUg3MYWQ7pt",
      "bL4ooGhyHRQ",
      "202008",
      "258316.8"
    ],
    [
      "WUg3MYWQ7pt",
      "kJq2mPyFEHo",
      "201806",
      "529957"
    ],
    [
      "WUg3MYWQ7pt",
      "bL4ooGhyHRQ",
      "202009",
      "258316.8"
    ],
    [
      "WUg3MYWQ7pt",
      "bL4ooGhyHRQ",
      "202006",
      "258316.8"
    ],
    [
      "WUg3MYWQ7pt",
      "kJq2mPyFEHo",
      "201805",
      "529957"
    ],
    [
      "WUg3MYWQ7pt",
      "at6UHUQatSo",
      "201912",
      "842865"
    ],
    [
      "WUg3MYWQ7pt",
      "kJq2mPyFEHo",
      "201804",
      "529957"
    ],
    [
      "WUg3MYWQ7pt",
      "at6UHUQatSo",
      "201911",
      "842865"
    ],
    [
      "WUg3MYWQ7pt",
      "bL4ooGhyHRQ",
      "202007",
      "258316.8"
    ],
    [
      "WUg3MYWQ7pt",
      "PMa2VCrupOd",
      "202211",
      "310268"
    ],
    [
      "WUg3MYWQ7pt",
      "bL4ooGhyHRQ",
      "202004",
      "258316.8"
    ],
    [
      "WUg3MYWQ7pt",
      "PMa2VCrupOd",
      "202212",
      "310268"
    ],
    [
      "WUg3MYWQ7pt",
      "bL4ooGhyHRQ",
      "202005",
      "258316.8"
    ],
    [
      "WUg3MYWQ7pt",
      "bL4ooGhyHRQ",
      "202002",
      "257611"
    ],
    [
      "WUg3MYWQ7pt",
      "PMa2VCrupOd",
      "202210",
      "310268"
    ],
    [
      "WUg3MYWQ7pt",
      "bL4ooGhyHRQ",
      "202003",
      "258316.8"
    ],
    [
      "WUg3MYWQ7pt",
      "bL4ooGhyHRQ",
      "202001",
      "258316.8"
    ],
    [
      "WUg3MYWQ7pt",
      "qhqAxPSTUXp",
      "202303",
      "308251"
    ],
    [
      "WUg3MYWQ7pt",
      "qhqAxPSTUXp",
      "202304",
      "308251"
    ],
    [
      "WUg3MYWQ7pt",
      "qhqAxPSTUXp",
      "202305",
      "308251"
    ],
    [
      "WUg3MYWQ7pt",
      "qhqAxPSTUXp",
      "202306",
      "308251"
    ],
    [
      "WUg3MYWQ7pt",
      "qhqAxPSTUXp",
      "202301",
      "308251"
    ],
    [
      "WUg3MYWQ7pt",
      "qhqAxPSTUXp",
      "202302",
      "308251"
    ],
    [
      "WUg3MYWQ7pt",
      "qhqAxPSTUXp",
      "202307",
      "308251"
    ],
    [
      "WUg3MYWQ7pt",
      "eIQbndfxQMb",
      "202010",
      "387329.3"
    ],
    [
      "WUg3MYWQ7pt",
      "qhqAxPSTUXp",
      "202308",
      "308251"
    ],
    [
      "WUg3MYWQ7pt",
      "qhqAxPSTUXp",
      "202309",
      "308251"
    ],
    [
      "WUg3MYWQ7pt",
      "eIQbndfxQMb",
      "202012",
      "387329.3"
    ],
    [
      "WUg3MYWQ7pt",
      "eIQbndfxQMb",
      "202011",
      "387329.3"
    ],
    [
      "WUg3MYWQ7pt",
      "PMa2VCrupOd",
      "202008",
      "298795.4"
    ],
    [
      "WUg3MYWQ7pt",
      "PMa2VCrupOd",
      "202009",
      "298795.4"
    ],
    [
      "WUg3MYWQ7pt",
      "PMa2VCrupOd",
      "202006",
      "298795.4"
    ],
    [
      "WUg3MYWQ7pt",
      "PMa2VCrupOd",
      "202007",
      "298795.4"
    ],
    [
      "WUg3MYWQ7pt",
      "PMa2VCrupOd",
      "202004",
      "298795.4"
    ],
    [
      "WUg3MYWQ7pt",
      "PMa2VCrupOd",
      "202005",
      "298795.4"
    ],
    [
      "WUg3MYWQ7pt",
      "PMa2VCrupOd",
      "202002",
      "297979"
    ],
    [
      "WUg3MYWQ7pt",
      "PMa2VCrupOd",
      "202003",
      "298795.4"
    ],
    [
      "WUg3MYWQ7pt",
      "PMa2VCrupOd",
      "202001",
      "298795.4"
    ],
    [
      "WUg3MYWQ7pt",
      "jmIPBj66vD6",
      "201912",
      "286383"
    ],
    [
      "WUg3MYWQ7pt",
      "qhqAxPSTUXp",
      "202310",
      "308251"
    ],
    [
      "WUg3MYWQ7pt",
      "eIQbndfxQMb",
      "202007",
      "387329.3"
    ],
    [
      "WUg3MYWQ7pt",
      "qhqAxPSTUXp",
      "202311",
      "308251"
    ],
    [
      "WUg3MYWQ7pt",
      "eIQbndfxQMb",
      "202006",
      "387329.3"
    ],
    [
      "WUg3MYWQ7pt",
      "eIQbndfxQMb",
      "202009",
      "387329.3"
    ],
    [
      "WUg3MYWQ7pt",
      "qhqAxPSTUXp",
      "202312",
      "308251"
    ],
    [
      "WUg3MYWQ7pt",
      "eIQbndfxQMb",
      "202008",
      "387329.3"
    ],
    [
      "WUg3MYWQ7pt",
      "eIQbndfxQMb",
      "202003",
      "387329.3"
    ],
    [
      "WUg3MYWQ7pt",
      "eIQbndfxQMb",
      "202002",
      "386271"
    ],
    [
      "WUg3MYWQ7pt",
      "eIQbndfxQMb",
      "202005",
      "387329.3"
    ],
    [
      "WUg3MYWQ7pt",
      "eIQbndfxQMb",
      "202004",
      "387329.3"
    ],
    [
      "WUg3MYWQ7pt",
      "fdc6uOvgoji",
      "202110",
      "452445"
    ],
    [
      "WUg3MYWQ7pt",
      "fdc6uOvgoji",
      "202111",
      "452445"
    ],
    [
      "WUg3MYWQ7pt",
      "eIQbndfxQMb",
      "202001",
      "387329.3"
    ],
    [
      "WUg3MYWQ7pt",
      "fdc6uOvgoji",
      "202112",
      "452445"
    ],
    [
      "WUg3MYWQ7pt",
      "fdc6uOvgoji",
      "202106",
      "452445"
    ],
    [
      "WUg3MYWQ7pt",
      "fdc6uOvgoji",
      "202107",
      "452445"
    ],
    [
      "WUg3MYWQ7pt",
      "fdc6uOvgoji",
      "202108",
      "452445"
    ],
    [
      "WUg3MYWQ7pt",
      "fdc6uOvgoji",
      "202109",
      "452445"
    ],
    [
      "WUg3MYWQ7pt",
      "eIQbndfxQMb",
      "201812",
      "370982"
    ],
    [
      "WUg3MYWQ7pt",
      "jmIPBj66vD6",
      "201911",
      "286383"
    ],
    [
      "WUg3MYWQ7pt",
      "jmIPBj66vD6",
      "201910",
      "286383"
    ],
    [
      "WUg3MYWQ7pt",
      "eIQbndfxQMb",
      "201810",
      "370982"
    ],
    [
      "WUg3MYWQ7pt",
      "eIQbndfxQMb",
      "201811",
      "370982"
    ],
    [
      "WUg3MYWQ7pt",
      "jmIPBj66vD6",
      "201909",
      "286383"
    ],
    [
      "WUg3MYWQ7pt",
      "jUb8gELQApl",
      "202311",
      "421962"
    ],
    [
      "WUg3MYWQ7pt",
      "jmIPBj66vD6",
      "201906",
      "286383"
    ],
    [
      "WUg3MYWQ7pt",
      "jUb8gELQApl",
      "202310",
      "421962"
    ],
    [
      "WUg3MYWQ7pt",
      "jmIPBj66vD6",
      "201905",
      "286383"
    ],
    [
      "WUg3MYWQ7pt",
      "jmIPBj66vD6",
      "201908",
      "286383"
    ],
    [
      "WUg3MYWQ7pt",
      "jUb8gELQApl",
      "202312",
      "421962"
    ],
    [
      "WUg3MYWQ7pt",
      "jmIPBj66vD6",
      "201907",
      "286383"
    ],
    [
      "WUg3MYWQ7pt",
      "jmIPBj66vD6",
      "201902",
      "286383"
    ],
    [
      "WUg3MYWQ7pt",
      "jmIPBj66vD6",
      "201901",
      "286383"
    ],
    [
      "WUg3MYWQ7pt",
      "jmIPBj66vD6",
      "201904",
      "286383"
    ],
    [
      "WUg3MYWQ7pt",
      "jmIPBj66vD6",
      "201903",
      "286383"
    ],
    [
      "WUg3MYWQ7pt",
      "eIQbndfxQMb",
      "201801",
      "370982"
    ],
    [
      "WUg3MYWQ7pt",
      "eIQbndfxQMb",
      "201802",
      "370982"
    ],
    [
      "WUg3MYWQ7pt",
      "eIQbndfxQMb",
      "201803",
      "370982"
    ],
    [
      "WUg3MYWQ7pt",
      "eIQbndfxQMb",
      "201804",
      "370982"
    ],
    [
      "WUg3MYWQ7pt",
      "fdc6uOvgoji",
      "202201",
      "461678"
    ],
    [
      "WUg3MYWQ7pt",
      "fdc6uOvgoji",
      "202202",
      "461678"
    ],
    [
      "WUg3MYWQ7pt",
      "fdc6uOvgoji",
      "202203",
      "461678"
    ],
    [
      "WUg3MYWQ7pt",
      "fdc6uOvgoji",
      "202204",
      "461678"
    ],
    [
      "WUg3MYWQ7pt",
      "PMa2VCrupOd",
      "201910",
      "292021"
    ],
    [
      "WUg3MYWQ7pt",
      "jUb8gELQApl",
      "202109",
      "405414"
    ],
    [
      "WUg3MYWQ7pt",
      "PMa2VCrupOd",
      "201912",
      "292021"
    ],
    [
      "WUg3MYWQ7pt",
      "PMa2VCrupOd",
      "201911",
      "292021"
    ],
    [
      "WUg3MYWQ7pt",
      "jUb8gELQApl",
      "202106",
      "405414"
    ],
    [
      "WUg3MYWQ7pt",
      "jUb8gELQApl",
      "202105",
      "405414"
    ],
    [
      "WUg3MYWQ7pt",
      "jUb8gELQApl",
      "202108",
      "405414"
    ],
    [
      "WUg3MYWQ7pt",
      "jUb8gELQApl",
      "202107",
      "405414"
    ],
    [
      "WUg3MYWQ7pt",
      "jUb8gELQApl",
      "202102",
      "405414"
    ],
    [
      "WUg3MYWQ7pt",
      "eIQbndfxQMb",
      "201809",
      "370982"
    ],
    [
      "WUg3MYWQ7pt",
      "bL4ooGhyHRQ",
      "202312",
      "273590"
    ],
    [
      "WUg3MYWQ7pt",
      "jUb8gELQApl",
      "202101",
      "405414"
    ],
    [
      "WUg3MYWQ7pt",
      "jUb8gELQApl",
      "202104",
      "405414"
    ],
    [
      "WUg3MYWQ7pt",
      "bL4ooGhyHRQ",
      "202310",
      "273590"
    ],
    [
      "WUg3MYWQ7pt",
      "bL4ooGhyHRQ",
      "202311",
      "273590"
    ],
    [
      "WUg3MYWQ7pt",
      "jUb8gELQApl",
      "202103",
      "405414"
    ],
    [
      "WUg3MYWQ7pt",
      "eIQbndfxQMb",
      "201805",
      "370982"
    ],
    [
      "WUg3MYWQ7pt",
      "eIQbndfxQMb",
      "201806",
      "370982"
    ],
    [
      "WUg3MYWQ7pt",
      "eIQbndfxQMb",
      "201807",
      "370982"
    ],
    [
      "WUg3MYWQ7pt",
      "eIQbndfxQMb",
      "201808",
      "370982"
    ],
    [
      "WUg3MYWQ7pt",
      "O6uvpzGd5pu",
      "201808",
      "482418"
    ],
    [
      "WUg3MYWQ7pt",
      "O6uvpzGd5pu",
      "201807",
      "482418"
    ],
    [
      "WUg3MYWQ7pt",
      "O6uvpzGd5pu",
      "201809",
      "482418"
    ],
    [
      "WUg3MYWQ7pt",
      "PMa2VCrupOd",
      "201907",
      "292021"
    ],
    [
      "WUg3MYWQ7pt",
      "PMa2VCrupOd",
      "201906",
      "292021"
    ],
    [
      "WUg3MYWQ7pt",
      "PMa2VCrupOd",
      "201909",
      "292021"
    ],
    [
      "WUg3MYWQ7pt",
      "PMa2VCrupOd",
      "201908",
      "292021"
    ],
    [
      "WUg3MYWQ7pt",
      "PMa2VCrupOd",
      "201903",
      "292021"
    ],
    [
      "WUg3MYWQ7pt",
      "PMa2VCrupOd",
      "201902",
      "292021"
    ],
    [
      "WUg3MYWQ7pt",
      "PMa2VCrupOd",
      "201905",
      "292021"
    ],
    [
      "WUg3MYWQ7pt",
      "PMa2VCrupOd",
      "201904",
      "292021"
    ],
    [
      "WUg3MYWQ7pt",
      "bL4ooGhyHRQ",
      "202309",
      "273590"
    ],
    [
      "WUg3MYWQ7pt",
      "PMa2VCrupOd",
      "201901",
      "292021"
    ],
    [
      "WUg3MYWQ7pt",
      "bL4ooGhyHRQ",
      "202307",
      "273590"
    ],
    [
      "WUg3MYWQ7pt",
      "bL4ooGhyHRQ",
      "202308",
      "273590"
    ],
    [
      "WUg3MYWQ7pt",
      "bL4ooGhyHRQ",
      "202305",
      "273590"
    ],
    [
      "WUg3MYWQ7pt",
      "bL4ooGhyHRQ",
      "202306",
      "273590"
    ],
    [
      "WUg3MYWQ7pt",
      "bL4ooGhyHRQ",
      "202303",
      "273590"
    ],
    [
      "WUg3MYWQ7pt",
      "bL4ooGhyHRQ",
      "202304",
      "273590"
    ],
    [
      "WUg3MYWQ7pt",
      "O6uvpzGd5pu",
      "201804",
      "482418"
    ],
    [
      "WUg3MYWQ7pt",
      "bL4ooGhyHRQ",
      "202301",
      "273590"
    ],
    [
      "WUg3MYWQ7pt",
      "bL4ooGhyHRQ",
      "202302",
      "273590"
    ],
    [
      "WUg3MYWQ7pt",
      "O6uvpzGd5pu",
      "201803",
      "482418"
    ],
    [
      "WUg3MYWQ7pt",
      "O6uvpzGd5pu",
      "201806",
      "482418"
    ],
    [
      "WUg3MYWQ7pt",
      "O6uvpzGd5pu",
      "201805",
      "482418"
    ],
    [
      "WUg3MYWQ7pt",
      "O6uvpzGd5pu",
      "201802",
      "482418"
    ],
    [
      "WUg3MYWQ7pt",
      "O6uvpzGd5pu",
      "201801",
      "482418"
    ],
    [
      "WUg3MYWQ7pt",
      "O6uvpzGd5pu",
      "201811",
      "482418"
    ],
    [
      "WUg3MYWQ7pt",
      "O6uvpzGd5pu",
      "201810",
      "482418"
    ],
    [
      "WUg3MYWQ7pt",
      "O6uvpzGd5pu",
      "201812",
      "482418"
    ],
    [
      "WUg3MYWQ7pt",
      "jUb8gELQApl",
      "202112",
      "405414"
    ],
    [
      "WUg3MYWQ7pt",
      "jUb8gELQApl",
      "202111",
      "405414"
    ],
    [
      "WUg3MYWQ7pt",
      "jUb8gELQApl",
      "202110",
      "405414"
    ],
    [
      "WUg3MYWQ7pt",
      "TEQlaapDQoK",
      "202112",
      "521679"
    ],
    [
      "WUg3MYWQ7pt",
      "TEQlaapDQoK",
      "202111",
      "521679"
    ],
    [
      "WUg3MYWQ7pt",
      "TEQlaapDQoK",
      "202110",
      "521679"
    ],
    [
      "WUg3MYWQ7pt",
      "TEQlaapDQoK",
      "202104",
      "521679"
    ],
    [
      "WUg3MYWQ7pt",
      "TEQlaapDQoK",
      "202103",
      "521679"
    ],
    [
      "WUg3MYWQ7pt",
      "TEQlaapDQoK",
      "202102",
      "521679"
    ],
    [
      "WUg3MYWQ7pt",
      "TEQlaapDQoK",
      "202101",
      "521679"
    ],
    [
      "WUg3MYWQ7pt",
      "TEQlaapDQoK",
      "202108",
      "521679"
    ],
    [
      "WUg3MYWQ7pt",
      "TEQlaapDQoK",
      "202107",
      "521679"
    ],
    [
      "WUg3MYWQ7pt",
      "TEQlaapDQoK",
      "202106",
      "521679"
    ],
    [
      "WUg3MYWQ7pt",
      "TEQlaapDQoK",
      "202105",
      "521679"
    ],
    [
      "WUg3MYWQ7pt",
      "TEQlaapDQoK",
      "202109",
      "521679"
    ],
    [
      "WUg3MYWQ7pt",
      "Vth0fbpFcsO",
      "202201",
      "390703"
    ],
    [
      "WUg3MYWQ7pt",
      "lc3eMKXaEfw",
      "202101",
      "162607"
    ],
    [
      "WUg3MYWQ7pt",
      "kJq2mPyFEHo",
      "202306",
      "586059"
    ],
    [
      "WUg3MYWQ7pt",
      "kJq2mPyFEHo",
      "202307",
      "586059"
    ],
    [
      "WUg3MYWQ7pt",
      "kJq2mPyFEHo",
      "202308",
      "586059"
    ],
    [
      "WUg3MYWQ7pt",
      "kJq2mPyFEHo",
      "202309",
      "586059"
    ],
    [
      "WUg3MYWQ7pt",
      "kJq2mPyFEHo",
      "202302",
      "586059"
    ],
    [
      "WUg3MYWQ7pt",
      "lc3eMKXaEfw",
      "202107",
      "162607"
    ],
    [
      "WUg3MYWQ7pt",
      "Vth0fbpFcsO",
      "202208",
      "390703"
    ],
    [
      "WUg3MYWQ7pt",
      "lc3eMKXaEfw",
      "202106",
      "162607"
    ],
    [
      "WUg3MYWQ7pt",
      "Vth0fbpFcsO",
      "202209",
      "390703"
    ],
    [
      "WUg3MYWQ7pt",
      "kJq2mPyFEHo",
      "202303",
      "586059"
    ],
    [
      "WUg3MYWQ7pt",
      "kJq2mPyFEHo",
      "202304",
      "586059"
    ],
    [
      "WUg3MYWQ7pt",
      "lc3eMKXaEfw",
      "202109",
      "162607"
    ],
    [
      "WUg3MYWQ7pt",
      "Vth0fbpFcsO",
      "202206",
      "390703"
    ],
    [
      "WUg3MYWQ7pt",
      "kJq2mPyFEHo",
      "202305",
      "586059"
    ],
    [
      "WUg3MYWQ7pt",
      "lc3eMKXaEfw",
      "202108",
      "162607"
    ],
    [
      "WUg3MYWQ7pt",
      "Vth0fbpFcsO",
      "202207",
      "390703"
    ],
    [
      "WUg3MYWQ7pt",
      "Vth0fbpFcsO",
      "202204",
      "390703"
    ],
    [
      "WUg3MYWQ7pt",
      "lc3eMKXaEfw",
      "202103",
      "162607"
    ],
    [
      "WUg3MYWQ7pt",
      "lc3eMKXaEfw",
      "202102",
      "162607"
    ],
    [
      "WUg3MYWQ7pt",
      "Vth0fbpFcsO",
      "202205",
      "390703"
    ],
    [
      "WUg3MYWQ7pt",
      "Vth0fbpFcsO",
      "202202",
      "390703"
    ],
    [
      "WUg3MYWQ7pt",
      "lc3eMKXaEfw",
      "202105",
      "162607"
    ],
    [
      "WUg3MYWQ7pt",
      "lc3eMKXaEfw",
      "202104",
      "162607"
    ],
    [
      "WUg3MYWQ7pt",
      "kJq2mPyFEHo",
      "202301",
      "586059"
    ],
    [
      "WUg3MYWQ7pt",
      "Vth0fbpFcsO",
      "202203",
      "390703"
    ],
    [
      "WUg3MYWQ7pt",
      "Vth0fbpFcsO",
      "202211",
      "390703"
    ],
    [
      "WUg3MYWQ7pt",
      "Vth0fbpFcsO",
      "202212",
      "390703"
    ],
    [
      "WUg3MYWQ7pt",
      "Vth0fbpFcsO",
      "202210",
      "390703"
    ],
    [
      "WUg3MYWQ7pt",
      "TEQlaapDQoK",
      "202312",
      "542967"
    ],
    [
      "WUg3MYWQ7pt",
      "TEQlaapDQoK",
      "202311",
      "542967"
    ],
    [
      "WUg3MYWQ7pt",
      "TEQlaapDQoK",
      "202310",
      "542967"
    ],
    [
      "WUg3MYWQ7pt",
      "TEQlaapDQoK",
      "202302",
      "542967"
    ],
    [
      "WUg3MYWQ7pt",
      "lc3eMKXaEfw",
      "202110",
      "162607"
    ],
    [
      "WUg3MYWQ7pt",
      "TEQlaapDQoK",
      "202301",
      "542967"
    ],
    [
      "WUg3MYWQ7pt",
      "lc3eMKXaEfw",
      "202112",
      "162607"
    ],
    [
      "WUg3MYWQ7pt",
      "lc3eMKXaEfw",
      "202111",
      "162607"
    ],
    [
      "WUg3MYWQ7pt",
      "TEQlaapDQoK",
      "202306",
      "542967"
    ],
    [
      "WUg3MYWQ7pt",
      "TEQlaapDQoK",
      "202305",
      "542967"
    ],
    [
      "WUg3MYWQ7pt",
      "TEQlaapDQoK",
      "202304",
      "542967"
    ],
    [
      "WUg3MYWQ7pt",
      "TEQlaapDQoK",
      "202303",
      "542967"
    ],
    [
      "WUg3MYWQ7pt",
      "TEQlaapDQoK",
      "202309",
      "542967"
    ],
    [
      "WUg3MYWQ7pt",
      "TEQlaapDQoK",
      "202308",
      "542967"
    ],
    [
      "WUg3MYWQ7pt",
      "TEQlaapDQoK",
      "202307",
      "542967"
    ],
    [
      "WUg3MYWQ7pt",
      "kJq2mPyFEHo",
      "202310",
      "586059"
    ],
    [
      "WUg3MYWQ7pt",
      "kJq2mPyFEHo",
      "202311",
      "586059"
    ],
    [
      "WUg3MYWQ7pt",
      "kJq2mPyFEHo",
      "202312",
      "586059"
    ],
    [
      "WUg3MYWQ7pt",
      "qhqAxPSTUXp",
      "201910",
      "284430"
    ],
    [
      "WUg3MYWQ7pt",
      "lc3eMKXaEfw",
      "202309",
      "169242"
    ],
    [
      "WUg3MYWQ7pt",
      "lc3eMKXaEfw",
      "202308",
      "169242"
    ],
    [
      "WUg3MYWQ7pt",
      "jmIPBj66vD6",
      "202110",
      "298187"
    ],
    [
      "WUg3MYWQ7pt",
      "jmIPBj66vD6",
      "202112",
      "298187"
    ],
    [
      "WUg3MYWQ7pt",
      "jmIPBj66vD6",
      "202111",
      "298187"
    ],
    [
      "WUg3MYWQ7pt",
      "qhqAxPSTUXp",
      "201911",
      "284430"
    ],
    [
      "WUg3MYWQ7pt",
      "qhqAxPSTUXp",
      "201912",
      "284430"
    ],
    [
      "WUg3MYWQ7pt",
      "Vth0fbpFcsO",
      "202002",
      "375235"
    ],
    [
      "WUg3MYWQ7pt",
      "Vth0fbpFcsO",
      "202003",
      "376263"
    ],
    [
      "WUg3MYWQ7pt",
      "Vth0fbpFcsO",
      "202001",
      "376263"
    ],
    [
      "WUg3MYWQ7pt",
      "kJq2mPyFEHo",
      "202108",
      "563076"
    ],
    [
      "WUg3MYWQ7pt",
      "kJq2mPyFEHo",
      "202109",
      "563076"
    ],
    [
      "WUg3MYWQ7pt",
      "kJq2mPyFEHo",
      "202104",
      "563076"
    ],
    [
      "WUg3MYWQ7pt",
      "lc3eMKXaEfw",
      "202305",
      "169242"
    ],
    [
      "WUg3MYWQ7pt",
      "lc3eMKXaEfw",
      "202304",
      "169242"
    ],
    [
      "WUg3MYWQ7pt",
      "kJq2mPyFEHo",
      "202105",
      "563076"
    ],
    [
      "WUg3MYWQ7pt",
      "kJq2mPyFEHo",
      "202106",
      "563076"
    ],
    [
      "WUg3MYWQ7pt",
      "lc3eMKXaEfw",
      "202307",
      "169242"
    ],
    [
      "WUg3MYWQ7pt",
      "Vth0fbpFcsO",
      "202008",
      "376263"
    ],
    [
      "WUg3MYWQ7pt",
      "lc3eMKXaEfw",
      "202306",
      "169242"
    ],
    [
      "WUg3MYWQ7pt",
      "Vth0fbpFcsO",
      "202009",
      "376263"
    ],
    [
      "WUg3MYWQ7pt",
      "kJq2mPyFEHo",
      "202107",
      "563076"
    ],
    [
      "WUg3MYWQ7pt",
      "Vth0fbpFcsO",
      "202006",
      "376263"
    ],
    [
      "WUg3MYWQ7pt",
      "lc3eMKXaEfw",
      "202301",
      "169242"
    ],
    [
      "WUg3MYWQ7pt",
      "kJq2mPyFEHo",
      "202101",
      "563076"
    ],
    [
      "WUg3MYWQ7pt",
      "Vth0fbpFcsO",
      "202007",
      "376263"
    ],
    [
      "WUg3MYWQ7pt",
      "kJq2mPyFEHo",
      "202102",
      "563076"
    ],
    [
      "WUg3MYWQ7pt",
      "Vth0fbpFcsO",
      "202004",
      "376263"
    ],
    [
      "WUg3MYWQ7pt",
      "lc3eMKXaEfw",
      "202303",
      "169242"
    ],
    [
      "WUg3MYWQ7pt",
      "lc3eMKXaEfw",
      "202302",
      "169242"
    ],
    [
      "WUg3MYWQ7pt",
      "kJq2mPyFEHo",
      "202103",
      "563076"
    ],
    [
      "WUg3MYWQ7pt",
      "Vth0fbpFcsO",
      "202005",
      "376263"
    ],
    [
      "WUg3MYWQ7pt",
      "at6UHUQatSo",
      "202203",
      "895525"
    ],
    [
      "WUg3MYWQ7pt",
      "at6UHUQatSo",
      "202202",
      "895525"
    ],
    [
      "WUg3MYWQ7pt",
      "at6UHUQatSo",
      "202201",
      "895525"
    ],
    [
      "WUg3MYWQ7pt",
      "fdc6uOvgoji",
      "201912",
      "434528"
    ],
    [
      "WUg3MYWQ7pt",
      "at6UHUQatSo",
      "202207",
      "895525"
    ],
    [
      "WUg3MYWQ7pt",
      "at6UHUQatSo",
      "202206",
      "895525"
    ],
    [
      "WUg3MYWQ7pt",
      "Vth0fbpFcsO",
      "202011",
      "376263"
    ],
    [
      "WUg3MYWQ7pt",
      "at6UHUQatSo",
      "202205",
      "895525"
    ],
    [
      "WUg3MYWQ7pt",
      "at6UHUQatSo",
      "202204",
      "895525"
    ],
    [
      "WUg3MYWQ7pt",
      "Vth0fbpFcsO",
      "202012",
      "376263"
    ],
    [
      "WUg3MYWQ7pt",
      "Vth0fbpFcsO",
      "202010",
      "376263"
    ],
    [
      "WUg3MYWQ7pt",
      "at6UHUQatSo",
      "202209",
      "895525"
    ],
    [
      "WUg3MYWQ7pt",
      "fdc6uOvgoji",
      "201910",
      "434528"
    ],
    [
      "WUg3MYWQ7pt",
      "fdc6uOvgoji",
      "201911",
      "434528"
    ],
    [
      "WUg3MYWQ7pt",
      "at6UHUQatSo",
      "202208",
      "895525"
    ],
    [
      "WUg3MYWQ7pt",
      "at6UHUQatSo",
      "202210",
      "895525"
    ],
    [
      "WUg3MYWQ7pt",
      "at6UHUQatSo",
      "202212",
      "895525"
    ],
    [
      "WUg3MYWQ7pt",
      "at6UHUQatSo",
      "202211",
      "895525"
    ],
    [
      "WUg3MYWQ7pt",
      "jmIPBj66vD6",
      "202107",
      "298187"
    ],
    [
      "WUg3MYWQ7pt",
      "jmIPBj66vD6",
      "202106",
      "298187"
    ],
    [
      "WUg3MYWQ7pt",
      "jmIPBj66vD6",
      "202109",
      "298187"
    ],
    [
      "WUg3MYWQ7pt",
      "kJq2mPyFEHo",
      "202110",
      "563076"
    ],
    [
      "WUg3MYWQ7pt",
      "jmIPBj66vD6",
      "202108",
      "298187"
    ],
    [
      "WUg3MYWQ7pt",
      "jmIPBj66vD6",
      "202103",
      "298187"
    ],
    [
      "WUg3MYWQ7pt",
      "jmIPBj66vD6",
      "202102",
      "298187"
    ],
    [
      "WUg3MYWQ7pt",
      "jmIPBj66vD6",
      "202105",
      "298187"
    ],
    [
      "WUg3MYWQ7pt",
      "jmIPBj66vD6",
      "202104",
      "298187"
    ],
    [
      "WUg3MYWQ7pt",
      "qhqAxPSTUXp",
      "201904",
      "284430"
    ],
    [
      "WUg3MYWQ7pt",
      "qhqAxPSTUXp",
      "201905",
      "284430"
    ],
    [
      "WUg3MYWQ7pt",
      "qhqAxPSTUXp",
      "201906",
      "284430"
    ],
    [
      "WUg3MYWQ7pt",
      "bL4ooGhyHRQ",
      "201809",
      "247413"
    ],
    [
      "WUg3MYWQ7pt",
      "jmIPBj66vD6",
      "202101",
      "298187"
    ],
    [
      "WUg3MYWQ7pt",
      "qhqAxPSTUXp",
      "201907",
      "284430"
    ],
    [
      "WUg3MYWQ7pt",
      "bL4ooGhyHRQ",
      "201807",
      "247413"
    ],
    [
      "WUg3MYWQ7pt",
      "qhqAxPSTUXp",
      "201901",
      "284430"
    ],
    [
      "WUg3MYWQ7pt",
      "bL4ooGhyHRQ",
      "201808",
      "247413"
    ],
    [
      "WUg3MYWQ7pt",
      "qhqAxPSTUXp",
      "201902",
      "284430"
    ],
    [
      "WUg3MYWQ7pt",
      "bL4ooGhyHRQ",
      "201805",
      "247413"
    ],
    [
      "WUg3MYWQ7pt",
      "bL4ooGhyHRQ",
      "201806",
      "247413"
    ],
    [
      "WUg3MYWQ7pt",
      "qhqAxPSTUXp",
      "201903",
      "284430"
    ],
    [
      "WUg3MYWQ7pt",
      "lc3eMKXaEfw",
      "202310",
      "169242"
    ],
    [
      "WUg3MYWQ7pt",
      "bL4ooGhyHRQ",
      "201812",
      "247413"
    ],
    [
      "WUg3MYWQ7pt",
      "qhqAxPSTUXp",
      "201908",
      "284430"
    ],
    [
      "WUg3MYWQ7pt",
      "bL4ooGhyHRQ",
      "201810",
      "247413"
    ],
    [
      "WUg3MYWQ7pt",
      "qhqAxPSTUXp",
      "201909",
      "284430"
    ],
    [
      "WUg3MYWQ7pt",
      "bL4ooGhyHRQ",
      "201811",
      "247413"
    ],
    [
      "WUg3MYWQ7pt",
      "kJq2mPyFEHo",
      "202111",
      "563076"
    ],
    [
      "WUg3MYWQ7pt",
      "lc3eMKXaEfw",
      "202312",
      "169242"
    ],
    [
      "WUg3MYWQ7pt",
      "lc3eMKXaEfw",
      "202311",
      "169242"
    ],
    [
      "WUg3MYWQ7pt",
      "kJq2mPyFEHo",
      "202112",
      "563076"
    ],
    [
      "WUg3MYWQ7pt",
      "jmIPBj66vD6",
      "202312",
      "310353"
    ],
    [
      "WUg3MYWQ7pt",
      "jmIPBj66vD6",
      "202311",
      "310353"
    ],
    [
      "WUg3MYWQ7pt",
      "eIQbndfxQMb",
      "202112",
      "394148"
    ],
    [
      "WUg3MYWQ7pt",
      "jmIPBj66vD6",
      "202310",
      "310353"
    ],
    [
      "WUg3MYWQ7pt",
      "PMa2VCrupOd",
      "202309",
      "316478"
    ],
    [
      "WUg3MYWQ7pt",
      "eIQbndfxQMb",
      "202111",
      "394148"
    ],
    [
      "WUg3MYWQ7pt",
      "eIQbndfxQMb",
      "202110",
      "394148"
    ],
    [
      "WUg3MYWQ7pt",
      "PMa2VCrupOd",
      "202307",
      "316478"
    ],
    [
      "WUg3MYWQ7pt",
      "PMa2VCrupOd",
      "202308",
      "316478"
    ],
    [
      "WUg3MYWQ7pt",
      "PMa2VCrupOd",
      "202305",
      "316478"
    ],
    [
      "WUg3MYWQ7pt",
      "PMa2VCrupOd",
      "202306",
      "316478"
    ],
    [
      "WUg3MYWQ7pt",
      "PMa2VCrupOd",
      "202303",
      "316478"
    ],
    [
      "WUg3MYWQ7pt",
      "PMa2VCrupOd",
      "202304",
      "316478"
    ],
    [
      "WUg3MYWQ7pt",
      "PMa2VCrupOd",
      "202301",
      "316478"
    ],
    [
      "WUg3MYWQ7pt",
      "PMa2VCrupOd",
      "202302",
      "316478"
    ],
    [
      "WUg3MYWQ7pt",
      "jmIPBj66vD6",
      "202309",
      "310353"
    ],
    [
      "WUg3MYWQ7pt",
      "jmIPBj66vD6",
      "202308",
      "310353"
    ],
    [
      "WUg3MYWQ7pt",
      "eIQbndfxQMb",
      "202109",
      "394148"
    ],
    [
      "WUg3MYWQ7pt",
      "eIQbndfxQMb",
      "202106",
      "394148"
    ],
    [
      "WUg3MYWQ7pt",
      "eIQbndfxQMb",
      "202105",
      "394148"
    ],
    [
      "WUg3MYWQ7pt",
      "eIQbndfxQMb",
      "202108",
      "394148"
    ],
    [
      "WUg3MYWQ7pt",
      "eIQbndfxQMb",
      "202107",
      "394148"
    ],
    [
      "WUg3MYWQ7pt",
      "eIQbndfxQMb",
      "202102",
      "394148"
    ],
    [
      "WUg3MYWQ7pt",
      "at6UHUQatSo",
      "202001",
      "862426.4"
    ],
    [
      "WUg3MYWQ7pt",
      "eIQbndfxQMb",
      "202101",
      "394148"
    ],
    [
      "WUg3MYWQ7pt",
      "eIQbndfxQMb",
      "202104",
      "394148"
    ],
    [
      "WUg3MYWQ7pt",
      "bL4ooGhyHRQ",
      "201908",
      "252460"
    ],
    [
      "WUg3MYWQ7pt",
      "bL4ooGhyHRQ",
      "201909",
      "252460"
    ],
    [
      "WUg3MYWQ7pt",
      "eIQbndfxQMb",
      "202103",
      "394148"
    ],
    [
      "WUg3MYWQ7pt",
      "bL4ooGhyHRQ",
      "201906",
      "252460"
    ],
    [
      "WUg3MYWQ7pt",
      "at6UHUQatSo",
      "202005",
      "862426.4"
    ],
    [
      "WUg3MYWQ7pt",
      "at6UHUQatSo",
      "202004",
      "862426.4"
    ],
    [
      "WUg3MYWQ7pt",
      "bL4ooGhyHRQ",
      "201907",
      "252460"
    ],
    [
      "WUg3MYWQ7pt",
      "bL4ooGhyHRQ",
      "201904",
      "252460"
    ],
    [
      "WUg3MYWQ7pt",
      "at6UHUQatSo",
      "202003",
      "862426.4"
    ],
    [
      "WUg3MYWQ7pt",
      "at6UHUQatSo",
      "202002",
      "860070"
    ],
    [
      "WUg3MYWQ7pt",
      "bL4ooGhyHRQ",
      "201905",
      "252460"
    ],
    [
      "WUg3MYWQ7pt",
      "at6UHUQatSo",
      "202009",
      "862426.4"
    ],
    [
      "WUg3MYWQ7pt",
      "at6UHUQatSo",
      "202008",
      "862426.4"
    ],
    [
      "WUg3MYWQ7pt",
      "bL4ooGhyHRQ",
      "201911",
      "252460"
    ],
    [
      "WUg3MYWQ7pt",
      "at6UHUQatSo",
      "202007",
      "862426.4"
    ],
    [
      "WUg3MYWQ7pt",
      "at6UHUQatSo",
      "202006",
      "862426.4"
    ],
    [
      "WUg3MYWQ7pt",
      "bL4ooGhyHRQ",
      "201912",
      "252460"
    ],
    [
      "WUg3MYWQ7pt",
      "bL4ooGhyHRQ",
      "201910",
      "252460"
    ],
    [
      "WUg3MYWQ7pt",
      "jUb8gELQApl",
      "201809",
      "381572"
    ],
    [
      "WUg3MYWQ7pt",
      "at6UHUQatSo",
      "202012",
      "862426.4"
    ],
    [
      "WUg3MYWQ7pt",
      "at6UHUQatSo",
      "202011",
      "862426.4"
    ],
    [
      "WUg3MYWQ7pt",
      "at6UHUQatSo",
      "202010",
      "862426.4"
    ],
    [
      "WUg3MYWQ7pt",
      "jUb8gELQApl",
      "201805",
      "381572"
    ],
    [
      "WUg3MYWQ7pt",
      "jUb8gELQApl",
      "201806",
      "381572"
    ],
    [
      "WUg3MYWQ7pt",
      "jUb8gELQApl",
      "201807",
      "381572"
    ],
    [
      "WUg3MYWQ7pt",
      "jUb8gELQApl",
      "201808",
      "381572"
    ],
    [
      "WUg3MYWQ7pt",
      "bL4ooGhyHRQ",
      "201902",
      "252460"
    ],
    [
      "WUg3MYWQ7pt",
      "O6uvpzGd5pu",
      "202204",
      "523015"
    ],
    [
      "WUg3MYWQ7pt",
      "jUb8gELQApl",
      "201812",
      "381572"
    ],
    [
      "WUg3MYWQ7pt",
      "O6uvpzGd5pu",
      "202205",
      "523015"
    ],
    [
      "WUg3MYWQ7pt",
      "bL4ooGhyHRQ",
      "201903",
      "252460"
    ],
    [
      "WUg3MYWQ7pt",
      "O6uvpzGd5pu",
      "202202",
      "523015"
    ],
    [
      "WUg3MYWQ7pt",
      "O6uvpzGd5pu",
      "202203",
      "523015"
    ],
    [
      "WUg3MYWQ7pt",
      "bL4ooGhyHRQ",
      "201901",
      "252460"
    ],
    [
      "WUg3MYWQ7pt",
      "O6uvpzGd5pu",
      "202201",
      "523015"
    ],
    [
      "WUg3MYWQ7pt",
      "jUb8gELQApl",
      "201810",
      "381572"
    ],
    [
      "WUg3MYWQ7pt",
      "jUb8gELQApl",
      "201811",
      "381572"
    ],
    [
      "WUg3MYWQ7pt",
      "O6uvpzGd5pu",
      "202208",
      "523015"
    ],
    [
      "WUg3MYWQ7pt",
      "O6uvpzGd5pu",
      "202209",
      "523015"
    ],
    [
      "WUg3MYWQ7pt",
      "O6uvpzGd5pu",
      "202206",
      "523015"
    ],
    [
      "WUg3MYWQ7pt",
      "O6uvpzGd5pu",
      "202207",
      "523015"
    ],
    [
      "WUg3MYWQ7pt",
      "jmIPBj66vD6",
      "202305",
      "310353"
    ],
    [
      "WUg3MYWQ7pt",
      "jmIPBj66vD6",
      "202304",
      "310353"
    ],
    [
      "WUg3MYWQ7pt",
      "jmIPBj66vD6",
      "202307",
      "310353"
    ],
    [
      "WUg3MYWQ7pt",
      "jmIPBj66vD6",
      "202306",
      "310353"
    ],
    [
      "WUg3MYWQ7pt",
      "jmIPBj66vD6",
      "202301",
      "310353"
    ],
    [
      "WUg3MYWQ7pt",
      "jmIPBj66vD6",
      "202303",
      "310353"
    ],
    [
      "WUg3MYWQ7pt",
      "jmIPBj66vD6",
      "202302",
      "310353"
    ],
    [
      "WUg3MYWQ7pt",
      "jUb8gELQApl",
      "201801",
      "381572"
    ],
    [
      "WUg3MYWQ7pt",
      "jUb8gELQApl",
      "201802",
      "381572"
    ],
    [
      "WUg3MYWQ7pt",
      "jUb8gELQApl",
      "201803",
      "381572"
    ],
    [
      "WUg3MYWQ7pt",
      "jUb8gELQApl",
      "201804",
      "381572"
    ],
    [
      "WUg3MYWQ7pt",
      "O6uvpzGd5pu",
      "202211",
      "523015"
    ],
    [
      "WUg3MYWQ7pt",
      "O6uvpzGd5pu",
      "202212",
      "523015"
    ],
    [
      "WUg3MYWQ7pt",
      "PMa2VCrupOd",
      "202312",
      "316478"
    ],
    [
      "WUg3MYWQ7pt",
      "O6uvpzGd5pu",
      "202210",
      "523015"
    ],
    [
      "WUg3MYWQ7pt",
      "PMa2VCrupOd",
      "202310",
      "316478"
    ],
    [
      "WUg3MYWQ7pt",
      "PMa2VCrupOd",
      "202311",
      "316478"
    ],
    [
      "WUg3MYWQ7pt",
      "eIQbndfxQMb",
      "202311",
      "410238"
    ],
    [
      "WUg3MYWQ7pt",
      "eIQbndfxQMb",
      "202310",
      "410238"
    ],
    [
      "WUg3MYWQ7pt",
      "eIQbndfxQMb",
      "202312",
      "410238"
    ],
    [
      "WUg3MYWQ7pt",
      "eIQbndfxQMb",
      "202308",
      "410238"
    ],
    [
      "WUg3MYWQ7pt",
      "eIQbndfxQMb",
      "202307",
      "410238"
    ],
    [
      "WUg3MYWQ7pt",
      "eIQbndfxQMb",
      "202309",
      "410238"
    ],
    [
      "WUg3MYWQ7pt",
      "eIQbndfxQMb",
      "202304",
      "410238"
    ],
    [
      "WUg3MYWQ7pt",
      "eIQbndfxQMb",
      "202303",
      "410238"
    ],
    [
      "WUg3MYWQ7pt",
      "eIQbndfxQMb",
      "202306",
      "410238"
    ],
    [
      "WUg3MYWQ7pt",
      "eIQbndfxQMb",
      "202305",
      "410238"
    ],
    [
      "WUg3MYWQ7pt",
      "eIQbndfxQMb",
      "202302",
      "410238"
    ],
    [
      "WUg3MYWQ7pt",
      "eIQbndfxQMb",
      "202301",
      "410238"
    ],
    [
      "WUg3MYWQ7pt",
      "TEQlaapDQoK",
      "201910",
      "501028"
    ],
    [
      "WUg3MYWQ7pt",
      "TEQlaapDQoK",
      "201912",
      "501028"
    ],
    [
      "WUg3MYWQ7pt",
      "TEQlaapDQoK",
      "201911",
      "501028"
    ],
    [
      "WUg3MYWQ7pt",
      "O6uvpzGd5pu",
      "202010",
      "503687.2"
    ],
    [
      "WUg3MYWQ7pt",
      "O6uvpzGd5pu",
      "202006",
      "503687.2"
    ],
    [
      "WUg3MYWQ7pt",
      "O6uvpzGd5pu",
      "202007",
      "503687.2"
    ],
    [
      "WUg3MYWQ7pt",
      "O6uvpzGd5pu",
      "202004",
      "503687.2"
    ],
    [
      "WUg3MYWQ7pt",
      "O6uvpzGd5pu",
      "202005",
      "503687.2"
    ],
    [
      "WUg3MYWQ7pt",
      "O6uvpzGd5pu",
      "202002",
      "502311"
    ],
    [
      "WUg3MYWQ7pt",
      "O6uvpzGd5pu",
      "202003",
      "503687.2"
    ],
    [
      "WUg3MYWQ7pt",
      "O6uvpzGd5pu",
      "202001",
      "503687.2"
    ],
    [
      "WUg3MYWQ7pt",
      "O6uvpzGd5pu",
      "202008",
      "503687.2"
    ],
    [
      "WUg3MYWQ7pt",
      "O6uvpzGd5pu",
      "202009",
      "503687.2"
    ],
    [
      "WUg3MYWQ7pt",
      "Vth0fbpFcsO",
      "201908",
      "367732"
    ],
    [
      "WUg3MYWQ7pt",
      "Vth0fbpFcsO",
      "201909",
      "367732"
    ],
    [
      "WUg3MYWQ7pt",
      "Vth0fbpFcsO",
      "201906",
      "367732"
    ],
    [
      "WUg3MYWQ7pt",
      "Vth0fbpFcsO",
      "201907",
      "367732"
    ],
    [
      "WUg3MYWQ7pt",
      "Vth0fbpFcsO",
      "201904",
      "367732"
    ],
    [
      "WUg3MYWQ7pt",
      "Vth0fbpFcsO",
      "201905",
      "367732"
    ],
    [
      "WUg3MYWQ7pt",
      "Vth0fbpFcsO",
      "201902",
      "367732"
    ],
    [
      "WUg3MYWQ7pt",
      "Vth0fbpFcsO",
      "201903",
      "367732"
    ],
    [
      "WUg3MYWQ7pt",
      "O6uvpzGd5pu",
      "202011",
      "503687.2"
    ],
    [
      "WUg3MYWQ7pt",
      "O6uvpzGd5pu",
      "202012",
      "503687.2"
    ],
    [
      "WUg3MYWQ7pt",
      "Vth0fbpFcsO",
      "201901",
      "367732"
    ],
    [
      "WUg3MYWQ7pt",
      "qhqAxPSTUXp",
      "202006",
      "291032.2"
    ],
    [
      "WUg3MYWQ7pt",
      "qhqAxPSTUXp",
      "202007",
      "291032.2"
    ],
    [
      "WUg3MYWQ7pt",
      "qhqAxPSTUXp",
      "202008",
      "291032.2"
    ],
    [
      "WUg3MYWQ7pt",
      "qhqAxPSTUXp",
      "202009",
      "291032.2"
    ],
    [
      "WUg3MYWQ7pt",
      "qhqAxPSTUXp",
      "202002",
      "290237"
    ],
    [
      "WUg3MYWQ7pt",
      "qhqAxPSTUXp",
      "202003",
      "291032.2"
    ],
    [
      "WUg3MYWQ7pt",
      "qhqAxPSTUXp",
      "202004",
      "291032.2"
    ],
    [
      "WUg3MYWQ7pt",
      "qhqAxPSTUXp",
      "202005",
      "291032.2"
    ],
    [
      "WUg3MYWQ7pt",
      "Vth0fbpFcsO",
      "201911",
      "367732"
    ],
    [
      "WUg3MYWQ7pt",
      "qhqAxPSTUXp",
      "202010",
      "291032.2"
    ],
    [
      "WUg3MYWQ7pt",
      "Vth0fbpFcsO",
      "201912",
      "367732"
    ],
    [
      "WUg3MYWQ7pt",
      "qhqAxPSTUXp",
      "202011",
      "291032.2"
    ],
    [
      "WUg3MYWQ7pt",
      "qhqAxPSTUXp",
      "202012",
      "291032.2"
    ],
    [
      "WUg3MYWQ7pt",
      "Vth0fbpFcsO",
      "201910",
      "367732"
    ],
    [
      "WUg3MYWQ7pt",
      "fdc6uOvgoji",
      "202010",
      "444611.8"
    ],
    [
      "WUg3MYWQ7pt",
      "fdc6uOvgoji",
      "202011",
      "444611.8"
    ],
    [
      "WUg3MYWQ7pt",
      "fdc6uOvgoji",
      "202012",
      "444611.8"
    ],
    [
      "WUg3MYWQ7pt",
      "fdc6uOvgoji",
      "202007",
      "444611.8"
    ],
    [
      "WUg3MYWQ7pt",
      "fdc6uOvgoji",
      "202008",
      "444611.8"
    ],
    [
      "WUg3MYWQ7pt",
      "fdc6uOvgoji",
      "202009",
      "444611.8"
    ],
    [
      "WUg3MYWQ7pt",
      "TEQlaapDQoK",
      "201909",
      "501028"
    ],
    [
      "WUg3MYWQ7pt",
      "TEQlaapDQoK",
      "201908",
      "501028"
    ],
    [
      "WUg3MYWQ7pt",
      "kJq2mPyFEHo",
      "201909",
      "540775"
    ],
    [
      "WUg3MYWQ7pt",
      "kJq2mPyFEHo",
      "201908",
      "540775"
    ],
    [
      "WUg3MYWQ7pt",
      "kJq2mPyFEHo",
      "201907",
      "540775"
    ],
    [
      "WUg3MYWQ7pt",
      "kJq2mPyFEHo",
      "201912",
      "540775"
    ],
    [
      "WUg3MYWQ7pt",
      "kJq2mPyFEHo",
      "201911",
      "540775"
    ],
    [
      "WUg3MYWQ7pt",
      "kJq2mPyFEHo",
      "201910",
      "540775"
    ],
    [
      "WUg3MYWQ7pt",
      "TEQlaapDQoK",
      "201903",
      "501028"
    ],
    [
      "WUg3MYWQ7pt",
      "TEQlaapDQoK",
      "201902",
      "501028"
    ],
    [
      "WUg3MYWQ7pt",
      "TEQlaapDQoK",
      "201901",
      "501028"
    ],
    [
      "WUg3MYWQ7pt",
      "TEQlaapDQoK",
      "201907",
      "501028"
    ],
    [
      "WUg3MYWQ7pt",
      "TEQlaapDQoK",
      "201906",
      "501028"
    ],
    [
      "WUg3MYWQ7pt",
      "TEQlaapDQoK",
      "201905",
      "501028"
    ],
    [
      "WUg3MYWQ7pt",
      "TEQlaapDQoK",
      "201904",
      "501028"
    ],
    [
      "WUg3MYWQ7pt",
      "kJq2mPyFEHo",
      "201902",
      "540775"
    ],
    [
      "WUg3MYWQ7pt",
      "kJq2mPyFEHo",
      "201901",
      "540775"
    ],
    [
      "WUg3MYWQ7pt",
      "kJq2mPyFEHo",
      "201906",
      "540775"
    ],
    [
      "WUg3MYWQ7pt",
      "kJq2mPyFEHo",
      "201905",
      "540775"
    ],
    [
      "WUg3MYWQ7pt",
      "kJq2mPyFEHo",
      "201904",
      "540775"
    ],
    [
      "WUg3MYWQ7pt",
      "kJq2mPyFEHo",
      "201903",
      "540775"
    ],
    [
      "WUg3MYWQ7pt",
      "qhqAxPSTUXp",
      "202001",
      "291032.2"
    ],
    [
      "WUg3MYWQ7pt",
      "qhqAxPSTUXp",
      "202204",
      "302206"
    ],
    [
      "WUg3MYWQ7pt",
      "qhqAxPSTUXp",
      "202205",
      "302206"
    ],
    [
      "WUg3MYWQ7pt",
      "qhqAxPSTUXp",
      "202206",
      "302206"
    ],
    [
      "WUg3MYWQ7pt",
      "qhqAxPSTUXp",
      "202207",
      "302206"
    ],
    [
      "WUg3MYWQ7pt",
      "qhqAxPSTUXp",
      "202201",
      "302206"
    ],
    [
      "WUg3MYWQ7pt",
      "qhqAxPSTUXp",
      "202202",
      "302206"
    ],
    [
      "WUg3MYWQ7pt",
      "qhqAxPSTUXp",
      "202203",
      "302206"
    ],
    [
      "WUg3MYWQ7pt",
      "qhqAxPSTUXp",
      "202208",
      "302206"
    ],
    [
      "WUg3MYWQ7pt",
      "qhqAxPSTUXp",
      "202209",
      "302206"
    ],
    [
      "WUg3MYWQ7pt",
      "PMa2VCrupOd",
      "202109",
      "304059"
    ],
    [
      "WUg3MYWQ7pt",
      "PMa2VCrupOd",
      "202107",
      "304059"
    ],
    [
      "WUg3MYWQ7pt",
      "PMa2VCrupOd",
      "202108",
      "304059"
    ],
    [
      "WUg3MYWQ7pt",
      "PMa2VCrupOd",
      "202105",
      "304059"
    ],
    [
      "WUg3MYWQ7pt",
      "PMa2VCrupOd",
      "202106",
      "304059"
    ],
    [
      "WUg3MYWQ7pt",
      "PMa2VCrupOd",
      "202103",
      "304059"
    ],
    [
      "WUg3MYWQ7pt",
      "PMa2VCrupOd",
      "202104",
      "304059"
    ],
    [
      "WUg3MYWQ7pt",
      "PMa2VCrupOd",
      "202101",
      "304059"
    ],
    [
      "WUg3MYWQ7pt",
      "PMa2VCrupOd",
      "202102",
      "304059"
    ],
    [
      "WUg3MYWQ7pt",
      "qhqAxPSTUXp",
      "202210",
      "302206"
    ],
    [
      "WUg3MYWQ7pt",
      "qhqAxPSTUXp",
      "202211",
      "302206"
    ],
    [
      "WUg3MYWQ7pt",
      "qhqAxPSTUXp",
      "202212",
      "302206"
    ],
    [
      "WUg3MYWQ7pt",
      "fdc6uOvgoji",
      "202212",
      "461678"
    ],
    [
      "WUg3MYWQ7pt",
      "fdc6uOvgoji",
      "202210",
      "461678"
    ],
    [
      "WUg3MYWQ7pt",
      "fdc6uOvgoji",
      "202211",
      "461678"
    ],
    [
      "WUg3MYWQ7pt",
      "fdc6uOvgoji",
      "202209",
      "461678"
    ],
    [
      "WUg3MYWQ7pt",
      "fdc6uOvgoji",
      "202205",
      "461678"
    ],
    [
      "WUg3MYWQ7pt",
      "fdc6uOvgoji",
      "202206",
      "461678"
    ],
    [
      "WUg3MYWQ7pt",
      "fdc6uOvgoji",
      "202207",
      "461678"
    ],
    [
      "WUg3MYWQ7pt",
      "fdc6uOvgoji",
      "202208",
      "461678"
    ],
    [
      "WUg3MYWQ7pt",
      "jmIPBj66vD6",
      "201801",
      "280653"
    ],
    [
      "WUg3MYWQ7pt",
      "lc3eMKXaEfw",
      "201912",
      "156164"
    ],
    [
      "WUg3MYWQ7pt",
      "fdc6uOvgoji",
      "202003",
      "444611.8"
    ],
    [
      "WUg3MYWQ7pt",
      "fdc6uOvgoji",
      "202004",
      "444611.8"
    ],
    [
      "WUg3MYWQ7pt",
      "fdc6uOvgoji",
      "202005",
      "444611.8"
    ],
    [
      "WUg3MYWQ7pt",
      "fdc6uOvgoji",
      "202006",
      "444611.8"
    ],
    [
      "WUg3MYWQ7pt",
      "fdc6uOvgoji",
      "202001",
      "444611.8"
    ],
    [
      "WUg3MYWQ7pt",
      "fdc6uOvgoji",
      "202002",
      "443397"
    ],
    [
      "WUg3MYWQ7pt",
      "jUb8gELQApl",
      "202308",
      "421962"
    ],
    [
      "WUg3MYWQ7pt",
      "jUb8gELQApl",
      "202307",
      "421962"
    ],
    [
      "WUg3MYWQ7pt",
      "jUb8gELQApl",
      "202309",
      "421962"
    ],
    [
      "WUg3MYWQ7pt",
      "jUb8gELQApl",
      "202304",
      "421962"
    ],
    [
      "WUg3MYWQ7pt",
      "at6UHUQatSo",
      "201804",
      "826007"
    ],
    [
      "WUg3MYWQ7pt",
      "jUb8gELQApl",
      "202303",
      "421962"
    ],
    [
      "WUg3MYWQ7pt",
      "at6UHUQatSo",
      "201803",
      "826007"
    ],
    [
      "WUg3MYWQ7pt",
      "at6UHUQatSo",
      "201802",
      "826007"
    ],
    [
      "WUg3MYWQ7pt",
      "jUb8gELQApl",
      "202306",
      "421962"
    ],
    [
      "WUg3MYWQ7pt",
      "jUb8gELQApl",
      "202305",
      "421962"
    ],
    [
      "WUg3MYWQ7pt",
      "at6UHUQatSo",
      "201801",
      "826007"
    ],
    [
      "WUg3MYWQ7pt",
      "at6UHUQatSo",
      "201808",
      "826007"
    ],
    [
      "WUg3MYWQ7pt",
      "at6UHUQatSo",
      "201807",
      "826007"
    ],
    [
      "WUg3MYWQ7pt",
      "jUb8gELQApl",
      "202302",
      "421962"
    ],
    [
      "WUg3MYWQ7pt",
      "lc3eMKXaEfw",
      "201911",
      "156164"
    ],
    [
      "WUg3MYWQ7pt",
      "at6UHUQatSo",
      "201806",
      "826007"
    ],
    [
      "WUg3MYWQ7pt",
      "bL4ooGhyHRQ",
      "202112",
      "262864"
    ],
    [
      "WUg3MYWQ7pt",
      "lc3eMKXaEfw",
      "201910",
      "156164"
    ],
    [
      "WUg3MYWQ7pt",
      "jUb8gELQApl",
      "202301",
      "421962"
    ],
    [
      "WUg3MYWQ7pt",
      "at6UHUQatSo",
      "201805",
      "826007"
    ],
    [
      "WUg3MYWQ7pt",
      "bL4ooGhyHRQ",
      "202110",
      "262864"
    ],
    [
      "WUg3MYWQ7pt",
      "bL4ooGhyHRQ",
      "202111",
      "262864"
    ],
    [
      "WUg3MYWQ7pt",
      "at6UHUQatSo",
      "201809",
      "826007"
    ],
    [
      "WUg3MYWQ7pt",
      "lc3eMKXaEfw",
      "201906",
      "156164"
    ],
    [
      "WUg3MYWQ7pt",
      "jmIPBj66vD6",
      "201810",
      "280653"
    ],
    [
      "WUg3MYWQ7pt",
      "lc3eMKXaEfw",
      "201905",
      "156164"
    ],
    [
      "WUg3MYWQ7pt",
      "lc3eMKXaEfw",
      "201908",
      "156164"
    ],
    [
      "WUg3MYWQ7pt",
      "jmIPBj66vD6",
      "201812",
      "280653"
    ],
    [
      "WUg3MYWQ7pt",
      "jmIPBj66vD6",
      "201811",
      "280653"
    ],
    [
      "WUg3MYWQ7pt",
      "lc3eMKXaEfw",
      "201907",
      "156164"
    ],
    [
      "WUg3MYWQ7pt",
      "lc3eMKXaEfw",
      "201902",
      "156164"
    ],
    [
      "WUg3MYWQ7pt",
      "lc3eMKXaEfw",
      "201901",
      "156164"
    ],
    [
      "WUg3MYWQ7pt",
      "lc3eMKXaEfw",
      "201904",
      "156164"
    ],
    [
      "WUg3MYWQ7pt",
      "lc3eMKXaEfw",
      "201903",
      "156164"
    ],
    [
      "WUg3MYWQ7pt",
      "lc3eMKXaEfw",
      "201909",
      "156164"
    ],
    [
      "WUg3MYWQ7pt",
      "at6UHUQatSo",
      "201811",
      "826007"
    ],
    [
      "WUg3MYWQ7pt",
      "at6UHUQatSo",
      "201810",
      "826007"
    ],
    [
      "WUg3MYWQ7pt",
      "bL4ooGhyHRQ",
      "202109",
      "262864"
    ],
    [
      "WUg3MYWQ7pt",
      "bL4ooGhyHRQ",
      "202107",
      "262864"
    ],
    [
      "WUg3MYWQ7pt",
      "bL4ooGhyHRQ",
      "202108",
      "262864"
    ],
    [
      "WUg3MYWQ7pt",
      "bL4ooGhyHRQ",
      "202105",
      "262864"
    ],
    [
      "WUg3MYWQ7pt",
      "bL4ooGhyHRQ",
      "202106",
      "262864"
    ],
    [
      "WUg3MYWQ7pt",
      "at6UHUQatSo",
      "201812",
      "826007"
    ],
    [
      "WUg3MYWQ7pt",
      "PMa2VCrupOd",
      "202112",
      "304059"
    ],
    [
      "WUg3MYWQ7pt",
      "bL4ooGhyHRQ",
      "202103",
      "262864"
    ],
    [
      "WUg3MYWQ7pt",
      "jmIPBj66vD6",
      "201807",
      "280653"
    ],
    [
      "WUg3MYWQ7pt",
      "bL4ooGhyHRQ",
      "202104",
      "262864"
    ],
    [
      "WUg3MYWQ7pt",
      "jmIPBj66vD6",
      "201806",
      "280653"
    ],
    [
      "WUg3MYWQ7pt",
      "jmIPBj66vD6",
      "201809",
      "280653"
    ],
    [
      "WUg3MYWQ7pt",
      "PMa2VCrupOd",
      "202110",
      "304059"
    ],
    [
      "WUg3MYWQ7pt",
      "bL4ooGhyHRQ",
      "202101",
      "262864"
    ],
    [
      "WUg3MYWQ7pt",
      "bL4ooGhyHRQ",
      "202102",
      "262864"
    ],
    [
      "WUg3MYWQ7pt",
      "PMa2VCrupOd",
      "202111",
      "304059"
    ],
    [
      "WUg3MYWQ7pt",
      "jmIPBj66vD6",
      "201808",
      "280653"
    ],
    [
      "WUg3MYWQ7pt",
      "jmIPBj66vD6",
      "201803",
      "280653"
    ],
    [
      "WUg3MYWQ7pt",
      "jmIPBj66vD6",
      "201802",
      "280653"
    ],
    [
      "WUg3MYWQ7pt",
      "jmIPBj66vD6",
      "201805",
      "280653"
    ],
    [
      "WUg3MYWQ7pt",
      "jmIPBj66vD6",
      "201804",
      "280653"
    ],
    [
      "WUg3MYWQ7pt",
      "fdc6uOvgoji",
      "202301",
      "470912"
    ],
    [
      "WUg3MYWQ7pt",
      "fdc6uOvgoji",
      "202302",
      "470912"
    ],
    [
      "WUg3MYWQ7pt",
      "fdc6uOvgoji",
      "202303",
      "470912"
    ],
    [
      "WUg3MYWQ7pt",
      "jUb8gELQApl",
      "202209",
      "413687"
    ],
    [
      "WUg3MYWQ7pt",
      "jUb8gELQApl",
      "202208",
      "413687"
    ],
    [
      "WUg3MYWQ7pt",
      "jUb8gELQApl",
      "202205",
      "413687"
    ],
    [
      "WUg3MYWQ7pt",
      "jUb8gELQApl",
      "202204",
      "413687"
    ],
    [
      "WUg3MYWQ7pt",
      "jUb8gELQApl",
      "202207",
      "413687"
    ],
    [
      "WUg3MYWQ7pt",
      "jUb8gELQApl",
      "202206",
      "413687"
    ],
    [
      "WUg3MYWQ7pt",
      "jUb8gELQApl",
      "202201",
      "413687"
    ],
    [
      "WUg3MYWQ7pt",
      "bL4ooGhyHRQ",
      "202211",
      "268227"
    ],
    [
      "WUg3MYWQ7pt",
      "jUb8gELQApl",
      "202203",
      "413687"
    ],
    [
      "WUg3MYWQ7pt",
      "jUb8gELQApl",
      "202202",
      "413687"
    ],
    [
      "WUg3MYWQ7pt",
      "bL4ooGhyHRQ",
      "202212",
      "268227"
    ],
    [
      "WUg3MYWQ7pt",
      "bL4ooGhyHRQ",
      "202210",
      "268227"
    ],
    [
      "WUg3MYWQ7pt",
      "kJq2mPyFEHo",
      "202010",
      "553320.8"
    ],
    [
      "WUg3MYWQ7pt",
      "kJq2mPyFEHo",
      "202011",
      "553320.8"
    ],
    [
      "WUg3MYWQ7pt",
      "O6uvpzGd5pu",
      "201907",
      "492266"
    ],
    [
      "WUg3MYWQ7pt",
      "O6uvpzGd5pu",
      "201906",
      "492266"
    ],
    [
      "WUg3MYWQ7pt",
      "O6uvpzGd5pu",
      "201909",
      "492266"
    ],
    [
      "WUg3MYWQ7pt",
      "O6uvpzGd5pu",
      "201908",
      "492266"
    ],
    [
      "WUg3MYWQ7pt",
      "TEQlaapDQoK",
      "202012",
      "512647.7"
    ],
    [
      "WUg3MYWQ7pt",
      "TEQlaapDQoK",
      "202011",
      "512647.7"
    ],
    [
      "WUg3MYWQ7pt",
      "TEQlaapDQoK",
      "202010",
      "512647.7"
    ],
    [
      "WUg3MYWQ7pt",
      "TEQlaapDQoK",
      "202005",
      "512647.7"
    ],
    [
      "WUg3MYWQ7pt",
      "TEQlaapDQoK",
      "202004",
      "512647.7"
    ],
    [
      "WUg3MYWQ7pt",
      "TEQlaapDQoK",
      "202003",
      "512647.7"
    ],
    [
      "WUg3MYWQ7pt",
      "bL4ooGhyHRQ",
      "202208",
      "268227"
    ],
    [
      "WUg3MYWQ7pt",
      "TEQlaapDQoK",
      "202002",
      "511247"
    ],
    [
      "WUg3MYWQ7pt",
      "bL4ooGhyHRQ",
      "202209",
      "268227"
    ],
    [
      "WUg3MYWQ7pt",
      "TEQlaapDQoK",
      "202009",
      "512647.7"
    ],
    [
      "WUg3MYWQ7pt",
      "bL4ooGhyHRQ",
      "202206",
      "268227"
    ],
    [
      "WUg3MYWQ7pt",
      "TEQlaapDQoK",
      "202008",
      "512647.7"
    ],
    [
      "WUg3MYWQ7pt",
      "bL4ooGhyHRQ",
      "202207",
      "268227"
    ],
    [
      "WUg3MYWQ7pt",
      "bL4ooGhyHRQ",
      "202204",
      "268227"
    ],
    [
      "WUg3MYWQ7pt",
      "TEQlaapDQoK",
      "202007",
      "512647.7"
    ],
    [
      "WUg3MYWQ7pt",
      "TEQlaapDQoK",
      "202006",
      "512647.7"
    ],
    [
      "WUg3MYWQ7pt",
      "bL4ooGhyHRQ",
      "202205",
      "268227"
    ],
    [
      "WUg3MYWQ7pt",
      "bL4ooGhyHRQ",
      "202202",
      "268227"
    ],
    [
      "WUg3MYWQ7pt",
      "O6uvpzGd5pu",
      "201903",
      "492266"
    ],
    [
      "WUg3MYWQ7pt",
      "O6uvpzGd5pu",
      "201902",
      "492266"
    ],
    [
      "WUg3MYWQ7pt",
      "bL4ooGhyHRQ",
      "202203",
      "268227"
    ],
    [
      "WUg3MYWQ7pt",
      "O6uvpzGd5pu",
      "201905",
      "492266"
    ],
    [
      "WUg3MYWQ7pt",
      "O6uvpzGd5pu",
      "201904",
      "492266"
    ],
    [
      "WUg3MYWQ7pt",
      "bL4ooGhyHRQ",
      "202201",
      "268227"
    ],
    [
      "WUg3MYWQ7pt",
      "kJq2mPyFEHo",
      "202012",
      "553320.8"
    ],
    [
      "WUg3MYWQ7pt",
      "O6uvpzGd5pu",
      "201901",
      "492266"
    ],
    [
      "WUg3MYWQ7pt",
      "O6uvpzGd5pu",
      "201910",
      "492266"
    ],
    [
      "WUg3MYWQ7pt",
      "O6uvpzGd5pu",
      "201912",
      "492266"
    ],
    [
      "WUg3MYWQ7pt",
      "O6uvpzGd5pu",
      "201911",
      "492266"
    ],
    [
      "WUg3MYWQ7pt",
      "eIQbndfxQMb",
      "201912",
      "378550"
    ],
    [
      "WUg3MYWQ7pt",
      "eIQbndfxQMb",
      "201911",
      "378550"
    ],
    [
      "WUg3MYWQ7pt",
      "eIQbndfxQMb",
      "201910",
      "378550"
    ],
    [
      "WUg3MYWQ7pt",
      "fdc6uOvgoji",
      "202311",
      "470912"
    ],
    [
      "WUg3MYWQ7pt",
      "fdc6uOvgoji",
      "202312",
      "470912"
    ],
    [
      "WUg3MYWQ7pt",
      "fdc6uOvgoji",
      "202310",
      "470912"
    ],
    [
      "WUg3MYWQ7pt",
      "fdc6uOvgoji",
      "202308",
      "470912"
    ],
    [
      "WUg3MYWQ7pt",
      "fdc6uOvgoji",
      "202309",
      "470912"
    ],
    [
      "WUg3MYWQ7pt",
      "fdc6uOvgoji",
      "202304",
      "470912"
    ],
    [
      "WUg3MYWQ7pt",
      "fdc6uOvgoji",
      "202305",
      "470912"
    ],
    [
      "WUg3MYWQ7pt",
      "fdc6uOvgoji",
      "202306",
      "470912"
    ],
    [
      "WUg3MYWQ7pt",
      "fdc6uOvgoji",
      "202307",
      "470912"
    ],
    [
      "WUg3MYWQ7pt",
      "jUb8gELQApl",
      "202212",
      "413687"
    ],
    [
      "WUg3MYWQ7pt",
      "jUb8gELQApl",
      "202211",
      "413687"
    ],
    [
      "WUg3MYWQ7pt",
      "jUb8gELQApl",
      "202210",
      "413687"
    ],
    [
      "WUg3MYWQ7pt",
      "eIQbndfxQMb",
      "201901",
      "378550"
    ],
    [
      "WUg3MYWQ7pt",
      "eIQbndfxQMb",
      "201903",
      "378550"
    ],
    [
      "WUg3MYWQ7pt",
      "eIQbndfxQMb",
      "201902",
      "378550"
    ],
    [
      "WUg3MYWQ7pt",
      "TEQlaapDQoK",
      "202212",
      "532322"
    ],
    [
      "WUg3MYWQ7pt",
      "TEQlaapDQoK",
      "202211",
      "532322"
    ],
    [
      "WUg3MYWQ7pt",
      "jUb8gELQApl",
      "202006",
      "398397.5"
    ],
    [
      "WUg3MYWQ7pt",
      "jUb8gELQApl",
      "202007",
      "398397.5"
    ],
    [
      "WUg3MYWQ7pt",
      "jUb8gELQApl",
      "202008",
      "398397.5"
    ],
    [
      "WUg3MYWQ7pt",
      "jUb8gELQApl",
      "202009",
      "398397.5"
    ],
    [
      "WUg3MYWQ7pt",
      "jUb8gELQApl",
      "202002",
      "397309"
    ],
    [
      "WUg3MYWQ7pt",
      "eIQbndfxQMb",
      "201909",
      "378550"
    ],
    [
      "WUg3MYWQ7pt",
      "jUb8gELQApl",
      "202003",
      "398397.5"
    ],
    [
      "WUg3MYWQ7pt",
      "eIQbndfxQMb",
      "201908",
      "378550"
    ],
    [
      "WUg3MYWQ7pt",
      "jUb8gELQApl",
      "202004",
      "398397.5"
    ],
    [
      "WUg3MYWQ7pt",
      "jUb8gELQApl",
      "202005",
      "398397.5"
    ],
    [
      "WUg3MYWQ7pt",
      "eIQbndfxQMb",
      "201905",
      "378550"
    ],
    [
      "WUg3MYWQ7pt",
      "eIQbndfxQMb",
      "201904",
      "378550"
    ],
    [
      "WUg3MYWQ7pt",
      "eIQbndfxQMb",
      "201907",
      "378550"
    ],
    [
      "WUg3MYWQ7pt",
      "eIQbndfxQMb",
      "201906",
      "378550"
    ],
    [
      "WUg3MYWQ7pt",
      "jUb8gELQApl",
      "202001",
      "398397.5"
    ],
    [
      "WUg3MYWQ7pt",
      "TEQlaapDQoK",
      "202210",
      "532322"
    ],
    [
      "WUg3MYWQ7pt",
      "TEQlaapDQoK",
      "202203",
      "532322"
    ],
    [
      "WUg3MYWQ7pt",
      "TEQlaapDQoK",
      "202202",
      "532322"
    ],
    [
      "WUg3MYWQ7pt",
      "TEQlaapDQoK",
      "202201",
      "532322"
    ],
    [
      "WUg3MYWQ7pt",
      "TEQlaapDQoK",
      "202207",
      "532322"
    ],
    [
      "WUg3MYWQ7pt",
      "TEQlaapDQoK",
      "202206",
      "532322"
    ],
    [
      "WUg3MYWQ7pt",
      "TEQlaapDQoK",
      "202205",
      "532322"
    ],
    [
      "WUg3MYWQ7pt",
      "TEQlaapDQoK",
      "202204",
      "532322"
    ],
    [
      "WUg3MYWQ7pt",
      "TEQlaapDQoK",
      "202209",
      "532322"
    ],
    [
      "WUg3MYWQ7pt",
      "TEQlaapDQoK",
      "202208",
      "532322"
    ],
    [
      "WUg3MYWQ7pt",
      "Vth0fbpFcsO",
      "202309",
      "398517"
    ],
    [
      "WUg3MYWQ7pt",
      "TEQlaapDQoK",
      "202001",
      "512647.7"
    ],
    [
      "WUg3MYWQ7pt",
      "Vth0fbpFcsO",
      "202307",
      "398517"
    ],
    [
      "WUg3MYWQ7pt",
      "Vth0fbpFcsO",
      "202308",
      "398517"
    ],
    [
      "WUg3MYWQ7pt",
      "Vth0fbpFcsO",
      "202305",
      "398517"
    ],
    [
      "WUg3MYWQ7pt",
      "Vth0fbpFcsO",
      "202306",
      "398517"
    ],
    [
      "WUg3MYWQ7pt",
      "Vth0fbpFcsO",
      "202303",
      "398517"
    ],
    [
      "WUg3MYWQ7pt",
      "Vth0fbpFcsO",
      "202304",
      "398517"
    ],
    [
      "WUg3MYWQ7pt",
      "Vth0fbpFcsO",
      "202301",
      "398517"
    ],
    [
      "WUg3MYWQ7pt",
      "Vth0fbpFcsO",
      "202302",
      "398517"
    ],
    [
      "WUg3MYWQ7pt",
      "Vth0fbpFcsO",
      "202310",
      "398517"
    ],
    [
      "WUg3MYWQ7pt",
      "Vth0fbpFcsO",
      "202311",
      "398517"
    ],
    [
      "WUg3MYWQ7pt",
      "jUb8gELQApl",
      "202010",
      "398397.5"
    ],
    [
      "WUg3MYWQ7pt",
      "jUb8gELQApl",
      "202011",
      "398397.5"
    ],
    [
      "WUg3MYWQ7pt",
      "Vth0fbpFcsO",
      "202312",
      "398517"
    ],
    [
      "WUg3MYWQ7pt",
      "jUb8gELQApl",
      "202012",
      "398397.5"
    ],
    [
      "WUg3MYWQ7pt",
      "lc3eMKXaEfw",
      "202211",
      "165924"
    ],
    [
      "WUg3MYWQ7pt",
      "lc3eMKXaEfw",
      "202210",
      "165924"
    ],
    [
      "WUg3MYWQ7pt",
      "lc3eMKXaEfw",
      "202212",
      "165924"
    ],
    [
      "WUg3MYWQ7pt",
      "qhqAxPSTUXp",
      "201810",
      "278746"
    ],
    [
      "WUg3MYWQ7pt",
      "qhqAxPSTUXp",
      "201811",
      "278746"
    ],
    [
      "WUg3MYWQ7pt",
      "jmIPBj66vD6",
      "202011",
      "293025.6"
    ],
    [
      "WUg3MYWQ7pt",
      "jmIPBj66vD6",
      "202010",
      "293025.6"
    ],
    [
      "WUg3MYWQ7pt",
      "jmIPBj66vD6",
      "202012",
      "293025.6"
    ],
    [
      "WUg3MYWQ7pt",
      "qhqAxPSTUXp",
      "201812",
      "278746"
    ],
    [
      "WUg3MYWQ7pt",
      "Vth0fbpFcsO",
      "202101",
      "382889"
    ],
    [
      "WUg3MYWQ7pt",
      "Vth0fbpFcsO",
      "202102",
      "382889"
    ],
    [
      "WUg3MYWQ7pt",
      "lc3eMKXaEfw",
      "202002",
      "159352"
    ],
    [
      "WUg3MYWQ7pt",
      "lc3eMKXaEfw",
      "202001",
      "159788.6"
    ],
    [
      "WUg3MYWQ7pt",
      "kJq2mPyFEHo",
      "202207",
      "574566"
    ],
    [
      "WUg3MYWQ7pt",
      "kJq2mPyFEHo",
      "202208",
      "574566"
    ],
    [
      "WUg3MYWQ7pt",
      "kJq2mPyFEHo",
      "202209",
      "574566"
    ],
    [
      "WUg3MYWQ7pt",
      "Vth0fbpFcsO",
      "202109",
      "382889"
    ],
    [
      "WUg3MYWQ7pt",
      "kJq2mPyFEHo",
      "202203",
      "574566"
    ],
    [
      "WUg3MYWQ7pt",
      "lc3eMKXaEfw",
      "202008",
      "159788.6"
    ],
    [
      "WUg3MYWQ7pt",
      "kJq2mPyFEHo",
      "202204",
      "574566"
    ],
    [
      "WUg3MYWQ7pt",
      "lc3eMKXaEfw",
      "202007",
      "159788.6"
    ],
    [
      "WUg3MYWQ7pt",
      "kJq2mPyFEHo",
      "202205",
      "574566"
    ],
    [
      "WUg3MYWQ7pt",
      "Vth0fbpFcsO",
      "202107",
      "382889"
    ],
    [
      "WUg3MYWQ7pt",
      "kJq2mPyFEHo",
      "202206",
      "574566"
    ],
    [
      "WUg3MYWQ7pt",
      "lc3eMKXaEfw",
      "202009",
      "159788.6"
    ],
    [
      "WUg3MYWQ7pt",
      "Vth0fbpFcsO",
      "202108",
      "382889"
    ],
    [
      "WUg3MYWQ7pt",
      "lc3eMKXaEfw",
      "202004",
      "159788.6"
    ],
    [
      "WUg3MYWQ7pt",
      "Vth0fbpFcsO",
      "202105",
      "382889"
    ],
    [
      "WUg3MYWQ7pt",
      "Vth0fbpFcsO",
      "202106",
      "382889"
    ],
    [
      "WUg3MYWQ7pt",
      "lc3eMKXaEfw",
      "202003",
      "159788.6"
    ],
    [
      "WUg3MYWQ7pt",
      "lc3eMKXaEfw",
      "202006",
      "159788.6"
    ],
    [
      "WUg3MYWQ7pt",
      "kJq2mPyFEHo",
      "202201",
      "574566"
    ],
    [
      "WUg3MYWQ7pt",
      "Vth0fbpFcsO",
      "202103",
      "382889"
    ],
    [
      "WUg3MYWQ7pt",
      "kJq2mPyFEHo",
      "202202",
      "574566"
    ],
    [
      "WUg3MYWQ7pt",
      "Vth0fbpFcsO",
      "202104",
      "382889"
    ],
    [
      "WUg3MYWQ7pt",
      "lc3eMKXaEfw",
      "202005",
      "159788.6"
    ],
    [
      "WUg3MYWQ7pt",
      "at6UHUQatSo",
      "202302",
      "913435"
    ],
    [
      "WUg3MYWQ7pt",
      "at6UHUQatSo",
      "202301",
      "913435"
    ],
    [
      "WUg3MYWQ7pt",
      "at6UHUQatSo",
      "202306",
      "913435"
    ],
    [
      "WUg3MYWQ7pt",
      "Vth0fbpFcsO",
      "202112",
      "382889"
    ],
    [
      "WUg3MYWQ7pt",
      "at6UHUQatSo",
      "202305",
      "913435"
    ],
    [
      "WUg3MYWQ7pt",
      "at6UHUQatSo",
      "202304",
      "913435"
    ],
    [
      "WUg3MYWQ7pt",
      "Vth0fbpFcsO",
      "202110",
      "382889"
    ],
    [
      "WUg3MYWQ7pt",
      "Vth0fbpFcsO",
      "202111",
      "382889"
    ],
    [
      "WUg3MYWQ7pt",
      "at6UHUQatSo",
      "202303",
      "913435"
    ],
    [
      "WUg3MYWQ7pt",
      "at6UHUQatSo",
      "202309",
      "913435"
    ],
    [
      "WUg3MYWQ7pt",
      "at6UHUQatSo",
      "202308",
      "913435"
    ],
    [
      "WUg3MYWQ7pt",
      "at6UHUQatSo",
      "202307",
      "913435"
    ],
    [
      "WUg3MYWQ7pt",
      "at6UHUQatSo",
      "202312",
      "913435"
    ],
    [
      "WUg3MYWQ7pt",
      "at6UHUQatSo",
      "202311",
      "913435"
    ],
    [
      "WUg3MYWQ7pt",
      "at6UHUQatSo",
      "202310",
      "913435"
    ],
    [
      "WUg3MYWQ7pt",
      "fdc6uOvgoji",
      "201802",
      "425843"
    ],
    [
      "WUg3MYWQ7pt",
      "PMa2VCrupOd",
      "201811",
      "286180"
    ],
    [
      "WUg3MYWQ7pt",
      "fdc6uOvgoji",
      "201803",
      "425843"
    ],
    [
      "WUg3MYWQ7pt",
      "PMa2VCrupOd",
      "201810",
      "286180"
    ],
    [
      "WUg3MYWQ7pt",
      "fdc6uOvgoji",
      "201804",
      "425843"
    ],
    [
      "WUg3MYWQ7pt",
      "fdc6uOvgoji",
      "201805",
      "425843"
    ],
    [
      "WUg3MYWQ7pt",
      "PMa2VCrupOd",
      "201812",
      "286180"
    ],
    [
      "WUg3MYWQ7pt",
      "fdc6uOvgoji",
      "201801",
      "425843"
    ],
    [
      "WUg3MYWQ7pt",
      "fdc6uOvgoji",
      "201806",
      "425843"
    ],
    [
      "WUg3MYWQ7pt",
      "fdc6uOvgoji",
      "201807",
      "425843"
    ],
    [
      "WUg3MYWQ7pt",
      "fdc6uOvgoji",
      "201808",
      "425843"
    ],
    [
      "WUg3MYWQ7pt",
      "fdc6uOvgoji",
      "201809",
      "425843"
    ],
    [
      "WUg3MYWQ7pt",
      "jmIPBj66vD6",
      "202008",
      "293025.6"
    ],
    [
      "WUg3MYWQ7pt",
      "jmIPBj66vD6",
      "202007",
      "293025.6"
    ],
    [
      "WUg3MYWQ7pt",
      "jmIPBj66vD6",
      "202009",
      "293025.6"
    ],
    [
      "WUg3MYWQ7pt",
      "jmIPBj66vD6",
      "202004",
      "293025.6"
    ],
    [
      "WUg3MYWQ7pt",
      "jmIPBj66vD6",
      "202003",
      "293025.6"
    ],
    [
      "WUg3MYWQ7pt",
      "jmIPBj66vD6",
      "202006",
      "293025.6"
    ],
    [
      "WUg3MYWQ7pt",
      "jmIPBj66vD6",
      "202005",
      "293025.6"
    ],
    [
      "WUg3MYWQ7pt",
      "qhqAxPSTUXp",
      "201805",
      "278746"
    ],
    [
      "WUg3MYWQ7pt",
      "PMa2VCrupOd",
      "201808",
      "286180"
    ],
    [
      "WUg3MYWQ7pt",
      "qhqAxPSTUXp",
      "201806",
      "278746"
    ],
    [
      "WUg3MYWQ7pt",
      "PMa2VCrupOd",
      "201807",
      "286180"
    ],
    [
      "WUg3MYWQ7pt",
      "jmIPBj66vD6",
      "202002",
      "292225"
    ],
    [
      "WUg3MYWQ7pt",
      "qhqAxPSTUXp",
      "201807",
      "278746"
    ],
    [
      "WUg3MYWQ7pt",
      "PMa2VCrupOd",
      "201809",
      "286180"
    ],
    [
      "WUg3MYWQ7pt",
      "qhqAxPSTUXp",
      "201808",
      "278746"
    ],
    [
      "WUg3MYWQ7pt",
      "jmIPBj66vD6",
      "202001",
      "293025.6"
    ],
    [
      "WUg3MYWQ7pt",
      "PMa2VCrupOd",
      "201804",
      "286180"
    ],
    [
      "WUg3MYWQ7pt",
      "qhqAxPSTUXp",
      "201801",
      "278746"
    ],
    [
      "WUg3MYWQ7pt",
      "qhqAxPSTUXp",
      "201802",
      "278746"
    ],
    [
      "WUg3MYWQ7pt",
      "PMa2VCrupOd",
      "201803",
      "286180"
    ],
    [
      "WUg3MYWQ7pt",
      "PMa2VCrupOd",
      "201806",
      "286180"
    ],
    [
      "WUg3MYWQ7pt",
      "qhqAxPSTUXp",
      "201803",
      "278746"
    ],
    [
      "WUg3MYWQ7pt",
      "qhqAxPSTUXp",
      "201804",
      "278746"
    ],
    [
      "WUg3MYWQ7pt",
      "PMa2VCrupOd",
      "201805",
      "286180"
    ],
    [
      "WUg3MYWQ7pt",
      "PMa2VCrupOd",
      "201802",
      "286180"
    ],
    [
      "WUg3MYWQ7pt",
      "PMa2VCrupOd",
      "201801",
      "286180"
    ],
    [
      "WUg3MYWQ7pt",
      "qhqAxPSTUXp",
      "201809",
      "278746"
    ],
    [
      "WUg3MYWQ7pt",
      "kJq2mPyFEHo",
      "202210",
      "574566"
    ],
    [
      "WUg3MYWQ7pt",
      "kJq2mPyFEHo",
      "202211",
      "574566"
    ],
    [
      "WUg3MYWQ7pt",
      "kJq2mPyFEHo",
      "202212",
      "574566"
    ],
    [
      "WUg3MYWQ7pt",
      "lc3eMKXaEfw",
      "202209",
      "165924"
    ],
    [
      "WUg3MYWQ7pt",
      "jmIPBj66vD6",
      "202212",
      "304268"
    ],
    [
      "WUg3MYWQ7pt",
      "jmIPBj66vD6",
      "202211",
      "304268"
    ],
    [
      "WUg3MYWQ7pt",
      "jmIPBj66vD6",
      "202210",
      "304268"
    ],
    [
      "WUg3MYWQ7pt",
      "kJq2mPyFEHo",
      "202009",
      "553320.8"
    ],
    [
      "WUg3MYWQ7pt",
      "lc3eMKXaEfw",
      "202206",
      "165924"
    ],
    [
      "WUg3MYWQ7pt",
      "kJq2mPyFEHo",
      "202005",
      "553320.8"
    ],
    [
      "WUg3MYWQ7pt",
      "kJq2mPyFEHo",
      "202006",
      "553320.8"
    ],
    [
      "WUg3MYWQ7pt",
      "lc3eMKXaEfw",
      "202205",
      "165924"
    ],
    [
      "WUg3MYWQ7pt",
      "kJq2mPyFEHo",
      "202007",
      "553320.8"
    ],
    [
      "WUg3MYWQ7pt",
      "lc3eMKXaEfw",
      "202208",
      "165924"
    ],
    [
      "WUg3MYWQ7pt",
      "kJq2mPyFEHo",
      "202008",
      "553320.8"
    ],
    [
      "WUg3MYWQ7pt",
      "lc3eMKXaEfw",
      "202207",
      "165924"
    ],
    [
      "WUg3MYWQ7pt",
      "lc3eMKXaEfw",
      "202202",
      "165924"
    ],
    [
      "WUg3MYWQ7pt",
      "kJq2mPyFEHo",
      "202001",
      "553320.8"
    ],
    [
      "WUg3MYWQ7pt",
      "kJq2mPyFEHo",
      "202002",
      "551809"
    ],
    [
      "WUg3MYWQ7pt",
      "jmIPBj66vD6",
      "202209",
      "304268"
    ],
    [
      "WUg3MYWQ7pt",
      "lc3eMKXaEfw",
      "202201",
      "165924"
    ],
    [
      "WUg3MYWQ7pt",
      "lc3eMKXaEfw",
      "202204",
      "165924"
    ],
    [
      "WUg3MYWQ7pt",
      "kJq2mPyFEHo",
      "202003",
      "553320.8"
    ],
    [
      "WUg3MYWQ7pt",
      "kJq2mPyFEHo",
      "202004",
      "553320.8"
    ],
    [
      "WUg3MYWQ7pt",
      "lc3eMKXaEfw",
      "202203",
      "165924"
    ],
    [
      "WUg3MYWQ7pt",
      "at6UHUQatSo",
      "202104",
      "877617"
    ],
    [
      "WUg3MYWQ7pt",
      "at6UHUQatSo",
      "202103",
      "877617"
    ],
    [
      "WUg3MYWQ7pt",
      "at6UHUQatSo",
      "202102",
      "877617"
    ],
    [
      "WUg3MYWQ7pt",
      "at6UHUQatSo",
      "202101",
      "877617"
    ],
    [
      "WUg3MYWQ7pt",
      "at6UHUQatSo",
      "202108",
      "877617"
    ],
    [
      "WUg3MYWQ7pt",
      "at6UHUQatSo",
      "202107",
      "877617"
    ],
    [
      "WUg3MYWQ7pt",
      "at6UHUQatSo",
      "202106",
      "877617"
    ],
    [
      "WUg3MYWQ7pt",
      "at6UHUQatSo",
      "202105",
      "877617"
    ],
    [
      "WUg3MYWQ7pt",
      "fdc6uOvgoji",
      "201810",
      "425843"
    ],
    [
      "WUg3MYWQ7pt",
      "fdc6uOvgoji",
      "201811",
      "425843"
    ],
    [
      "WUg3MYWQ7pt",
      "at6UHUQatSo",
      "202109",
      "877617"
    ],
    [
      "WUg3MYWQ7pt",
      "fdc6uOvgoji",
      "201812",
      "425843"
    ]
  ],
  "width": 4,
  "height": 936,
  "headerWidth": 4
}