{
  "headers": [
    {
      "name": "dx",
      "column": "Data",
      "valueType": "TEXT",
      "type": "java.lang.String",
      "hidden": false,
      "meta": true
    },
    {
      "name": "ou",
      "column": "Organisation unit",
      "valueType": "TEXT",
      "type": "java.lang.String",
      "hidden": false,
      "meta": true
    },
    {
      "name": "pe",
      "column": "Period",
      "valueType": "TEXT",
      "type": "java.lang.String",
      "hidden": false,
      "meta": true
    },
    {
      "name": "value",
      "column": "Value",
      "valueType": "NUMBER",
      "type": "java.lang.Double",
      "hidden": false,
      "meta": false
    }
  ],
  "metaData": {
    "items": {
      "201801": {
        "name": "January 2018"
      },
      "201802": {
        "name": "February 2018"
      },
      "201803": {
        "name": "March 2018"
      },
      "201804": {
        "name": "April 2018"
      },
      "201805": {
        "name": "May 2018"
      },
      "201806": {
        "name": "June 2018"
      },
      "201807": {
        "name": "July 2018"
      },
      "201808": {
        "name": "August 2018"
      },
      "201809": {
        "name": "September 2018"
      },
      "201810": {
        "name": "October 2018"
      },
      "201811": {
        "name": "November 2018"
      },
      "201812": {
        "name": "December 2018"
      },
      "201901": {
        "name": "January 2019"
      },
      "201902": {
        "name": "February 2019"
      },
      "201903": {
        "name": "March 2019"
      },
      "201904": {
        "name": "April 2019"
      },
      "201905": {
        "name": "May 2019"
      },
      "201906": {
        "name": "June 2019"
      },
      "201907": {
        "name": "July 2019"
      },
      "201908": {
        "name": "August 2019"
      },
      "201909": {
        "name": "September 2019"
      },
      "201910": {
        "name": "October 2019"
      },
      "201911": {
        "name": "November 2019"
      },
      "201912": {
        "name": "December 2019"
      },
      "202001": {
        "name": "January 2020"
      },
      "202002": {
        "name": "February 2020"
      },
      "202003": {
        "name": "March 2020"
      },
      "202004": {
        "name": "April 2020"
      },
      "202005": {
        "name": "May 2020"
      },
      "202006": {
        "name": "June 2020"
      },
      "202007": {
        "name": "July 2020"
      },
      "202008": {
        "name": "August 2020"
      },
      "202009": {
        "name": "September 2020"
      },
      "202010": {
        "name": "October 2020"
      },
      "202011": {
        "name": "November 2020"
      },
      "202012": {
        "name": "December 2020"
      },
      "202101": {
        "name": "January 2021"
      },
      "202102": {
        "name": "February 2021"
      },
      "202103": {
        "name": "March 2021"
      },
      "202104": {
        "name": "April 2021"
      },
      "202105": {
        "name": "May 2021"
      },
      "202106": {
        "name": "June 2021"
      },
      "202107": {
        "name": "July 2021"
      },
      "202108": {
        "name": "August 2021"
      },
      "202109": {
        "name": "September 2021"
      },
      "202110": {
        "name": "October 2021"
      },
      "202111": {
        "name": "November 2021"
      },
      "202112": {
        "name": "December 2021"
      },
      "202201": {
        "name": "January 2022"
      },
      "202202": {
        "name": "February 2022"
      },
      "202203": {
        "name": "March 2022"
      },
      "202204": {
        "name": "April 2022"
      },
      "202205": {
        "name": "May 2022"
      },
      "202206": {
        "name": "June 2022"
      },
      "202207": {
        "name": "July 2022"
      },
      "202208": {
        "name": "August 2022"
      },
      "202209": {
        "name": "September 2022"
      },
      "202210": {
        "name": "October 2022"
      },
      "202211": {
        "name": "November 2022"
      },
      "202212": {
        "name": "December 2022"
      },
      "202301": {
        "name": "January 2023"
      },
      "202302": {
        "name": "February 2023"
      },
      "202303": {
        "name": "March 2023"
      },
      "202304": {
        "name": "April 2023"
      },
      "202305": {
        "name": "May 2023"
      },
      "202306": {
        "name": "June 2023"
      },
      "202307": {
        "name": "July 2023"
      },
      "202308": {
        "name": "August 2023"
      },
      "202309": {
        "name": "September 2023"
      },
      "202310": {
        "name": "October 2023"
      },
      "202311": {
        "name": "November 2023"
      },
      "202312": {
        "name": "December 2023"
      },
      "202401": {
        "name": "January 2024"
      },
      "202402": {
        "name": "February 2024"
      },
      "202403": {
        "name": "March 2024"
      },
      "jUb8gELQApl": {
        "name": "Kailahun"
      },
      "eIQbndfxQMb": {
        "name": "Tonkolili"
      },
      "dx": {
        "name": "Data"
      },
      "fdc6uOvgoji": {
        "name": "Bombali"
      },
      "HllvX50cXC0": {
        "name": "default"
      },
      "Vth0fbpFcsO": {
        "name": "Kono"
      },
      "O6uvpzGd5pu": {
        "name": "Bo"
      },
      "bL4ooGhyHRQ": {
        "name": "Pujehun"
      },
      "kJq2mPyFEHo": {
        "name": "Kenema"
      },
      "wjP19dkFeIk": {
        "uid": "wjP19dkFeIk",
        "name": "District"
      },
      "at6UHUQatSo": {
        "name": "Western Area"
      },
      "TEQlaapDQoK": {
        "name": "Port Loko"
      },
      "PMa2VCrupOd": {
        "name": "Kambia"
      },
      "ou": {
        "name": "Organisation unit"
      },
      "pe": {
        "name": "Period"
      },
      "rCbdiFeIC6x": {
        "name": "Precipitation (ERA5-Land)"
      },
      "lc3eMKXaEfw": {
        "name": "Bonthe"
      },
      "qhqAxPSTUXp": {
        "name": "Koinadugu"
      },
      "jmIPBj66vD6": {
        "name": "Moyamba"
      }
    },
    "dimensions": {
      "dx": [
        "rCbdiFeIC6x"
      ],
      "pe": [
        "201801",
        "201802",
        "201803",
        "201804",
        "201805",
        "201806",
        "201807",
        "201808",
        "201809",
        "201810",
        "201811",
        "201812",
        "201901",
        "201902",
        "201903",
        "201904",
        "201905",
        "201906",
        "201907",
        "201908",
        "201909",
        "201910",
        "201911",
        "201912",
        "202001",
        "202002",
        "202003",
        "202004",
        "202005",
        "202006",
        "202007",
        "202008",
        "202009",
        "202010",
        "202011",
        "202012",
        "202101",
        "202102",
        "202103",
        "202104",
        "202105",
        "202106",
        "202107",
        "202108",
        "202109",
        "202110",
        "202111",
        "202112",
        "202201",
        "202202",
        "202203",
        "202204",
        "202205",
        "202206",
        "202207",
        "202208",
        "202209",
        "202210",
        "202211",
        "202212",
        "202301",
        "202302",
        "202303",
        "202304",
        "202305",
        "202306",
        "202307",
        "202308",
        "202309",
        "202310",
        "202311",
        "202312",
        "202401",
        "202402",
        "202403"
      ],
      "ou": [
        "O6uvpzGd5pu",
        "fdc6uOvgoji",
        "lc3eMKXaEfw",
        "jUb8gELQApl",
        "PMa2VCrupOd",
        "kJq2mPyFEHo",
        "qhqAxPSTUXp",
        "Vth0fbpFcsO",
        "jmIPBj66vD6",
        "TEQlaapDQoK",
        "bL4ooGhyHRQ",
        "eIQbndfxQMb",
        "at6UHUQatSo"
      ],
      "co": [
        "HllvX50cXC0"
      ]
    }
  },
  "rows": [
    [
      "rCbdiFeIC6x",
      "fdc6uOvgoji",
      "202010",
      "312.8"
    ],
    [
      "rCbdiFeIC6x",
      "fdc6uOvgoji",
      "202011",
      "36.4"
    ],
    [
      "rCbdiFeIC6x",
      "fdc6uOvgoji",
      "202012",
      "17.6"
    ],
    [
      "rCbdiFeIC6x",
      "qhqAxPSTUXp",
      "202001",
      "2.3"
    ],
    [
      "rCbdiFeIC6x",
      "qhqAxPSTUXp",
      "202002",
      "0.82"
    ],
    [
      "rCbdiFeIC6x",
      "qhqAxPSTUXp",
      "202003",
      "30.8"
    ],
    [
      "rCbdiFeIC6x",
      "qhqAxPSTUXp",
      "202004",
      "104.8"
    ],
    [
      "rCbdiFeIC6x",
      "qhqAxPSTUXp",
      "202005",
      "163.9"
    ],
    [
      "rCbdiFeIC6x",
      "qhqAxPSTUXp",
      "202006",
      "185.4"
    ],
    [
      "rCbdiFeIC6x",
      "qhqAxPSTUXp",
      "202007",
      "456.6"
    ],
    [
      "rCbdiFeIC6x",
      "lc3eMKXaEfw",
      "202211",
      "190.3"
    ],
    [
      "rCbdiFeIC6x",
      "Vth0fbpFcsO",
      "202312",
      "4.4"
    ],
    [
      "rCbdiFeIC6x",
      "lc3eMKXaEfw",
      "202210",
      "367.6"
    ],
    [
      "rCbdiFeIC6x",
      "Vth0fbpFcsO",
      "202310",
      "333.3"
    ],
    [
      "rCbdiFeIC6x",
      "lc3eMKXaEfw",
      "202212",
      "88.4"
    ],
    [
      "rCbdiFeIC6x",
      "Vth0fbpFcsO",
      "202311",
      "166.9"
    ],
    [
      "rCbdiFeIC6x",
      "lc3eMKXaEfw",
      "202110",
      "359.7"
    ],
    [
      "rCbdiFeIC6x",
      "qhqAxPSTUXp",
      "202107",
      "256.1"
    ],
    [
      "rCbdiFeIC6x",
      "qhqAxPSTUXp",
      "202108",
      "563.2"
    ],
    [
      "rCbdiFeIC6x",
      "qhqAxPSTUXp",
      "202109",
      "504.6"
    ],
    [
      "rCbdiFeIC6x",
      "lc3eMKXaEfw",
      "202109",
      "431.9"
    ],
    [
      "rCbdiFeIC6x",
      "qhqAxPSTUXp",
      "202110",
      "375.2"
    ],
    [
      "rCbdiFeIC6x",
      "Vth0fbpFcsO",
      "202309",
      "303.8"
    ],
    [
      "rCbdiFeIC6x",
      "lc3eMKXaEfw",
      "202108",
      "455.4"
    ],
    [
      "rCbdiFeIC6x",
      "qhqAxPSTUXp",
      "202111",
      "125.5"
    ],
    [
      "rCbdiFeIC6x",
      "qhqAxPSTUXp",
      "202112",
      "2.5"
    ],
    [
      "rCbdiFeIC6x",
      "Vth0fbpFcsO",
      "202307",
      "283.4"
    ],
    [
      "rCbdiFeIC6x",
      "Vth0fbpFcsO",
      "202308",
      "356.1"
    ],
    [
      "rCbdiFeIC6x",
      "lc3eMKXaEfw",
      "202101",
      "68.1"
    ],
    [
      "rCbdiFeIC6x",
      "Vth0fbpFcsO",
      "202301",
      "9.4"
    ],
    [
      "rCbdiFeIC6x",
      "Vth0fbpFcsO",
      "202302",
      "1.2"
    ],
    [
      "rCbdiFeIC6x",
      "lc3eMKXaEfw",
      "202103",
      "111.8"
    ],
    [
      "rCbdiFeIC6x",
      "lc3eMKXaEfw",
      "202102",
      "99.8"
    ],
    [
      "rCbdiFeIC6x",
      "lc3eMKXaEfw",
      "202105",
      "276.4"
    ],
    [
      "rCbdiFeIC6x",
      "Vth0fbpFcsO",
      "202305",
      "229.2"
    ],
    [
      "rCbdiFeIC6x",
      "lc3eMKXaEfw",
      "202104",
      "156"
    ],
    [
      "rCbdiFeIC6x",
      "Vth0fbpFcsO",
      "202306",
      "202"
    ],
    [
      "rCbdiFeIC6x",
      "lc3eMKXaEfw",
      "202107",
      "693.2"
    ],
    [
      "rCbdiFeIC6x",
      "Vth0fbpFcsO",
      "202303",
      "42.5"
    ],
    [
      "rCbdiFeIC6x",
      "lc3eMKXaEfw",
      "202106",
      "592.2"
    ],
    [
      "rCbdiFeIC6x",
      "Vth0fbpFcsO",
      "202304",
      "84.2"
    ],
    [
      "rCbdiFeIC6x",
      "lc3eMKXaEfw",
      "202112",
      "64.5"
    ],
    [
      "rCbdiFeIC6x",
      "lc3eMKXaEfw",
      "202111",
      "144"
    ],
    [
      "rCbdiFeIC6x",
      "lc3eMKXaEfw",
      "202011",
      "122.9"
    ],
    [
      "rCbdiFeIC6x",
      "lc3eMKXaEfw",
      "202010",
      "310.5"
    ],
    [
      "rCbdiFeIC6x",
      "qhqAxPSTUXp",
      "202008",
      "381.2"
    ],
    [
      "rCbdiFeIC6x",
      "qhqAxPSTUXp",
      "202009",
      "325.1"
    ],
    [
      "rCbdiFeIC6x",
      "qhqAxPSTUXp",
      "202011",
      "37.3"
    ],
    [
      "rCbdiFeIC6x",
      "lc3eMKXaEfw",
      "202009",
      "513"
    ],
    [
      "rCbdiFeIC6x",
      "qhqAxPSTUXp",
      "202012",
      "16.9"
    ],
    [
      "rCbdiFeIC6x",
      "lc3eMKXaEfw",
      "202002",
      "26.2"
    ],
    [
      "rCbdiFeIC6x",
      "lc3eMKXaEfw",
      "202001",
      "30.5"
    ],
    [
      "rCbdiFeIC6x",
      "lc3eMKXaEfw",
      "202004",
      "189.1"
    ],
    [
      "rCbdiFeIC6x",
      "lc3eMKXaEfw",
      "202003",
      "92.4"
    ],
    [
      "rCbdiFeIC6x",
      "lc3eMKXaEfw",
      "202006",
      "338"
    ],
    [
      "rCbdiFeIC6x",
      "lc3eMKXaEfw",
      "202005",
      "360.7"
    ],
    [
      "rCbdiFeIC6x",
      "lc3eMKXaEfw",
      "202008",
      "426"
    ],
    [
      "rCbdiFeIC6x",
      "lc3eMKXaEfw",
      "202007",
      "432.4"
    ],
    [
      "rCbdiFeIC6x",
      "qhqAxPSTUXp",
      "202010",
      "382.1"
    ],
    [
      "rCbdiFeIC6x",
      "bL4ooGhyHRQ",
      "202006",
      "306.3"
    ],
    [
      "rCbdiFeIC6x",
      "bL4ooGhyHRQ",
      "202007",
      "400.8"
    ],
    [
      "rCbdiFeIC6x",
      "bL4ooGhyHRQ",
      "202004",
      "189.8"
    ],
    [
      "rCbdiFeIC6x",
      "bL4ooGhyHRQ",
      "202005",
      "349.5"
    ],
    [
      "rCbdiFeIC6x",
      "bL4ooGhyHRQ",
      "202008",
      "353.9"
    ],
    [
      "rCbdiFeIC6x",
      "bL4ooGhyHRQ",
      "202009",
      "617.9"
    ],
    [
      "rCbdiFeIC6x",
      "fdc6uOvgoji",
      "202210",
      "239.7"
    ],
    [
      "rCbdiFeIC6x",
      "fdc6uOvgoji",
      "202211",
      "63.8"
    ],
    [
      "rCbdiFeIC6x",
      "fdc6uOvgoji",
      "202212",
      "18.6"
    ],
    [
      "rCbdiFeIC6x",
      "qhqAxPSTUXp",
      "202201",
      "0.22"
    ],
    [
      "rCbdiFeIC6x",
      "qhqAxPSTUXp",
      "202202",
      "1.2"
    ],
    [
      "rCbdiFeIC6x",
      "qhqAxPSTUXp",
      "202203",
      "18.1"
    ],
    [
      "rCbdiFeIC6x",
      "qhqAxPSTUXp",
      "202204",
      "29.1"
    ],
    [
      "rCbdiFeIC6x",
      "qhqAxPSTUXp",
      "202205",
      "152.8"
    ],
    [
      "rCbdiFeIC6x",
      "bL4ooGhyHRQ",
      "202002",
      "42.4"
    ],
    [
      "rCbdiFeIC6x",
      "bL4ooGhyHRQ",
      "202003",
      "134.3"
    ],
    [
      "rCbdiFeIC6x",
      "bL4ooGhyHRQ",
      "202001",
      "29.5"
    ],
    [
      "rCbdiFeIC6x",
      "fdc6uOvgoji",
      "202104",
      "32.4"
    ],
    [
      "rCbdiFeIC6x",
      "fdc6uOvgoji",
      "202105",
      "66.1"
    ],
    [
      "rCbdiFeIC6x",
      "fdc6uOvgoji",
      "202106",
      "266.9"
    ],
    [
      "rCbdiFeIC6x",
      "fdc6uOvgoji",
      "202107",
      "328.5"
    ],
    [
      "rCbdiFeIC6x",
      "fdc6uOvgoji",
      "202108",
      "604.7"
    ],
    [
      "rCbdiFeIC6x",
      "fdc6uOvgoji",
      "202109",
      "377.4"
    ],
    [
      "rCbdiFeIC6x",
      "qhqAxPSTUXp",
      "202305",
      "181.1"
    ],
    [
      "rCbdiFeIC6x",
      "qhqAxPSTUXp",
      "202306",
      "164.5"
    ],
    [
      "rCbdiFeIC6x",
      "qhqAxPSTUXp",
      "202307",
      "314"
    ],
    [
      "rCbdiFeIC6x",
      "qhqAxPSTUXp",
      "202308",
      "426.3"
    ],
    [
      "rCbdiFeIC6x",
      "qhqAxPSTUXp",
      "202309",
      "266.2"
    ],
    [
      "rCbdiFeIC6x",
      "fdc6uOvgoji",
      "202101",
      "1.4"
    ],
    [
      "rCbdiFeIC6x",
      "fdc6uOvgoji",
      "202102",
      "14.2"
    ],
    [
      "rCbdiFeIC6x",
      "fdc6uOvgoji",
      "202103",
      "16"
    ],
    [
      "rCbdiFeIC6x",
      "lc3eMKXaEfw",
      "202307",
      "651.1"
    ],
    [
      "rCbdiFeIC6x",
      "lc3eMKXaEfw",
      "202306",
      "490.4"
    ],
    [
      "rCbdiFeIC6x",
      "lc3eMKXaEfw",
      "202309",
      "626.3"
    ],
    [
      "rCbdiFeIC6x",
      "qhqAxPSTUXp",
      "202310",
      "295.4"
    ],
    [
      "rCbdiFeIC6x",
      "lc3eMKXaEfw",
      "202308",
      "744"
    ],
    [
      "rCbdiFeIC6x",
      "qhqAxPSTUXp",
      "202311",
      "88.3"
    ],
    [
      "rCbdiFeIC6x",
      "qhqAxPSTUXp",
      "202312",
      "1.1"
    ],
    [
      "rCbdiFeIC6x",
      "bL4ooGhyHRQ",
      "202010",
      "308.4"
    ],
    [
      "rCbdiFeIC6x",
      "lc3eMKXaEfw",
      "202301",
      "12.4"
    ],
    [
      "rCbdiFeIC6x",
      "lc3eMKXaEfw",
      "202303",
      "67.8"
    ],
    [
      "rCbdiFeIC6x",
      "lc3eMKXaEfw",
      "202302",
      "15.1"
    ],
    [
      "rCbdiFeIC6x",
      "lc3eMKXaEfw",
      "202305",
      "276.4"
    ],
    [
      "rCbdiFeIC6x",
      "bL4ooGhyHRQ",
      "202011",
      "123.8"
    ],
    [
      "rCbdiFeIC6x",
      "lc3eMKXaEfw",
      "202304",
      "157.2"
    ],
    [
      "rCbdiFeIC6x",
      "bL4ooGhyHRQ",
      "202012",
      "119.1"
    ],
    [
      "rCbdiFeIC6x",
      "bL4ooGhyHRQ",
      "202105",
      "277.6"
    ],
    [
      "rCbdiFeIC6x",
      "bL4ooGhyHRQ",
      "202106",
      "568"
    ],
    [
      "rCbdiFeIC6x",
      "bL4ooGhyHRQ",
      "202103",
      "143.5"
    ],
    [
      "rCbdiFeIC6x",
      "bL4ooGhyHRQ",
      "202104",
      "162.6"
    ],
    [
      "rCbdiFeIC6x",
      "bL4ooGhyHRQ",
      "202109",
      "443.2"
    ],
    [
      "rCbdiFeIC6x",
      "bL4ooGhyHRQ",
      "202107",
      "452.7"
    ],
    [
      "rCbdiFeIC6x",
      "bL4ooGhyHRQ",
      "202108",
      "448.4"
    ],
    [
      "rCbdiFeIC6x",
      "fdc6uOvgoji",
      "202110",
      "401.9"
    ],
    [
      "rCbdiFeIC6x",
      "fdc6uOvgoji",
      "202111",
      "122.3"
    ],
    [
      "rCbdiFeIC6x",
      "fdc6uOvgoji",
      "202112",
      "5.7"
    ],
    [
      "rCbdiFeIC6x",
      "qhqAxPSTUXp",
      "202101",
      "0.87"
    ],
    [
      "rCbdiFeIC6x",
      "qhqAxPSTUXp",
      "202102",
      "18.8"
    ],
    [
      "rCbdiFeIC6x",
      "qhqAxPSTUXp",
      "202103",
      "22.2"
    ],
    [
      "rCbdiFeIC6x",
      "qhqAxPSTUXp",
      "202104",
      "39.6"
    ],
    [
      "rCbdiFeIC6x",
      "qhqAxPSTUXp",
      "202105",
      "113.6"
    ],
    [
      "rCbdiFeIC6x",
      "qhqAxPSTUXp",
      "202106",
      "260.4"
    ],
    [
      "rCbdiFeIC6x",
      "lc3eMKXaEfw",
      "202310",
      "476.1"
    ],
    [
      "rCbdiFeIC6x",
      "lc3eMKXaEfw",
      "202312",
      "19.5"
    ],
    [
      "rCbdiFeIC6x",
      "lc3eMKXaEfw",
      "202311",
      "206"
    ],
    [
      "rCbdiFeIC6x",
      "bL4ooGhyHRQ",
      "202101",
      "60.8"
    ],
    [
      "rCbdiFeIC6x",
      "bL4ooGhyHRQ",
      "202102",
      "100.5"
    ],
    [
      "rCbdiFeIC6x",
      "fdc6uOvgoji",
      "202005",
      "181.5"
    ],
    [
      "rCbdiFeIC6x",
      "fdc6uOvgoji",
      "202006",
      "178.4"
    ],
    [
      "rCbdiFeIC6x",
      "fdc6uOvgoji",
      "202007",
      "659.9"
    ],
    [
      "rCbdiFeIC6x",
      "fdc6uOvgoji",
      "202008",
      "627.7"
    ],
    [
      "rCbdiFeIC6x",
      "fdc6uOvgoji",
      "202009",
      "383.1"
    ],
    [
      "rCbdiFeIC6x",
      "qhqAxPSTUXp",
      "202206",
      "371.3"
    ],
    [
      "rCbdiFeIC6x",
      "qhqAxPSTUXp",
      "202207",
      "266.1"
    ],
    [
      "rCbdiFeIC6x",
      "qhqAxPSTUXp",
      "202208",
      "452.9"
    ],
    [
      "rCbdiFeIC6x",
      "qhqAxPSTUXp",
      "202209",
      "388.5"
    ],
    [
      "rCbdiFeIC6x",
      "fdc6uOvgoji",
      "202001",
      "0.42"
    ],
    [
      "rCbdiFeIC6x",
      "fdc6uOvgoji",
      "202002",
      "0.27"
    ],
    [
      "rCbdiFeIC6x",
      "fdc6uOvgoji",
      "202003",
      "16.8"
    ],
    [
      "rCbdiFeIC6x",
      "fdc6uOvgoji",
      "202004",
      "99.6"
    ],
    [
      "rCbdiFeIC6x",
      "lc3eMKXaEfw",
      "202208",
      "646.5"
    ],
    [
      "rCbdiFeIC6x",
      "lc3eMKXaEfw",
      "202207",
      "437.9"
    ],
    [
      "rCbdiFeIC6x",
      "qhqAxPSTUXp",
      "202210",
      "252.6"
    ],
    [
      "rCbdiFeIC6x",
      "qhqAxPSTUXp",
      "202211",
      "50.8"
    ],
    [
      "rCbdiFeIC6x",
      "lc3eMKXaEfw",
      "202209",
      "825.9"
    ],
    [
      "rCbdiFeIC6x",
      "qhqAxPSTUXp",
      "202212",
      "19.6"
    ],
    [
      "rCbdiFeIC6x",
      "lc3eMKXaEfw",
      "202202",
      "31.4"
    ],
    [
      "rCbdiFeIC6x",
      "lc3eMKXaEfw",
      "202201",
      "37.2"
    ],
    [
      "rCbdiFeIC6x",
      "lc3eMKXaEfw",
      "202204",
      "127.5"
    ],
    [
      "rCbdiFeIC6x",
      "bL4ooGhyHRQ",
      "202112",
      "70.7"
    ],
    [
      "rCbdiFeIC6x",
      "lc3eMKXaEfw",
      "202203",
      "41"
    ],
    [
      "rCbdiFeIC6x",
      "lc3eMKXaEfw",
      "202206",
      "451.7"
    ],
    [
      "rCbdiFeIC6x",
      "bL4ooGhyHRQ",
      "202110",
      "386.7"
    ],
    [
      "rCbdiFeIC6x",
      "lc3eMKXaEfw",
      "202205",
      "312.8"
    ],
    [
      "rCbdiFeIC6x",
      "bL4ooGhyHRQ",
      "202111",
      "149.5"
    ],
    [
      "rCbdiFeIC6x",
      "PMa2VCrupOd",
      "202301",
      "0.7"
    ],
    [
      "rCbdiFeIC6x",
      "TEQlaapDQoK",
      "202010",
      "302.5"
    ],
    [
      "rCbdiFeIC6x",
      "bL4ooGhyHRQ",
      "202204",
      "140.3"
    ],
    [
      "rCbdiFeIC6x",
      "PMa2VCrupOd",
      "202302",
      "0.64"
    ],
    [
      "rCbdiFeIC6x",
      "bL4ooGhyHRQ",
      "202205",
      "322.1"
    ],
    [
      "rCbdiFeIC6x",
      "bL4ooGhyHRQ",
      "202202",
      "40.8"
    ],
    [
      "rCbdiFeIC6x",
      "bL4ooGhyHRQ",
      "202203",
      "62"
    ],
    [
      "rCbdiFeIC6x",
      "O6uvpzGd5pu",
      "202301",
      "5.7"
    ],
    [
      "rCbdiFeIC6x",
      "PMa2VCrupOd",
      "202305",
      "159.9"
    ],
    [
      "rCbdiFeIC6x",
      "bL4ooGhyHRQ",
      "202208",
      "716.1"
    ],
    [
      "rCbdiFeIC6x",
      "O6uvpzGd5pu",
      "202302",
      "9"
    ],
    [
      "rCbdiFeIC6x",
      "PMa2VCrupOd",
      "202306",
      "270.9"
    ],
    [
      "rCbdiFeIC6x",
      "bL4ooGhyHRQ",
      "202209",
      "856.9"
    ],
    [
      "rCbdiFeIC6x",
      "PMa2VCrupOd",
      "202303",
      "9.2"
    ],
    [
      "rCbdiFeIC6x",
      "bL4ooGhyHRQ",
      "202206",
      "353.4"
    ],
    [
      "rCbdiFeIC6x",
      "PMa2VCrupOd",
      "202304",
      "24.3"
    ],
    [
      "rCbdiFeIC6x",
      "bL4ooGhyHRQ",
      "202207",
      "308"
    ],
    [
      "rCbdiFeIC6x",
      "PMa2VCrupOd",
      "202309",
      "440.5"
    ],
    [
      "rCbdiFeIC6x",
      "PMa2VCrupOd",
      "202307",
      "503.9"
    ],
    [
      "rCbdiFeIC6x",
      "PMa2VCrupOd",
      "202308",
      "588.3"
    ],
    [
      "rCbdiFeIC6x",
      "eIQbndfxQMb",
      "202111",
      "132"
    ],
    [
      "rCbdiFeIC6x",
      "eIQbndfxQMb",
      "202110",
      "372.7"
    ],
    [
      "rCbdiFeIC6x",
      "TEQlaapDQoK",
      "202012",
      "52.6"
    ],
    [
      "rCbdiFeIC6x",
      "TEQlaapDQoK",
      "202011",
      "73"
    ],
    [
      "rCbdiFeIC6x",
      "eIQbndfxQMb",
      "202112",
      "18.5"
    ],
    [
      "rCbdiFeIC6x",
      "eIQbndfxQMb",
      "202104",
      "82.1"
    ],
    [
      "rCbdiFeIC6x",
      "eIQbndfxQMb",
      "202103",
      "41.3"
    ],
    [
      "rCbdiFeIC6x",
      "eIQbndfxQMb",
      "202106",
      "380.6"
    ],
    [
      "rCbdiFeIC6x",
      "eIQbndfxQMb",
      "202105",
      "145.5"
    ],
    [
      "rCbdiFeIC6x",
      "eIQbndfxQMb",
      "202108",
      "648"
    ],
    [
      "rCbdiFeIC6x",
      "eIQbndfxQMb",
      "202107",
      "438.2"
    ],
    [
      "rCbdiFeIC6x",
      "TEQlaapDQoK",
      "202009",
      "520.7"
    ],
    [
      "rCbdiFeIC6x",
      "TEQlaapDQoK",
      "202008",
      "829.9"
    ],
    [
      "rCbdiFeIC6x",
      "eIQbndfxQMb",
      "202109",
      "417.2"
    ],
    [
      "rCbdiFeIC6x",
      "kJq2mPyFEHo",
      "202010",
      "265.1"
    ],
    [
      "rCbdiFeIC6x",
      "kJq2mPyFEHo",
      "202011",
      "62.9"
    ],
    [
      "rCbdiFeIC6x",
      "kJq2mPyFEHo",
      "202012",
      "56.2"
    ],
    [
      "rCbdiFeIC6x",
      "bL4ooGhyHRQ",
      "202201",
      "43.4"
    ],
    [
      "rCbdiFeIC6x",
      "fdc6uOvgoji",
      "202302",
      "0.36"
    ],
    [
      "rCbdiFeIC6x",
      "fdc6uOvgoji",
      "202303",
      "21"
    ],
    [
      "rCbdiFeIC6x",
      "fdc6uOvgoji",
      "202304",
      "30.9"
    ],
    [
      "rCbdiFeIC6x",
      "fdc6uOvgoji",
      "202305",
      "166.7"
    ],
    [
      "rCbdiFeIC6x",
      "fdc6uOvgoji",
      "202306",
      "203.3"
    ],
    [
      "rCbdiFeIC6x",
      "fdc6uOvgoji",
      "202307",
      "443.3"
    ],
    [
      "rCbdiFeIC6x",
      "fdc6uOvgoji",
      "202308",
      "558.7"
    ],
    [
      "rCbdiFeIC6x",
      "fdc6uOvgoji",
      "202309",
      "352.8"
    ],
    [
      "rCbdiFeIC6x",
      "eIQbndfxQMb",
      "202001",
      "2.3"
    ],
    [
      "rCbdiFeIC6x",
      "eIQbndfxQMb",
      "202003",
      "44.9"
    ],
    [
      "rCbdiFeIC6x",
      "fdc6uOvgoji",
      "202301",
      "0.54"
    ],
    [
      "rCbdiFeIC6x",
      "eIQbndfxQMb",
      "202002",
      "3.1"
    ],
    [
      "rCbdiFeIC6x",
      "bL4ooGhyHRQ",
      "202211",
      "187.1"
    ],
    [
      "rCbdiFeIC6x",
      "bL4ooGhyHRQ",
      "202212",
      "74.5"
    ],
    [
      "rCbdiFeIC6x",
      "bL4ooGhyHRQ",
      "202210",
      "392.4"
    ],
    [
      "rCbdiFeIC6x",
      "PMa2VCrupOd",
      "202202",
      "2.1"
    ],
    [
      "rCbdiFeIC6x",
      "bL4ooGhyHRQ",
      "202303",
      "97.8"
    ],
    [
      "rCbdiFeIC6x",
      "PMa2VCrupOd",
      "202203",
      "2.8"
    ],
    [
      "rCbdiFeIC6x",
      "bL4ooGhyHRQ",
      "202304",
      "198"
    ],
    [
      "rCbdiFeIC6x",
      "bL4ooGhyHRQ",
      "202301",
      "16.3"
    ],
    [
      "rCbdiFeIC6x",
      "PMa2VCrupOd",
      "202201",
      "2.6"
    ],
    [
      "rCbdiFeIC6x",
      "bL4ooGhyHRQ",
      "202302",
      "25.4"
    ],
    [
      "rCbdiFeIC6x",
      "PMa2VCrupOd",
      "202206",
      "375.5"
    ],
    [
      "rCbdiFeIC6x",
      "bL4ooGhyHRQ",
      "202307",
      "572.5"
    ],
    [
      "rCbdiFeIC6x",
      "PMa2VCrupOd",
      "202207",
      "440.3"
    ],
    [
      "rCbdiFeIC6x",
      "bL4ooGhyHRQ",
      "202308",
      "434.1"
    ],
    [
      "rCbdiFeIC6x",
      "PMa2VCrupOd",
      "202204",
      "9.4"
    ],
    [
      "rCbdiFeIC6x",
      "bL4ooGhyHRQ",
      "202305",
      "284.7"
    ],
    [
      "rCbdiFeIC6x",
      "PMa2VCrupOd",
      "202205",
      "143.5"
    ],
    [
      "rCbdiFeIC6x",
      "bL4ooGhyHRQ",
      "202306",
      "407.1"
    ],
    [
      "rCbdiFeIC6x",
      "PMa2VCrupOd",
      "202208",
      "713.6"
    ],
    [
      "rCbdiFeIC6x",
      "bL4ooGhyHRQ",
      "202309",
      "596.1"
    ],
    [
      "rCbdiFeIC6x",
      "PMa2VCrupOd",
      "202209",
      "537.1"
    ],
    [
      "rCbdiFeIC6x",
      "eIQbndfxQMb",
      "202210",
      "268.5"
    ],
    [
      "rCbdiFeIC6x",
      "fdc6uOvgoji",
      "202310",
      "345"
    ],
    [
      "rCbdiFeIC6x",
      "fdc6uOvgoji",
      "202311",
      "99"
    ],
    [
      "rCbdiFeIC6x",
      "eIQbndfxQMb",
      "202212",
      "23.9"
    ],
    [
      "rCbdiFeIC6x",
      "fdc6uOvgoji",
      "202312",
      "2.6"
    ],
    [
      "rCbdiFeIC6x",
      "eIQbndfxQMb",
      "202211",
      "84.9"
    ],
    [
      "rCbdiFeIC6x",
      "eIQbndfxQMb",
      "202203",
      "19.5"
    ],
    [
      "rCbdiFeIC6x",
      "eIQbndfxQMb",
      "202202",
      "5.5"
    ],
    [
      "rCbdiFeIC6x",
      "eIQbndfxQMb",
      "202205",
      "187"
    ],
    [
      "rCbdiFeIC6x",
      "eIQbndfxQMb",
      "202204",
      "51.2"
    ],
    [
      "rCbdiFeIC6x",
      "qhqAxPSTUXp",
      "202301",
      "2.1"
    ],
    [
      "rCbdiFeIC6x",
      "eIQbndfxQMb",
      "202207",
      "350"
    ],
    [
      "rCbdiFeIC6x",
      "qhqAxPSTUXp",
      "202302",
      "0.32"
    ],
    [
      "rCbdiFeIC6x",
      "eIQbndfxQMb",
      "202206",
      "351.8"
    ],
    [
      "rCbdiFeIC6x",
      "qhqAxPSTUXp",
      "202303",
      "23.6"
    ],
    [
      "rCbdiFeIC6x",
      "eIQbndfxQMb",
      "202209",
      "585.4"
    ],
    [
      "rCbdiFeIC6x",
      "qhqAxPSTUXp",
      "202304",
      "43.6"
    ],
    [
      "rCbdiFeIC6x",
      "eIQbndfxQMb",
      "202208",
      "605.5"
    ],
    [
      "rCbdiFeIC6x",
      "PMa2VCrupOd",
      "202210",
      "248.3"
    ],
    [
      "rCbdiFeIC6x",
      "fdc6uOvgoji",
      "202203",
      "5.6"
    ],
    [
      "rCbdiFeIC6x",
      "PMa2VCrupOd",
      "202312",
      "3.5"
    ],
    [
      "rCbdiFeIC6x",
      "fdc6uOvgoji",
      "202204",
      "13.7"
    ],
    [
      "rCbdiFeIC6x",
      "fdc6uOvgoji",
      "202205",
      "150.2"
    ],
    [
      "rCbdiFeIC6x",
      "PMa2VCrupOd",
      "202310",
      "324.2"
    ],
    [
      "rCbdiFeIC6x",
      "bL4ooGhyHRQ",
      "202312",
      "18.9"
    ],
    [
      "rCbdiFeIC6x",
      "fdc6uOvgoji",
      "202206",
      "320.4"
    ],
    [
      "rCbdiFeIC6x",
      "PMa2VCrupOd",
      "202311",
      "126.8"
    ],
    [
      "rCbdiFeIC6x",
      "fdc6uOvgoji",
      "202207",
      "322.4"
    ],
    [
      "rCbdiFeIC6x",
      "fdc6uOvgoji",
      "202208",
      "505.2"
    ],
    [
      "rCbdiFeIC6x",
      "fdc6uOvgoji",
      "202209",
      "442.3"
    ],
    [
      "rCbdiFeIC6x",
      "fdc6uOvgoji",
      "202201",
      "1.1"
    ],
    [
      "rCbdiFeIC6x",
      "eIQbndfxQMb",
      "202102",
      "52.6"
    ],
    [
      "rCbdiFeIC6x",
      "fdc6uOvgoji",
      "202202",
      "1.6"
    ],
    [
      "rCbdiFeIC6x",
      "eIQbndfxQMb",
      "202101",
      "7.2"
    ],
    [
      "rCbdiFeIC6x",
      "bL4ooGhyHRQ",
      "202310",
      "521.7"
    ],
    [
      "rCbdiFeIC6x",
      "bL4ooGhyHRQ",
      "202311",
      "210.5"
    ],
    [
      "rCbdiFeIC6x",
      "TEQlaapDQoK",
      "202212",
      "35.8"
    ],
    [
      "rCbdiFeIC6x",
      "TEQlaapDQoK",
      "202211",
      "91"
    ],
    [
      "rCbdiFeIC6x",
      "TEQlaapDQoK",
      "202210",
      "276.9"
    ],
    [
      "rCbdiFeIC6x",
      "eIQbndfxQMb",
      "202311",
      "187"
    ],
    [
      "rCbdiFeIC6x",
      "eIQbndfxQMb",
      "202310",
      "338.2"
    ],
    [
      "rCbdiFeIC6x",
      "eIQbndfxQMb",
      "202302",
      "1.8"
    ],
    [
      "rCbdiFeIC6x",
      "eIQbndfxQMb",
      "202301",
      "4"
    ],
    [
      "rCbdiFeIC6x",
      "eIQbndfxQMb",
      "202304",
      "66.3"
    ],
    [
      "rCbdiFeIC6x",
      "eIQbndfxQMb",
      "202303",
      "45"
    ],
    [
      "rCbdiFeIC6x",
      "TEQlaapDQoK",
      "202209",
      "614.3"
    ],
    [
      "rCbdiFeIC6x",
      "eIQbndfxQMb",
      "202306",
      "261.5"
    ],
    [
      "rCbdiFeIC6x",
      "TEQlaapDQoK",
      "202208",
      "812.7"
    ],
    [
      "rCbdiFeIC6x",
      "eIQbndfxQMb",
      "202305",
      "258"
    ],
    [
      "rCbdiFeIC6x",
      "TEQlaapDQoK",
      "202207",
      "526.6"
    ],
    [
      "rCbdiFeIC6x",
      "eIQbndfxQMb",
      "202308",
      "671.7"
    ],
    [
      "rCbdiFeIC6x",
      "TEQlaapDQoK",
      "202206",
      "437.5"
    ],
    [
      "rCbdiFeIC6x",
      "eIQbndfxQMb",
      "202307",
      "512.6"
    ],
    [
      "rCbdiFeIC6x",
      "lc3eMKXaEfw",
      "202012",
      "123.2"
    ],
    [
      "rCbdiFeIC6x",
      "eIQbndfxQMb",
      "202309",
      "401.7"
    ],
    [
      "rCbdiFeIC6x",
      "TEQlaapDQoK",
      "202106",
      "347.3"
    ],
    [
      "rCbdiFeIC6x",
      "TEQlaapDQoK",
      "202105",
      "106"
    ],
    [
      "rCbdiFeIC6x",
      "TEQlaapDQoK",
      "202104",
      "73.2"
    ],
    [
      "rCbdiFeIC6x",
      "TEQlaapDQoK",
      "202103",
      "30.9"
    ],
    [
      "rCbdiFeIC6x",
      "TEQlaapDQoK",
      "202102",
      "31.7"
    ],
    [
      "rCbdiFeIC6x",
      "TEQlaapDQoK",
      "202101",
      "10.9"
    ],
    [
      "rCbdiFeIC6x",
      "eIQbndfxQMb",
      "202201",
      "2.3"
    ],
    [
      "rCbdiFeIC6x",
      "eIQbndfxQMb",
      "202312",
      "6.1"
    ],
    [
      "rCbdiFeIC6x",
      "TEQlaapDQoK",
      "202112",
      "32.2"
    ],
    [
      "rCbdiFeIC6x",
      "TEQlaapDQoK",
      "202111",
      "136.3"
    ],
    [
      "rCbdiFeIC6x",
      "TEQlaapDQoK",
      "202110",
      "353.1"
    ],
    [
      "rCbdiFeIC6x",
      "TEQlaapDQoK",
      "202109",
      "411.7"
    ],
    [
      "rCbdiFeIC6x",
      "TEQlaapDQoK",
      "202108",
      "643.1"
    ],
    [
      "rCbdiFeIC6x",
      "TEQlaapDQoK",
      "202107",
      "605.8"
    ],
    [
      "rCbdiFeIC6x",
      "TEQlaapDQoK",
      "202007",
      "819.3"
    ],
    [
      "rCbdiFeIC6x",
      "TEQlaapDQoK",
      "202006",
      "277.7"
    ],
    [
      "rCbdiFeIC6x",
      "TEQlaapDQoK",
      "202005",
      "273.1"
    ],
    [
      "rCbdiFeIC6x",
      "TEQlaapDQoK",
      "202004",
      "131.7"
    ],
    [
      "rCbdiFeIC6x",
      "TEQlaapDQoK",
      "202003",
      "31.4"
    ],
    [
      "rCbdiFeIC6x",
      "TEQlaapDQoK",
      "202002",
      "2.2"
    ],
    [
      "rCbdiFeIC6x",
      "TEQlaapDQoK",
      "202001",
      "2.2"
    ],
    [
      "rCbdiFeIC6x",
      "O6uvpzGd5pu",
      "202011",
      "70.2"
    ],
    [
      "rCbdiFeIC6x",
      "kJq2mPyFEHo",
      "202304",
      "109"
    ],
    [
      "rCbdiFeIC6x",
      "O6uvpzGd5pu",
      "202012",
      "72.2"
    ],
    [
      "rCbdiFeIC6x",
      "kJq2mPyFEHo",
      "202305",
      "259"
    ],
    [
      "rCbdiFeIC6x",
      "kJq2mPyFEHo",
      "202306",
      "242.7"
    ],
    [
      "rCbdiFeIC6x",
      "O6uvpzGd5pu",
      "202010",
      "271"
    ],
    [
      "rCbdiFeIC6x",
      "kJq2mPyFEHo",
      "202307",
      "336.3"
    ],
    [
      "rCbdiFeIC6x",
      "kJq2mPyFEHo",
      "202308",
      "463.4"
    ],
    [
      "rCbdiFeIC6x",
      "kJq2mPyFEHo",
      "202309",
      "488.2"
    ],
    [
      "rCbdiFeIC6x",
      "TEQlaapDQoK",
      "202304",
      "55.4"
    ],
    [
      "rCbdiFeIC6x",
      "TEQlaapDQoK",
      "202303",
      "19.3"
    ],
    [
      "rCbdiFeIC6x",
      "TEQlaapDQoK",
      "202302",
      "2.3"
    ],
    [
      "rCbdiFeIC6x",
      "TEQlaapDQoK",
      "202301",
      "1.8"
    ],
    [
      "rCbdiFeIC6x",
      "O6uvpzGd5pu",
      "202008",
      "487"
    ],
    [
      "rCbdiFeIC6x",
      "O6uvpzGd5pu",
      "202009",
      "483.6"
    ],
    [
      "rCbdiFeIC6x",
      "O6uvpzGd5pu",
      "202006",
      "249"
    ],
    [
      "rCbdiFeIC6x",
      "O6uvpzGd5pu",
      "202007",
      "464.6"
    ],
    [
      "rCbdiFeIC6x",
      "kJq2mPyFEHo",
      "202301",
      "9.1"
    ],
    [
      "rCbdiFeIC6x",
      "kJq2mPyFEHo",
      "202302",
      "9.4"
    ],
    [
      "rCbdiFeIC6x",
      "kJq2mPyFEHo",
      "202303",
      "64.2"
    ],
    [
      "rCbdiFeIC6x",
      "O6uvpzGd5pu",
      "202001",
      "11.1"
    ],
    [
      "rCbdiFeIC6x",
      "O6uvpzGd5pu",
      "202004",
      "186.5"
    ],
    [
      "rCbdiFeIC6x",
      "O6uvpzGd5pu",
      "202005",
      "319.2"
    ],
    [
      "rCbdiFeIC6x",
      "O6uvpzGd5pu",
      "202002",
      "20.8"
    ],
    [
      "rCbdiFeIC6x",
      "O6uvpzGd5pu",
      "202003",
      "76"
    ],
    [
      "rCbdiFeIC6x",
      "TEQlaapDQoK",
      "202312",
      "7.5"
    ],
    [
      "rCbdiFeIC6x",
      "TEQlaapDQoK",
      "202311",
      "186"
    ],
    [
      "rCbdiFeIC6x",
      "TEQlaapDQoK",
      "202310",
      "320.4"
    ],
    [
      "rCbdiFeIC6x",
      "jmIPBj66vD6",
      "202011",
      "84.2"
    ],
    [
      "rCbdiFeIC6x",
      "jmIPBj66vD6",
      "202010",
      "287.3"
    ],
    [
      "rCbdiFeIC6x",
      "jmIPBj66vD6",
      "202012",
      "99.6"
    ],
    [
      "rCbdiFeIC6x",
      "TEQlaapDQoK",
      "202309",
      "523.7"
    ],
    [
      "rCbdiFeIC6x",
      "TEQlaapDQoK",
      "202308",
      "697.3"
    ],
    [
      "rCbdiFeIC6x",
      "TEQlaapDQoK",
      "202307",
      "596"
    ],
    [
      "rCbdiFeIC6x",
      "TEQlaapDQoK",
      "202306",
      "336.8"
    ],
    [
      "rCbdiFeIC6x",
      "TEQlaapDQoK",
      "202305",
      "225.9"
    ],
    [
      "rCbdiFeIC6x",
      "kJq2mPyFEHo",
      "202310",
      "283"
    ],
    [
      "rCbdiFeIC6x",
      "kJq2mPyFEHo",
      "202311",
      "151.5"
    ],
    [
      "rCbdiFeIC6x",
      "kJq2mPyFEHo",
      "202312",
      "9"
    ],
    [
      "rCbdiFeIC6x",
      "O6uvpzGd5pu",
      "202110",
      "313.1"
    ],
    [
      "rCbdiFeIC6x",
      "kJq2mPyFEHo",
      "202205",
      "236.3"
    ],
    [
      "rCbdiFeIC6x",
      "O6uvpzGd5pu",
      "202111",
      "113.9"
    ],
    [
      "rCbdiFeIC6x",
      "kJq2mPyFEHo",
      "202206",
      "282"
    ],
    [
      "rCbdiFeIC6x",
      "kJq2mPyFEHo",
      "202207",
      "209.3"
    ],
    [
      "rCbdiFeIC6x",
      "kJq2mPyFEHo",
      "202208",
      "545.9"
    ],
    [
      "rCbdiFeIC6x",
      "kJq2mPyFEHo",
      "202209",
      "644.5"
    ],
    [
      "rCbdiFeIC6x",
      "O6uvpzGd5pu",
      "202112",
      "35.5"
    ],
    [
      "rCbdiFeIC6x",
      "TEQlaapDQoK",
      "202205",
      "183.5"
    ],
    [
      "rCbdiFeIC6x",
      "TEQlaapDQoK",
      "202204",
      "21.9"
    ],
    [
      "rCbdiFeIC6x",
      "TEQlaapDQoK",
      "202203",
      "6.5"
    ],
    [
      "rCbdiFeIC6x",
      "TEQlaapDQoK",
      "202202",
      "7"
    ],
    [
      "rCbdiFeIC6x",
      "TEQlaapDQoK",
      "202201",
      "5.4"
    ],
    [
      "rCbdiFeIC6x",
      "O6uvpzGd5pu",
      "202107",
      "423.9"
    ],
    [
      "rCbdiFeIC6x",
      "O6uvpzGd5pu",
      "202108",
      "520.3"
    ],
    [
      "rCbdiFeIC6x",
      "O6uvpzGd5pu",
      "202105",
      "193.7"
    ],
    [
      "rCbdiFeIC6x",
      "O6uvpzGd5pu",
      "202106",
      "456.6"
    ],
    [
      "rCbdiFeIC6x",
      "kJq2mPyFEHo",
      "202201",
      "8.2"
    ],
    [
      "rCbdiFeIC6x",
      "kJq2mPyFEHo",
      "202202",
      "11.9"
    ],
    [
      "rCbdiFeIC6x",
      "O6uvpzGd5pu",
      "202109",
      "478.7"
    ],
    [
      "rCbdiFeIC6x",
      "kJq2mPyFEHo",
      "202203",
      "42.9"
    ],
    [
      "rCbdiFeIC6x",
      "kJq2mPyFEHo",
      "202204",
      "81.9"
    ],
    [
      "rCbdiFeIC6x",
      "PMa2VCrupOd",
      "202103",
      "10.4"
    ],
    [
      "rCbdiFeIC6x",
      "PMa2VCrupOd",
      "202104",
      "34.7"
    ],
    [
      "rCbdiFeIC6x",
      "PMa2VCrupOd",
      "202101",
      "2.7"
    ],
    [
      "rCbdiFeIC6x",
      "PMa2VCrupOd",
      "202102",
      "12.6"
    ],
    [
      "rCbdiFeIC6x",
      "O6uvpzGd5pu",
      "202103",
      "75.8"
    ],
    [
      "rCbdiFeIC6x",
      "PMa2VCrupOd",
      "202107",
      "568.8"
    ],
    [
      "rCbdiFeIC6x",
      "O6uvpzGd5pu",
      "202104",
      "113.6"
    ],
    [
      "rCbdiFeIC6x",
      "PMa2VCrupOd",
      "202108",
      "579.8"
    ],
    [
      "rCbdiFeIC6x",
      "O6uvpzGd5pu",
      "202101",
      "24.9"
    ],
    [
      "rCbdiFeIC6x",
      "PMa2VCrupOd",
      "202105",
      "62"
    ],
    [
      "rCbdiFeIC6x",
      "O6uvpzGd5pu",
      "202102",
      "83.1"
    ],
    [
      "rCbdiFeIC6x",
      "PMa2VCrupOd",
      "202106",
      "267.8"
    ],
    [
      "rCbdiFeIC6x",
      "PMa2VCrupOd",
      "202109",
      "367.9"
    ],
    [
      "rCbdiFeIC6x",
      "jmIPBj66vD6",
      "202110",
      "323.9"
    ],
    [
      "rCbdiFeIC6x",
      "jmIPBj66vD6",
      "202112",
      "47.5"
    ],
    [
      "rCbdiFeIC6x",
      "jmIPBj66vD6",
      "202111",
      "133.2"
    ],
    [
      "rCbdiFeIC6x",
      "kJq2mPyFEHo",
      "202210",
      "269.6"
    ],
    [
      "rCbdiFeIC6x",
      "kJq2mPyFEHo",
      "202211",
      "112.3"
    ],
    [
      "rCbdiFeIC6x",
      "kJq2mPyFEHo",
      "202212",
      "36.2"
    ],
    [
      "rCbdiFeIC6x",
      "PMa2VCrupOd",
      "202110",
      "407.5"
    ],
    [
      "rCbdiFeIC6x",
      "PMa2VCrupOd",
      "202111",
      "115"
    ],
    [
      "rCbdiFeIC6x",
      "kJq2mPyFEHo",
      "202106",
      "360"
    ],
    [
      "rCbdiFeIC6x",
      "O6uvpzGd5pu",
      "202210",
      "306.2"
    ],
    [
      "rCbdiFeIC6x",
      "kJq2mPyFEHo",
      "202107",
      "330.1"
    ],
    [
      "rCbdiFeIC6x",
      "kJq2mPyFEHo",
      "202108",
      "498.6"
    ],
    [
      "rCbdiFeIC6x",
      "PMa2VCrupOd",
      "202211",
      "74.5"
    ],
    [
      "rCbdiFeIC6x",
      "at6UHUQatSo",
      "202012",
      "83.9"
    ],
    [
      "rCbdiFeIC6x",
      "kJq2mPyFEHo",
      "202109",
      "484.6"
    ],
    [
      "rCbdiFeIC6x",
      "PMa2VCrupOd",
      "202212",
      "25.6"
    ],
    [
      "rCbdiFeIC6x",
      "at6UHUQatSo",
      "202011",
      "96.1"
    ],
    [
      "rCbdiFeIC6x",
      "at6UHUQatSo",
      "202010",
      "267.5"
    ],
    [
      "rCbdiFeIC6x",
      "O6uvpzGd5pu",
      "202211",
      "138.8"
    ],
    [
      "rCbdiFeIC6x",
      "O6uvpzGd5pu",
      "202212",
      "46.1"
    ],
    [
      "rCbdiFeIC6x",
      "jmIPBj66vD6",
      "202002",
      "18.1"
    ],
    [
      "rCbdiFeIC6x",
      "jmIPBj66vD6",
      "202001",
      "11.6"
    ],
    [
      "rCbdiFeIC6x",
      "jmIPBj66vD6",
      "202004",
      "190.4"
    ],
    [
      "rCbdiFeIC6x",
      "jmIPBj66vD6",
      "202003",
      "68.5"
    ],
    [
      "rCbdiFeIC6x",
      "jmIPBj66vD6",
      "202006",
      "324.9"
    ],
    [
      "rCbdiFeIC6x",
      "jmIPBj66vD6",
      "202005",
      "333.3"
    ],
    [
      "rCbdiFeIC6x",
      "jmIPBj66vD6",
      "202008",
      "644.2"
    ],
    [
      "rCbdiFeIC6x",
      "jmIPBj66vD6",
      "202007",
      "604.8"
    ],
    [
      "rCbdiFeIC6x",
      "O6uvpzGd5pu",
      "202206",
      "324.8"
    ],
    [
      "rCbdiFeIC6x",
      "O6uvpzGd5pu",
      "202207",
      "321.7"
    ],
    [
      "rCbdiFeIC6x",
      "jmIPBj66vD6",
      "202009",
      "454.7"
    ],
    [
      "rCbdiFeIC6x",
      "O6uvpzGd5pu",
      "202204",
      "95.9"
    ],
    [
      "rCbdiFeIC6x",
      "O6uvpzGd5pu",
      "202205",
      "236"
    ],
    [
      "rCbdiFeIC6x",
      "kJq2mPyFEHo",
      "202101",
      "18.1"
    ],
    [
      "rCbdiFeIC6x",
      "kJq2mPyFEHo",
      "202102",
      "70"
    ],
    [
      "rCbdiFeIC6x",
      "kJq2mPyFEHo",
      "202103",
      "68.9"
    ],
    [
      "rCbdiFeIC6x",
      "O6uvpzGd5pu",
      "202208",
      "624.3"
    ],
    [
      "rCbdiFeIC6x",
      "kJq2mPyFEHo",
      "202104",
      "92.9"
    ],
    [
      "rCbdiFeIC6x",
      "O6uvpzGd5pu",
      "202209",
      "726.1"
    ],
    [
      "rCbdiFeIC6x",
      "kJq2mPyFEHo",
      "202105",
      "183.4"
    ],
    [
      "rCbdiFeIC6x",
      "PMa2VCrupOd",
      "202004",
      "82"
    ],
    [
      "rCbdiFeIC6x",
      "at6UHUQatSo",
      "202003",
      "36"
    ],
    [
      "rCbdiFeIC6x",
      "PMa2VCrupOd",
      "202005",
      "182.8"
    ],
    [
      "rCbdiFeIC6x",
      "at6UHUQatSo",
      "202002",
      "5.2"
    ],
    [
      "rCbdiFeIC6x",
      "PMa2VCrupOd",
      "202002",
      "0.46"
    ],
    [
      "rCbdiFeIC6x",
      "at6UHUQatSo",
      "202001",
      "5.4"
    ],
    [
      "rCbdiFeIC6x",
      "PMa2VCrupOd",
      "202003",
      "17.8"
    ],
    [
      "rCbdiFeIC6x",
      "O6uvpzGd5pu",
      "202202",
      "13.4"
    ],
    [
      "rCbdiFeIC6x",
      "PMa2VCrupOd",
      "202008",
      "745.7"
    ],
    [
      "rCbdiFeIC6x",
      "O6uvpzGd5pu",
      "202203",
      "43.9"
    ],
    [
      "rCbdiFeIC6x",
      "PMa2VCrupOd",
      "202009",
      "451.6"
    ],
    [
      "rCbdiFeIC6x",
      "PMa2VCrupOd",
      "202006",
      "250"
    ],
    [
      "rCbdiFeIC6x",
      "O6uvpzGd5pu",
      "202201",
      "7.6"
    ],
    [
      "rCbdiFeIC6x",
      "PMa2VCrupOd",
      "202007",
      "764.9"
    ],
    [
      "rCbdiFeIC6x",
      "eIQbndfxQMb",
      "202010",
      "331.6"
    ],
    [
      "rCbdiFeIC6x",
      "at6UHUQatSo",
      "202009",
      "518.8"
    ],
    [
      "rCbdiFeIC6x",
      "at6UHUQatSo",
      "202008",
      "847.2"
    ],
    [
      "rCbdiFeIC6x",
      "eIQbndfxQMb",
      "202012",
      "39.5"
    ],
    [
      "rCbdiFeIC6x",
      "at6UHUQatSo",
      "202007",
      "881.8"
    ],
    [
      "rCbdiFeIC6x",
      "eIQbndfxQMb",
      "202011",
      "54.4"
    ],
    [
      "rCbdiFeIC6x",
      "at6UHUQatSo",
      "202006",
      "319.6"
    ],
    [
      "rCbdiFeIC6x",
      "at6UHUQatSo",
      "202005",
      "251.5"
    ],
    [
      "rCbdiFeIC6x",
      "at6UHUQatSo",
      "202004",
      "113.3"
    ],
    [
      "rCbdiFeIC6x",
      "jmIPBj66vD6",
      "202211",
      "152.3"
    ],
    [
      "rCbdiFeIC6x",
      "eIQbndfxQMb",
      "202005",
      "269.1"
    ],
    [
      "rCbdiFeIC6x",
      "jmIPBj66vD6",
      "202210",
      "323.1"
    ],
    [
      "rCbdiFeIC6x",
      "eIQbndfxQMb",
      "202004",
      "162.3"
    ],
    [
      "rCbdiFeIC6x",
      "eIQbndfxQMb",
      "202007",
      "630.5"
    ],
    [
      "rCbdiFeIC6x",
      "jmIPBj66vD6",
      "202212",
      "57"
    ],
    [
      "rCbdiFeIC6x",
      "eIQbndfxQMb",
      "202006",
      "228.7"
    ],
    [
      "rCbdiFeIC6x",
      "eIQbndfxQMb",
      "202009",
      "407.2"
    ],
    [
      "rCbdiFeIC6x",
      "eIQbndfxQMb",
      "202008",
      "586.9"
    ],
    [
      "rCbdiFeIC6x",
      "kJq2mPyFEHo",
      "202110",
      "298.2"
    ],
    [
      "rCbdiFeIC6x",
      "kJq2mPyFEHo",
      "202111",
      "103.7"
    ],
    [
      "rCbdiFeIC6x",
      "kJq2mPyFEHo",
      "202112",
      "27.5"
    ],
    [
      "rCbdiFeIC6x",
      "PMa2VCrupOd",
      "202011",
      "49.6"
    ],
    [
      "rCbdiFeIC6x",
      "PMa2VCrupOd",
      "202012",
      "27.9"
    ],
    [
      "rCbdiFeIC6x",
      "PMa2VCrupOd",
      "202010",
      "247.7"
    ],
    [
      "rCbdiFeIC6x",
      "jUb8gELQApl",
      "202302",
      "5.9"
    ],
    [
      "rCbdiFeIC6x",
      "kJq2mPyFEHo",
      "202007",
      "459.5"
    ],
    [
      "rCbdiFeIC6x",
      "jUb8gELQApl",
      "202301",
      "10"
    ],
    [
      "rCbdiFeIC6x",
      "kJq2mPyFEHo",
      "202008",
      "382.8"
    ],
    [
      "rCbdiFeIC6x",
      "at6UHUQatSo",
      "202112",
      "44.9"
    ],
    [
      "rCbdiFeIC6x",
      "jUb8gELQApl",
      "202304",
      "88"
    ],
    [
      "rCbdiFeIC6x",
      "kJq2mPyFEHo",
      "202009",
      "507.2"
    ],
    [
      "rCbdiFeIC6x",
      "PMa2VCrupOd",
      "202112",
      "15.5"
    ],
    [
      "rCbdiFeIC6x",
      "at6UHUQatSo",
      "202111",
      "116.8"
    ],
    [
      "rCbdiFeIC6x",
      "jUb8gELQApl",
      "202303",
      "61.6"
    ],
    [
      "rCbdiFeIC6x",
      "at6UHUQatSo",
      "202110",
      "271.6"
    ],
    [
      "rCbdiFeIC6x",
      "O6uvpzGd5pu",
      "202312",
      "10.1"
    ],
    [
      "rCbdiFeIC6x",
      "jUb8gELQApl",
      "202306",
      "197.7"
    ],
    [
      "rCbdiFeIC6x",
      "jUb8gELQApl",
      "202305",
      "244.7"
    ],
    [
      "rCbdiFeIC6x",
      "O6uvpzGd5pu",
      "202310",
      "326.8"
    ],
    [
      "rCbdiFeIC6x",
      "jUb8gELQApl",
      "202308",
      "336.4"
    ],
    [
      "rCbdiFeIC6x",
      "O6uvpzGd5pu",
      "202311",
      "177"
    ],
    [
      "rCbdiFeIC6x",
      "jUb8gELQApl",
      "202307",
      "229.6"
    ],
    [
      "rCbdiFeIC6x",
      "jUb8gELQApl",
      "202309",
      "361.7"
    ],
    [
      "rCbdiFeIC6x",
      "jmIPBj66vD6",
      "202101",
      "38.2"
    ],
    [
      "rCbdiFeIC6x",
      "jmIPBj66vD6",
      "202103",
      "74.6"
    ],
    [
      "rCbdiFeIC6x",
      "jmIPBj66vD6",
      "202102",
      "83.4"
    ],
    [
      "rCbdiFeIC6x",
      "jmIPBj66vD6",
      "202105",
      "193.3"
    ],
    [
      "rCbdiFeIC6x",
      "jmIPBj66vD6",
      "202104",
      "130.2"
    ],
    [
      "rCbdiFeIC6x",
      "jmIPBj66vD6",
      "202107",
      "718.5"
    ],
    [
      "rCbdiFeIC6x",
      "jmIPBj66vD6",
      "202106",
      "427.5"
    ],
    [
      "rCbdiFeIC6x",
      "O6uvpzGd5pu",
      "202305",
      "263.6"
    ],
    [
      "rCbdiFeIC6x",
      "jmIPBj66vD6",
      "202109",
      "407.8"
    ],
    [
      "rCbdiFeIC6x",
      "O6uvpzGd5pu",
      "202306",
      "332.1"
    ],
    [
      "rCbdiFeIC6x",
      "jmIPBj66vD6",
      "202108",
      "626.5"
    ],
    [
      "rCbdiFeIC6x",
      "O6uvpzGd5pu",
      "202303",
      "65.3"
    ],
    [
      "rCbdiFeIC6x",
      "kJq2mPyFEHo",
      "202001",
      "11.3"
    ],
    [
      "rCbdiFeIC6x",
      "O6uvpzGd5pu",
      "202304",
      "139.8"
    ],
    [
      "rCbdiFeIC6x",
      "kJq2mPyFEHo",
      "202002",
      "17.8"
    ],
    [
      "rCbdiFeIC6x",
      "O6uvpzGd5pu",
      "202309",
      "460.4"
    ],
    [
      "rCbdiFeIC6x",
      "kJq2mPyFEHo",
      "202003",
      "81.8"
    ],
    [
      "rCbdiFeIC6x",
      "kJq2mPyFEHo",
      "202004",
      "152.4"
    ],
    [
      "rCbdiFeIC6x",
      "PMa2VCrupOd",
      "202001",
      "0.56"
    ],
    [
      "rCbdiFeIC6x",
      "O6uvpzGd5pu",
      "202307",
      "516.2"
    ],
    [
      "rCbdiFeIC6x",
      "kJq2mPyFEHo",
      "202005",
      "252.7"
    ],
    [
      "rCbdiFeIC6x",
      "O6uvpzGd5pu",
      "202308",
      "626.6"
    ],
    [
      "rCbdiFeIC6x",
      "kJq2mPyFEHo",
      "202006",
      "197.1"
    ],
    [
      "rCbdiFeIC6x",
      "at6UHUQatSo",
      "202102",
      "40"
    ],
    [
      "rCbdiFeIC6x",
      "jUb8gELQApl",
      "202312",
      "8.8"
    ],
    [
      "rCbdiFeIC6x",
      "at6UHUQatSo",
      "202101",
      "23.8"
    ],
    [
      "rCbdiFeIC6x",
      "at6UHUQatSo",
      "202109",
      "407.5"
    ],
    [
      "rCbdiFeIC6x",
      "at6UHUQatSo",
      "202108",
      "790.9"
    ],
    [
      "rCbdiFeIC6x",
      "at6UHUQatSo",
      "202107",
      "981.5"
    ],
    [
      "rCbdiFeIC6x",
      "at6UHUQatSo",
      "202106",
      "375.9"
    ],
    [
      "rCbdiFeIC6x",
      "at6UHUQatSo",
      "202105",
      "126.7"
    ],
    [
      "rCbdiFeIC6x",
      "at6UHUQatSo",
      "202104",
      "55.6"
    ],
    [
      "rCbdiFeIC6x",
      "at6UHUQatSo",
      "202103",
      "27.8"
    ],
    [
      "rCbdiFeIC6x",
      "jmIPBj66vD6",
      "202310",
      "322.2"
    ],
    [
      "rCbdiFeIC6x",
      "jmIPBj66vD6",
      "202312",
      "13.6"
    ],
    [
      "rCbdiFeIC6x",
      "jmIPBj66vD6",
      "202311",
      "196.2"
    ],
    [
      "rCbdiFeIC6x",
      "jUb8gELQApl",
      "202311",
      "154.3"
    ],
    [
      "rCbdiFeIC6x",
      "jUb8gELQApl",
      "202310",
      "236.8"
    ],
    [
      "rCbdiFeIC6x",
      "jUb8gELQApl",
      "202202",
      "8.9"
    ],
    [
      "rCbdiFeIC6x",
      "at6UHUQatSo",
      "202212",
      "58"
    ],
    [
      "rCbdiFeIC6x",
      "jUb8gELQApl",
      "202203",
      "49.7"
    ],
    [
      "rCbdiFeIC6x",
      "at6UHUQatSo",
      "202211",
      "111.9"
    ],
    [
      "rCbdiFeIC6x",
      "jUb8gELQApl",
      "202204",
      "67.3"
    ],
    [
      "rCbdiFeIC6x",
      "at6UHUQatSo",
      "202210",
      "246"
    ],
    [
      "rCbdiFeIC6x",
      "jUb8gELQApl",
      "202205",
      "174.5"
    ],
    [
      "rCbdiFeIC6x",
      "jUb8gELQApl",
      "202206",
      "273"
    ],
    [
      "rCbdiFeIC6x",
      "jUb8gELQApl",
      "202207",
      "186.1"
    ],
    [
      "rCbdiFeIC6x",
      "jUb8gELQApl",
      "202208",
      "435.7"
    ],
    [
      "rCbdiFeIC6x",
      "jUb8gELQApl",
      "202209",
      "571.8"
    ],
    [
      "rCbdiFeIC6x",
      "jmIPBj66vD6",
      "202202",
      "17.3"
    ],
    [
      "rCbdiFeIC6x",
      "jmIPBj66vD6",
      "202201",
      "12.7"
    ],
    [
      "rCbdiFeIC6x",
      "jmIPBj66vD6",
      "202204",
      "85.1"
    ],
    [
      "rCbdiFeIC6x",
      "jmIPBj66vD6",
      "202203",
      "28"
    ],
    [
      "rCbdiFeIC6x",
      "jmIPBj66vD6",
      "202206",
      "395.2"
    ],
    [
      "rCbdiFeIC6x",
      "jmIPBj66vD6",
      "202205",
      "235.1"
    ],
    [
      "rCbdiFeIC6x",
      "jmIPBj66vD6",
      "202208",
      "742.3"
    ],
    [
      "rCbdiFeIC6x",
      "jmIPBj66vD6",
      "202207",
      "510.5"
    ],
    [
      "rCbdiFeIC6x",
      "jmIPBj66vD6",
      "202209",
      "780.3"
    ],
    [
      "rCbdiFeIC6x",
      "jUb8gELQApl",
      "202201",
      "4.9"
    ],
    [
      "rCbdiFeIC6x",
      "at6UHUQatSo",
      "202201",
      "12"
    ],
    [
      "rCbdiFeIC6x",
      "at6UHUQatSo",
      "202209",
      "792.9"
    ],
    [
      "rCbdiFeIC6x",
      "at6UHUQatSo",
      "202208",
      "1109.5"
    ],
    [
      "rCbdiFeIC6x",
      "at6UHUQatSo",
      "202207",
      "845.5"
    ],
    [
      "rCbdiFeIC6x",
      "at6UHUQatSo",
      "202206",
      "509.8"
    ],
    [
      "rCbdiFeIC6x",
      "at6UHUQatSo",
      "202205",
      "217.4"
    ],
    [
      "rCbdiFeIC6x",
      "at6UHUQatSo",
      "202204",
      "17.1"
    ],
    [
      "rCbdiFeIC6x",
      "at6UHUQatSo",
      "202203",
      "3.4"
    ],
    [
      "rCbdiFeIC6x",
      "at6UHUQatSo",
      "202202",
      "10.3"
    ],
    [
      "rCbdiFeIC6x",
      "jUb8gELQApl",
      "202210",
      "231.7"
    ],
    [
      "rCbdiFeIC6x",
      "jUb8gELQApl",
      "202211",
      "102"
    ],
    [
      "rCbdiFeIC6x",
      "jUb8gELQApl",
      "202212",
      "24.2"
    ],
    [
      "rCbdiFeIC6x",
      "jUb8gELQApl",
      "202103",
      "62"
    ],
    [
      "rCbdiFeIC6x",
      "at6UHUQatSo",
      "202311",
      "174.3"
    ],
    [
      "rCbdiFeIC6x",
      "jUb8gELQApl",
      "202104",
      "71.5"
    ],
    [
      "rCbdiFeIC6x",
      "at6UHUQatSo",
      "202310",
      "296"
    ],
    [
      "rCbdiFeIC6x",
      "jUb8gELQApl",
      "202105",
      "164.9"
    ],
    [
      "rCbdiFeIC6x",
      "jUb8gELQApl",
      "202106",
      "245.9"
    ],
    [
      "rCbdiFeIC6x",
      "jUb8gELQApl",
      "202107",
      "271.1"
    ],
    [
      "rCbdiFeIC6x",
      "Vth0fbpFcsO",
      "202011",
      "38.3"
    ],
    [
      "rCbdiFeIC6x",
      "jUb8gELQApl",
      "202108",
      "427.5"
    ],
    [
      "rCbdiFeIC6x",
      "Vth0fbpFcsO",
      "202012",
      "33.8"
    ],
    [
      "rCbdiFeIC6x",
      "jUb8gELQApl",
      "202109",
      "428.7"
    ],
    [
      "rCbdiFeIC6x",
      "Vth0fbpFcsO",
      "202010",
      "311.6"
    ],
    [
      "rCbdiFeIC6x",
      "at6UHUQatSo",
      "202312",
      "13"
    ],
    [
      "rCbdiFeIC6x",
      "jmIPBj66vD6",
      "202301",
      "5.5"
    ],
    [
      "rCbdiFeIC6x",
      "jmIPBj66vD6",
      "202303",
      "58.8"
    ],
    [
      "rCbdiFeIC6x",
      "jmIPBj66vD6",
      "202302",
      "8.5"
    ],
    [
      "rCbdiFeIC6x",
      "jmIPBj66vD6",
      "202305",
      "276.1"
    ],
    [
      "rCbdiFeIC6x",
      "jmIPBj66vD6",
      "202304",
      "123"
    ],
    [
      "rCbdiFeIC6x",
      "Vth0fbpFcsO",
      "202004",
      "143.2"
    ],
    [
      "rCbdiFeIC6x",
      "jmIPBj66vD6",
      "202307",
      "572.1"
    ],
    [
      "rCbdiFeIC6x",
      "Vth0fbpFcsO",
      "202005",
      "221.4"
    ],
    [
      "rCbdiFeIC6x",
      "jmIPBj66vD6",
      "202306",
      "433.3"
    ],
    [
      "rCbdiFeIC6x",
      "Vth0fbpFcsO",
      "202002",
      "6.7"
    ],
    [
      "rCbdiFeIC6x",
      "jmIPBj66vD6",
      "202309",
      "507.7"
    ],
    [
      "rCbdiFeIC6x",
      "Vth0fbpFcsO",
      "202003",
      "57.9"
    ],
    [
      "rCbdiFeIC6x",
      "jmIPBj66vD6",
      "202308",
      "688.4"
    ],
    [
      "rCbdiFeIC6x",
      "Vth0fbpFcsO",
      "202008",
      "418.9"
    ],
    [
      "rCbdiFeIC6x",
      "Vth0fbpFcsO",
      "202009",
      "408"
    ],
    [
      "rCbdiFeIC6x",
      "jUb8gELQApl",
      "202101",
      "12.9"
    ],
    [
      "rCbdiFeIC6x",
      "Vth0fbpFcsO",
      "202006",
      "189.8"
    ],
    [
      "rCbdiFeIC6x",
      "jUb8gELQApl",
      "202102",
      "60.4"
    ],
    [
      "rCbdiFeIC6x",
      "Vth0fbpFcsO",
      "202007",
      "502.5"
    ],
    [
      "rCbdiFeIC6x",
      "Vth0fbpFcsO",
      "202001",
      "5.2"
    ],
    [
      "rCbdiFeIC6x",
      "at6UHUQatSo",
      "202308",
      "747.3"
    ],
    [
      "rCbdiFeIC6x",
      "at6UHUQatSo",
      "202307",
      "691.5"
    ],
    [
      "rCbdiFeIC6x",
      "at6UHUQatSo",
      "202306",
      "502.7"
    ],
    [
      "rCbdiFeIC6x",
      "at6UHUQatSo",
      "202305",
      "177.6"
    ],
    [
      "rCbdiFeIC6x",
      "at6UHUQatSo",
      "202304",
      "46.2"
    ],
    [
      "rCbdiFeIC6x",
      "at6UHUQatSo",
      "202303",
      "15.2"
    ],
    [
      "rCbdiFeIC6x",
      "at6UHUQatSo",
      "202302",
      "3.2"
    ],
    [
      "rCbdiFeIC6x",
      "at6UHUQatSo",
      "202301",
      "2.1"
    ],
    [
      "rCbdiFeIC6x",
      "at6UHUQatSo",
      "202309",
      "480.9"
    ],
    [
      "rCbdiFeIC6x",
      "Vth0fbpFcsO",
      "202112",
      "10"
    ],
    [
      "rCbdiFeIC6x",
      "jUb8gELQApl",
      "202110",
      "302.8"
    ],
    [
      "rCbdiFeIC6x",
      "jUb8gELQApl",
      "202111",
      "94.9"
    ],
    [
      "rCbdiFeIC6x",
      "jUb8gELQApl",
      "202112",
      "17.7"
    ],
    [
      "rCbdiFeIC6x",
      "jUb8gELQApl",
      "202004",
      "123.5"
    ],
    [
      "rCbdiFeIC6x",
      "jUb8gELQApl",
      "202005",
      "198.1"
    ],
    [
      "rCbdiFeIC6x",
      "jUb8gELQApl",
      "202006",
      "168.4"
    ],
    [
      "rCbdiFeIC6x",
      "jUb8gELQApl",
      "202007",
      "471.7"
    ],
    [
      "rCbdiFeIC6x",
      "jUb8gELQApl",
      "202008",
      "298.7"
    ],
    [
      "rCbdiFeIC6x",
      "Vth0fbpFcsO",
      "202110",
      "345.9"
    ],
    [
      "rCbdiFeIC6x",
      "jUb8gELQApl",
      "202009",
      "452.7"
    ],
    [
      "rCbdiFeIC6x",
      "Vth0fbpFcsO",
      "202111",
      "113.2"
    ],
    [
      "rCbdiFeIC6x",
      "Vth0fbpFcsO",
      "202109",
      "504"
    ],
    [
      "rCbdiFeIC6x",
      "Vth0fbpFcsO",
      "202103",
      "36.6"
    ],
    [
      "rCbdiFeIC6x",
      "Vth0fbpFcsO",
      "202104",
      "72"
    ],
    [
      "rCbdiFeIC6x",
      "Vth0fbpFcsO",
      "202101",
      "5"
    ],
    [
      "rCbdiFeIC6x",
      "Vth0fbpFcsO",
      "202102",
      "53.7"
    ],
    [
      "rCbdiFeIC6x",
      "Vth0fbpFcsO",
      "202107",
      "341.1"
    ],
    [
      "rCbdiFeIC6x",
      "jUb8gELQApl",
      "202001",
      "9.1"
    ],
    [
      "rCbdiFeIC6x",
      "Vth0fbpFcsO",
      "202108",
      "515.7"
    ],
    [
      "rCbdiFeIC6x",
      "jUb8gELQApl",
      "202002",
      "18.3"
    ],
    [
      "rCbdiFeIC6x",
      "Vth0fbpFcsO",
      "202105",
      "173.2"
    ],
    [
      "rCbdiFeIC6x",
      "jUb8gELQApl",
      "202003",
      "85"
    ],
    [
      "rCbdiFeIC6x",
      "Vth0fbpFcsO",
      "202106",
      "313.5"
    ],
    [
      "rCbdiFeIC6x",
      "Vth0fbpFcsO",
      "202211",
      "81.8"
    ],
    [
      "rCbdiFeIC6x",
      "jUb8gELQApl",
      "202010",
      "263.6"
    ],
    [
      "rCbdiFeIC6x",
      "Vth0fbpFcsO",
      "202212",
      "20"
    ],
    [
      "rCbdiFeIC6x",
      "jUb8gELQApl",
      "202011",
      "54.4"
    ],
    [
      "rCbdiFeIC6x",
      "jUb8gELQApl",
      "202012",
      "49.6"
    ],
    [
      "rCbdiFeIC6x",
      "Vth0fbpFcsO",
      "202210",
      "236.3"
    ],
    [
      "rCbdiFeIC6x",
      "Vth0fbpFcsO",
      "202208",
      "406.3"
    ],
    [
      "rCbdiFeIC6x",
      "Vth0fbpFcsO",
      "202209",
      "485.7"
    ],
    [
      "rCbdiFeIC6x",
      "Vth0fbpFcsO",
      "202202",
      "2.4"
    ],
    [
      "rCbdiFeIC6x",
      "Vth0fbpFcsO",
      "202203",
      "36.2"
    ],
    [
      "rCbdiFeIC6x",
      "Vth0fbpFcsO",
      "202201",
      "1.1"
    ],
    [
      "rCbdiFeIC6x",
      "Vth0fbpFcsO",
      "202206",
      "354.5"
    ],
    [
      "rCbdiFeIC6x",
      "Vth0fbpFcsO",
      "202207",
      "234"
    ],
    [
      "rCbdiFeIC6x",
      "Vth0fbpFcsO",
      "202204",
      "57.6"
    ],
    [
      "rCbdiFeIC6x",
      "Vth0fbpFcsO",
      "202205",
      "220.9"
    ]
  ],
  "width": 4,
  "height": 624,
  "headerWidth": 4
}