{
  "headers": [
    {
      "name": "dx",
      "column": "Data",
      "valueType": "TEXT",
      "type": "java.lang.String",
      "hidden": false,
      "meta": true
    },
    {
      "name": "ou",
      "column": "Organisation unit",
      "valueType": "TEXT",
      "type": "java.lang.String",
      "hidden": false,
      "meta": true
    },
    {
      "name": "pe",
      "column": "Period",
      "valueType": "TEXT",
      "type": "java.lang.String",
      "hidden": false,
      "meta": true
    },
    {
      "name": "value",
      "column": "Value",
      "valueType": "NUMBER",
      "type": "java.lang.Double",
      "hidden": false,
      "meta": false
    }
  ],
  "metaData": {
    "items": {
      "201801": {
        "name": "January 2018"
      },
      "201802": {
        "name": "February 2018"
      },
      "201803": {
        "name": "March 2018"
      },
      "201804": {
        "name": "April 2018"
      },
      "201805": {
        "name": "May 2018"
      },
      "201806": {
        "name": "June 2018"
      },
      "201807": {
        "name": "July 2018"
      },
      "201808": {
        "name": "August 2018"
      },
      "201809": {
        "name": "September 2018"
      },
      "201810": {
        "name": "October 2018"
      },
      "201811": {
        "name": "November 2018"
      },
      "201812": {
        "name": "December 2018"
      },
      "201901": {
        "name": "January 2019"
      },
      "201902": {
        "name": "February 2019"
      },
      "201903": {
        "name": "March 2019"
      },
      "201904": {
        "name": "April 2019"
      },
      "201905": {
        "name": "May 2019"
      },
      "201906": {
        "name": "June 2019"
      },
      "201907": {
        "name": "July 2019"
      },
      "201908": {
        "name": "August 2019"
      },
      "201909": {
        "name": "September 2019"
      },
      "201910": {
        "name": "October 2019"
      },
      "201911": {
        "name": "November 2019"
      },
      "201912": {
        "name": "December 2019"
      },
      "202001": {
        "name": "January 2020"
      },
      "202002": {
        "name": "February 2020"
      },
      "202003": {
        "name": "March 2020"
      },
      "202004": {
        "name": "April 2020"
      },
      "202005": {
        "name": "May 2020"
      },
      "202006": {
        "name": "June 2020"
      },
      "202007": {
        "name": "July 2020"
      },
      "202008": {
        "name": "August 2020"
      },
      "202009": {
        "name": "September 2020"
      },
      "202010": {
        "name": "October 2020"
      },
      "202011": {
        "name": "November 2020"
      },
      "202012": {
        "name": "December 2020"
      },
      "202101": {
        "name": "January 2021"
      },
      "202102": {
        "name": "February 2021"
      },
      "202103": {
        "name": "March 2021"
      },
      "202104": {
        "name": "April 2021"
      },
      "202105": {
        "name": "May 2021"
      },
      "202106": {
        "name": "June 2021"
      },
      "202107": {
        "name": "July 2021"
      },
      "202108": {
        "name": "August 2021"
      },
      "202109": {
        "name": "September 2021"
      },
      "202110": {
        "name": "October 2021"
      },
      "202111": {
        "name": "November 2021"
      },
      "202112": {
        "name": "December 2021"
      },
      "202201": {
        "name": "January 2022"
      },
      "202202": {
        "name": "February 2022"
      },
      "202203": {
        "name": "March 2022"
      },
      "202204": {
        "name": "April 2022"
      },
      "202205": {
        "name": "May 2022"
      },
      "202206": {
        "name": "June 2022"
      },
      "202207": {
        "name": "July 2022"
      },
      "202208": {
        "name": "August 2022"
      },
      "202209": {
        "name": "September 2022"
      },
      "202210": {
        "name": "October 2022"
      },
      "202211": {
        "name": "November 2022"
      },
      "202212": {
        "name": "December 2022"
      },
      "202301": {
        "name": "January 2023"
      },
      "202302": {
        "name": "February 2023"
      },
      "202303": {
        "name": "March 2023"
      },
      "202304": {
        "name": "April 2023"
      },
      "202305": {
        "name": "May 2023"
      },
      "202306": {
        "name": "June 2023"
      },
      "202307": {
        "name": "July 2023"
      },
      "202308": {
        "name": "August 2023"
      },
      "202309": {
        "name": "September 2023"
      },
      "202310": {
        "name": "October 2023"
      },
      "202311": {
        "name": "November 2023"
      },
      "202312": {
        "name": "December 2023"
      },
      "202401": {
        "name": "January 2024"
      },
      "202402": {
        "name": "February 2024"
      },
      "202403": {
        "name": "March 2024"
      },
      "jUb8gELQApl": {
        "name": "Kailahun"
      },
      "eIQbndfxQMb": {
        "name": "Tonkolili"
      },
      "dx": {
        "name": "Data"
      },
      "fdc6uOvgoji": {
        "name": "Bombali"
      },
      "HllvX50cXC0": {
        "name": "default"
      },
      "Vth0fbpFcsO": {
        "name": "Kono"
      },
      "O6uvpzGd5pu": {
        "name": "Bo"
      },
      "bL4ooGhyHRQ": {
        "name": "Pujehun"
      },
      "kJq2mPyFEHo": {
        "name": "Kenema"
      },
      "wjP19dkFeIk": {
        "uid": "wjP19dkFeIk",
        "name": "District"
      },
      "at6UHUQatSo": {
        "name": "Western Area"
      },
      "TEQlaapDQoK": {
        "name": "Port Loko"
      },
      "PMa2VCrupOd": {
        "name": "Kambia"
      },
      "ou": {
        "name": "Organisation unit"
      },
      "ZMap7yJ5eCm": {
        "name": "Air temperature (ERA5-Land)"
      },
      "pe": {
        "name": "Period"
      },
      "lc3eMKXaEfw": {
        "name": "Bonthe"
      },
      "qhqAxPSTUXp": {
        "name": "Koinadugu"
      },
      "jmIPBj66vD6": {
        "name": "Moyamba"
      }
    },
    "dimensions": {
      "dx": [
        "ZMap7yJ5eCm"
      ],
      "pe": [
        "201801",
        "201802",
        "201803",
        "201804",
        "201805",
        "201806",
        "201807",
        "201808",
        "201809",
        "201810",
        "201811",
        "201812",
        "201901",
        "201902",
        "201903",
        "201904",
        "201905",
        "201906",
        "201907",
        "201908",
        "201909",
        "201910",
        "201911",
        "201912",
        "202001",
        "202002",
        "202003",
        "202004",
        "202005",
        "202006",
        "202007",
        "202008",
        "202009",
        "202010",
        "202011",
        "202012",
        "202101",
        "202102",
        "202103",
        "202104",
        "202105",
        "202106",
        "202107",
        "202108",
        "202109",
        "202110",
        "202111",
        "202112",
        "202201",
        "202202",
        "202203",
        "202204",
        "202205",
        "202206",
        "202207",
        "202208",
        "202209",
        "202210",
        "202211",
        "202212",
        "202301",
        "202302",
        "202303",
        "202304",
        "202305",
        "202306",
        "202307",
        "202308",
        "202309",
        "202310",
        "202311",
        "202312",
        "202401",
        "202402",
        "202403"
      ],
      "ou": [
        "O6uvpzGd5pu",
        "fdc6uOvgoji",
        "lc3eMKXaEfw",
        "jUb8gELQApl",
        "PMa2VCrupOd",
        "kJq2mPyFEHo",
        "qhqAxPSTUXp",
        "Vth0fbpFcsO",
        "jmIPBj66vD6",
        "TEQlaapDQoK",
        "bL4ooGhyHRQ",
        "eIQbndfxQMb",
        "at6UHUQatSo"
      ],
      "co": [
        "HllvX50cXC0"
      ]
    }
  },
  "rows": [
    [
      "ZMap7yJ5eCm",
      "qhqAxPSTUXp",
      "202211",
      "24.6"
    ],
    [
      "ZMap7yJ5eCm",
      "qhqAxPSTUXp",
      "202210",
      "24.3"
    ],
    [
      "ZMap7yJ5eCm",
      "qhqAxPSTUXp",
      "202212",
      "25.2"
    ],
    [
      "ZMap7yJ5eCm",
      "lc3eMKXaEfw",
      "202310",
      "25.8"
    ],
    [
      "ZMap7yJ5eCm",
      "lc3eMKXaEfw",
      "202311",
      "26.4"
    ],
    [
      "ZMap7yJ5eCm",
      "jUb8gELQApl",
      "202011",
      "25.4"
    ],
    [
      "ZMap7yJ5eCm",
      "jUb8gELQApl",
      "202010",
      "24.6"
    ],
    [
      "ZMap7yJ5eCm",
      "lc3eMKXaEfw",
      "202312",
      "27"
    ],
    [
      "ZMap7yJ5eCm",
      "jUb8gELQApl",
      "202012",
      "25.6"
    ],
    [
      "ZMap7yJ5eCm",
      "fdc6uOvgoji",
      "202104",
      "29.3"
    ],
    [
      "ZMap7yJ5eCm",
      "jUb8gELQApl",
      "202004",
      "27"
    ],
    [
      "ZMap7yJ5eCm",
      "fdc6uOvgoji",
      "202103",
      "29.4"
    ],
    [
      "ZMap7yJ5eCm",
      "jUb8gELQApl",
      "202003",
      "27.7"
    ],
    [
      "ZMap7yJ5eCm",
      "fdc6uOvgoji",
      "202106",
      "26.6"
    ],
    [
      "ZMap7yJ5eCm",
      "jUb8gELQApl",
      "202006",
      "24.9"
    ],
    [
      "ZMap7yJ5eCm",
      "fdc6uOvgoji",
      "202105",
      "28.7"
    ],
    [
      "ZMap7yJ5eCm",
      "jUb8gELQApl",
      "202005",
      "25.9"
    ],
    [
      "ZMap7yJ5eCm",
      "fdc6uOvgoji",
      "202108",
      "24.3"
    ],
    [
      "ZMap7yJ5eCm",
      "jUb8gELQApl",
      "202008",
      "23.3"
    ],
    [
      "ZMap7yJ5eCm",
      "fdc6uOvgoji",
      "202107",
      "24.7"
    ],
    [
      "ZMap7yJ5eCm",
      "jUb8gELQApl",
      "202007",
      "23.4"
    ],
    [
      "ZMap7yJ5eCm",
      "fdc6uOvgoji",
      "202109",
      "25.2"
    ],
    [
      "ZMap7yJ5eCm",
      "jUb8gELQApl",
      "202009",
      "23.8"
    ],
    [
      "ZMap7yJ5eCm",
      "fdc6uOvgoji",
      "202102",
      "29.2"
    ],
    [
      "ZMap7yJ5eCm",
      "fdc6uOvgoji",
      "202101",
      "28.7"
    ],
    [
      "ZMap7yJ5eCm",
      "lc3eMKXaEfw",
      "202307",
      "25.2"
    ],
    [
      "ZMap7yJ5eCm",
      "Vth0fbpFcsO",
      "202309",
      "24"
    ],
    [
      "ZMap7yJ5eCm",
      "lc3eMKXaEfw",
      "202308",
      "25.2"
    ],
    [
      "ZMap7yJ5eCm",
      "Vth0fbpFcsO",
      "202308",
      "23.6"
    ],
    [
      "ZMap7yJ5eCm",
      "lc3eMKXaEfw",
      "202305",
      "27.1"
    ],
    [
      "ZMap7yJ5eCm",
      "qhqAxPSTUXp",
      "202101",
      "27.4"
    ],
    [
      "ZMap7yJ5eCm",
      "Vth0fbpFcsO",
      "202307",
      "23.9"
    ],
    [
      "ZMap7yJ5eCm",
      "lc3eMKXaEfw",
      "202306",
      "25.6"
    ],
    [
      "ZMap7yJ5eCm",
      "Vth0fbpFcsO",
      "202306",
      "24.3"
    ],
    [
      "ZMap7yJ5eCm",
      "qhqAxPSTUXp",
      "202103",
      "28.5"
    ],
    [
      "ZMap7yJ5eCm",
      "qhqAxPSTUXp",
      "202102",
      "28"
    ],
    [
      "ZMap7yJ5eCm",
      "lc3eMKXaEfw",
      "202309",
      "25.4"
    ],
    [
      "ZMap7yJ5eCm",
      "qhqAxPSTUXp",
      "202105",
      "27"
    ],
    [
      "ZMap7yJ5eCm",
      "qhqAxPSTUXp",
      "202104",
      "28"
    ],
    [
      "ZMap7yJ5eCm",
      "Vth0fbpFcsO",
      "202301",
      "25.9"
    ],
    [
      "ZMap7yJ5eCm",
      "lc3eMKXaEfw",
      "202303",
      "27.1"
    ],
    [
      "ZMap7yJ5eCm",
      "Vth0fbpFcsO",
      "202305",
      "26"
    ],
    [
      "ZMap7yJ5eCm",
      "lc3eMKXaEfw",
      "202304",
      "27.4"
    ],
    [
      "ZMap7yJ5eCm",
      "Vth0fbpFcsO",
      "202304",
      "26.8"
    ],
    [
      "ZMap7yJ5eCm",
      "bL4ooGhyHRQ",
      "202012",
      "25.7"
    ],
    [
      "ZMap7yJ5eCm",
      "jUb8gELQApl",
      "202002",
      "28.6"
    ],
    [
      "ZMap7yJ5eCm",
      "lc3eMKXaEfw",
      "202301",
      "26.9"
    ],
    [
      "ZMap7yJ5eCm",
      "Vth0fbpFcsO",
      "202303",
      "27.8"
    ],
    [
      "ZMap7yJ5eCm",
      "bL4ooGhyHRQ",
      "202011",
      "25.6"
    ],
    [
      "ZMap7yJ5eCm",
      "jUb8gELQApl",
      "202001",
      "27.2"
    ],
    [
      "ZMap7yJ5eCm",
      "lc3eMKXaEfw",
      "202302",
      "27.3"
    ],
    [
      "ZMap7yJ5eCm",
      "Vth0fbpFcsO",
      "202302",
      "28.3"
    ],
    [
      "ZMap7yJ5eCm",
      "bL4ooGhyHRQ",
      "202010",
      "25"
    ],
    [
      "ZMap7yJ5eCm",
      "bL4ooGhyHRQ",
      "202006",
      "25.2"
    ],
    [
      "ZMap7yJ5eCm",
      "bL4ooGhyHRQ",
      "202005",
      "26.1"
    ],
    [
      "ZMap7yJ5eCm",
      "bL4ooGhyHRQ",
      "202004",
      "27"
    ],
    [
      "ZMap7yJ5eCm",
      "bL4ooGhyHRQ",
      "202003",
      "27.4"
    ],
    [
      "ZMap7yJ5eCm",
      "bL4ooGhyHRQ",
      "202009",
      "24.3"
    ],
    [
      "ZMap7yJ5eCm",
      "bL4ooGhyHRQ",
      "202008",
      "24.1"
    ],
    [
      "ZMap7yJ5eCm",
      "bL4ooGhyHRQ",
      "202007",
      "24.2"
    ],
    [
      "ZMap7yJ5eCm",
      "qhqAxPSTUXp",
      "202107",
      "23.4"
    ],
    [
      "ZMap7yJ5eCm",
      "qhqAxPSTUXp",
      "202106",
      "25.2"
    ],
    [
      "ZMap7yJ5eCm",
      "qhqAxPSTUXp",
      "202109",
      "23.8"
    ],
    [
      "ZMap7yJ5eCm",
      "qhqAxPSTUXp",
      "202108",
      "23"
    ],
    [
      "ZMap7yJ5eCm",
      "fdc6uOvgoji",
      "202210",
      "25.6"
    ],
    [
      "ZMap7yJ5eCm",
      "fdc6uOvgoji",
      "202212",
      "26.7"
    ],
    [
      "ZMap7yJ5eCm",
      "fdc6uOvgoji",
      "202211",
      "26.2"
    ],
    [
      "ZMap7yJ5eCm",
      "qhqAxPSTUXp",
      "202310",
      "24.7"
    ],
    [
      "ZMap7yJ5eCm",
      "qhqAxPSTUXp",
      "202312",
      "25.6"
    ],
    [
      "ZMap7yJ5eCm",
      "qhqAxPSTUXp",
      "202311",
      "25.2"
    ],
    [
      "ZMap7yJ5eCm",
      "lc3eMKXaEfw",
      "202211",
      "25.9"
    ],
    [
      "ZMap7yJ5eCm",
      "Vth0fbpFcsO",
      "202312",
      "24.8"
    ],
    [
      "ZMap7yJ5eCm",
      "lc3eMKXaEfw",
      "202212",
      "26.3"
    ],
    [
      "ZMap7yJ5eCm",
      "Vth0fbpFcsO",
      "202311",
      "24.7"
    ],
    [
      "ZMap7yJ5eCm",
      "Vth0fbpFcsO",
      "202310",
      "24.5"
    ],
    [
      "ZMap7yJ5eCm",
      "lc3eMKXaEfw",
      "202210",
      "25.3"
    ],
    [
      "ZMap7yJ5eCm",
      "bL4ooGhyHRQ",
      "202002",
      "27.9"
    ],
    [
      "ZMap7yJ5eCm",
      "bL4ooGhyHRQ",
      "202001",
      "27.1"
    ],
    [
      "ZMap7yJ5eCm",
      "fdc6uOvgoji",
      "202005",
      "27.6"
    ],
    [
      "ZMap7yJ5eCm",
      "fdc6uOvgoji",
      "202004",
      "28.9"
    ],
    [
      "ZMap7yJ5eCm",
      "fdc6uOvgoji",
      "202007",
      "24.1"
    ],
    [
      "ZMap7yJ5eCm",
      "fdc6uOvgoji",
      "202006",
      "26.1"
    ],
    [
      "ZMap7yJ5eCm",
      "fdc6uOvgoji",
      "202009",
      "24.6"
    ],
    [
      "ZMap7yJ5eCm",
      "fdc6uOvgoji",
      "202008",
      "24"
    ],
    [
      "ZMap7yJ5eCm",
      "fdc6uOvgoji",
      "202001",
      "28.7"
    ],
    [
      "ZMap7yJ5eCm",
      "fdc6uOvgoji",
      "202003",
      "30.1"
    ],
    [
      "ZMap7yJ5eCm",
      "fdc6uOvgoji",
      "202002",
      "29.9"
    ],
    [
      "ZMap7yJ5eCm",
      "lc3eMKXaEfw",
      "202208",
      "24.4"
    ],
    [
      "ZMap7yJ5eCm",
      "lc3eMKXaEfw",
      "202209",
      "24.6"
    ],
    [
      "ZMap7yJ5eCm",
      "Vth0fbpFcsO",
      "202209",
      "23.1"
    ],
    [
      "ZMap7yJ5eCm",
      "lc3eMKXaEfw",
      "202206",
      "25.5"
    ],
    [
      "ZMap7yJ5eCm",
      "Vth0fbpFcsO",
      "202208",
      "22.7"
    ],
    [
      "ZMap7yJ5eCm",
      "lc3eMKXaEfw",
      "202207",
      "24.7"
    ],
    [
      "ZMap7yJ5eCm",
      "Vth0fbpFcsO",
      "202207",
      "23"
    ],
    [
      "ZMap7yJ5eCm",
      "qhqAxPSTUXp",
      "202202",
      "27.9"
    ],
    [
      "ZMap7yJ5eCm",
      "qhqAxPSTUXp",
      "202201",
      "27"
    ],
    [
      "ZMap7yJ5eCm",
      "qhqAxPSTUXp",
      "202204",
      "28.4"
    ],
    [
      "ZMap7yJ5eCm",
      "qhqAxPSTUXp",
      "202203",
      "29.1"
    ],
    [
      "ZMap7yJ5eCm",
      "Vth0fbpFcsO",
      "202202",
      "27.9"
    ],
    [
      "ZMap7yJ5eCm",
      "lc3eMKXaEfw",
      "202201",
      "27.4"
    ],
    [
      "ZMap7yJ5eCm",
      "Vth0fbpFcsO",
      "202201",
      "26.8"
    ],
    [
      "ZMap7yJ5eCm",
      "lc3eMKXaEfw",
      "202204",
      "27"
    ],
    [
      "ZMap7yJ5eCm",
      "Vth0fbpFcsO",
      "202206",
      "24.2"
    ],
    [
      "ZMap7yJ5eCm",
      "bL4ooGhyHRQ",
      "202112",
      "26.4"
    ],
    [
      "ZMap7yJ5eCm",
      "lc3eMKXaEfw",
      "202205",
      "26.4"
    ],
    [
      "ZMap7yJ5eCm",
      "Vth0fbpFcsO",
      "202205",
      "25.5"
    ],
    [
      "ZMap7yJ5eCm",
      "bL4ooGhyHRQ",
      "202111",
      "25.8"
    ],
    [
      "ZMap7yJ5eCm",
      "lc3eMKXaEfw",
      "202202",
      "27.3"
    ],
    [
      "ZMap7yJ5eCm",
      "Vth0fbpFcsO",
      "202204",
      "27.4"
    ],
    [
      "ZMap7yJ5eCm",
      "bL4ooGhyHRQ",
      "202110",
      "25.1"
    ],
    [
      "ZMap7yJ5eCm",
      "lc3eMKXaEfw",
      "202203",
      "27.6"
    ],
    [
      "ZMap7yJ5eCm",
      "Vth0fbpFcsO",
      "202203",
      "28.7"
    ],
    [
      "ZMap7yJ5eCm",
      "bL4ooGhyHRQ",
      "202105",
      "26.2"
    ],
    [
      "ZMap7yJ5eCm",
      "bL4ooGhyHRQ",
      "202104",
      "26.7"
    ],
    [
      "ZMap7yJ5eCm",
      "bL4ooGhyHRQ",
      "202103",
      "26.4"
    ],
    [
      "ZMap7yJ5eCm",
      "bL4ooGhyHRQ",
      "202102",
      "26.6"
    ],
    [
      "ZMap7yJ5eCm",
      "bL4ooGhyHRQ",
      "202109",
      "24.8"
    ],
    [
      "ZMap7yJ5eCm",
      "bL4ooGhyHRQ",
      "202108",
      "24.4"
    ],
    [
      "ZMap7yJ5eCm",
      "bL4ooGhyHRQ",
      "202107",
      "24.3"
    ],
    [
      "ZMap7yJ5eCm",
      "bL4ooGhyHRQ",
      "202106",
      "25"
    ],
    [
      "ZMap7yJ5eCm",
      "qhqAxPSTUXp",
      "202206",
      "24.4"
    ],
    [
      "ZMap7yJ5eCm",
      "qhqAxPSTUXp",
      "202205",
      "26.3"
    ],
    [
      "ZMap7yJ5eCm",
      "qhqAxPSTUXp",
      "202208",
      "22.8"
    ],
    [
      "ZMap7yJ5eCm",
      "qhqAxPSTUXp",
      "202207",
      "23.2"
    ],
    [
      "ZMap7yJ5eCm",
      "fdc6uOvgoji",
      "202111",
      "26.6"
    ],
    [
      "ZMap7yJ5eCm",
      "fdc6uOvgoji",
      "202110",
      "25.6"
    ],
    [
      "ZMap7yJ5eCm",
      "qhqAxPSTUXp",
      "202209",
      "23.2"
    ],
    [
      "ZMap7yJ5eCm",
      "fdc6uOvgoji",
      "202112",
      "27.9"
    ],
    [
      "ZMap7yJ5eCm",
      "qhqAxPSTUXp",
      "202011",
      "25.5"
    ],
    [
      "ZMap7yJ5eCm",
      "eIQbndfxQMb",
      "202401",
      "27.9"
    ],
    [
      "ZMap7yJ5eCm",
      "qhqAxPSTUXp",
      "202010",
      "24.4"
    ],
    [
      "ZMap7yJ5eCm",
      "eIQbndfxQMb",
      "202402",
      "29.3"
    ],
    [
      "ZMap7yJ5eCm",
      "qhqAxPSTUXp",
      "202012",
      "26.4"
    ],
    [
      "ZMap7yJ5eCm",
      "eIQbndfxQMb",
      "202403",
      "29.8"
    ],
    [
      "ZMap7yJ5eCm",
      "lc3eMKXaEfw",
      "202112",
      "27"
    ],
    [
      "ZMap7yJ5eCm",
      "lc3eMKXaEfw",
      "202110",
      "25.6"
    ],
    [
      "ZMap7yJ5eCm",
      "lc3eMKXaEfw",
      "202111",
      "26.3"
    ],
    [
      "ZMap7yJ5eCm",
      "jUb8gELQApl",
      "202211",
      "24.8"
    ],
    [
      "ZMap7yJ5eCm",
      "jUb8gELQApl",
      "202210",
      "24.4"
    ],
    [
      "ZMap7yJ5eCm",
      "jUb8gELQApl",
      "202202",
      "28.2"
    ],
    [
      "ZMap7yJ5eCm",
      "jUb8gELQApl",
      "202201",
      "27.5"
    ],
    [
      "ZMap7yJ5eCm",
      "jUb8gELQApl",
      "202204",
      "27.5"
    ],
    [
      "ZMap7yJ5eCm",
      "jUb8gELQApl",
      "202203",
      "28.4"
    ],
    [
      "ZMap7yJ5eCm",
      "jUb8gELQApl",
      "202206",
      "24.7"
    ],
    [
      "ZMap7yJ5eCm",
      "jUb8gELQApl",
      "202205",
      "25.9"
    ],
    [
      "ZMap7yJ5eCm",
      "jUb8gELQApl",
      "202208",
      "23.3"
    ],
    [
      "ZMap7yJ5eCm",
      "jUb8gELQApl",
      "202207",
      "23.6"
    ],
    [
      "ZMap7yJ5eCm",
      "jUb8gELQApl",
      "202209",
      "23.6"
    ],
    [
      "ZMap7yJ5eCm",
      "lc3eMKXaEfw",
      "202109",
      "25.4"
    ],
    [
      "ZMap7yJ5eCm",
      "lc3eMKXaEfw",
      "202107",
      "24.7"
    ],
    [
      "ZMap7yJ5eCm",
      "lc3eMKXaEfw",
      "202108",
      "24.9"
    ],
    [
      "ZMap7yJ5eCm",
      "lc3eMKXaEfw",
      "202101",
      "26.8"
    ],
    [
      "ZMap7yJ5eCm",
      "lc3eMKXaEfw",
      "202102",
      "26.9"
    ],
    [
      "ZMap7yJ5eCm",
      "lc3eMKXaEfw",
      "202105",
      "26.7"
    ],
    [
      "ZMap7yJ5eCm",
      "lc3eMKXaEfw",
      "202106",
      "25.6"
    ],
    [
      "ZMap7yJ5eCm",
      "lc3eMKXaEfw",
      "202103",
      "26.8"
    ],
    [
      "ZMap7yJ5eCm",
      "lc3eMKXaEfw",
      "202104",
      "27.2"
    ],
    [
      "ZMap7yJ5eCm",
      "jUb8gELQApl",
      "202312",
      "25.5"
    ],
    [
      "ZMap7yJ5eCm",
      "jUb8gELQApl",
      "202311",
      "25.2"
    ],
    [
      "ZMap7yJ5eCm",
      "fdc6uOvgoji",
      "202010",
      "25.7"
    ],
    [
      "ZMap7yJ5eCm",
      "fdc6uOvgoji",
      "202012",
      "27.6"
    ],
    [
      "ZMap7yJ5eCm",
      "fdc6uOvgoji",
      "202011",
      "26.9"
    ],
    [
      "ZMap7yJ5eCm",
      "qhqAxPSTUXp",
      "202110",
      "24.4"
    ],
    [
      "ZMap7yJ5eCm",
      "qhqAxPSTUXp",
      "202112",
      "26.5"
    ],
    [
      "ZMap7yJ5eCm",
      "qhqAxPSTUXp",
      "202111",
      "25.2"
    ],
    [
      "ZMap7yJ5eCm",
      "lc3eMKXaEfw",
      "202011",
      "26.2"
    ],
    [
      "ZMap7yJ5eCm",
      "lc3eMKXaEfw",
      "202012",
      "26.3"
    ],
    [
      "ZMap7yJ5eCm",
      "jUb8gELQApl",
      "202110",
      "24.7"
    ],
    [
      "ZMap7yJ5eCm",
      "jUb8gELQApl",
      "202112",
      "26.2"
    ],
    [
      "ZMap7yJ5eCm",
      "jUb8gELQApl",
      "202111",
      "25.4"
    ],
    [
      "ZMap7yJ5eCm",
      "jUb8gELQApl",
      "202103",
      "26.9"
    ],
    [
      "ZMap7yJ5eCm",
      "jUb8gELQApl",
      "202102",
      "27.3"
    ],
    [
      "ZMap7yJ5eCm",
      "jUb8gELQApl",
      "202105",
      "26.2"
    ],
    [
      "ZMap7yJ5eCm",
      "jUb8gELQApl",
      "202104",
      "27.1"
    ],
    [
      "ZMap7yJ5eCm",
      "jUb8gELQApl",
      "202107",
      "23.9"
    ],
    [
      "ZMap7yJ5eCm",
      "jUb8gELQApl",
      "202106",
      "24.9"
    ],
    [
      "ZMap7yJ5eCm",
      "lc3eMKXaEfw",
      "202010",
      "25.6"
    ],
    [
      "ZMap7yJ5eCm",
      "jUb8gELQApl",
      "202109",
      "24.3"
    ],
    [
      "ZMap7yJ5eCm",
      "jUb8gELQApl",
      "202108",
      "23.8"
    ],
    [
      "ZMap7yJ5eCm",
      "lc3eMKXaEfw",
      "202008",
      "24.5"
    ],
    [
      "ZMap7yJ5eCm",
      "qhqAxPSTUXp",
      "202002",
      "28.7"
    ],
    [
      "ZMap7yJ5eCm",
      "lc3eMKXaEfw",
      "202009",
      "24.8"
    ],
    [
      "ZMap7yJ5eCm",
      "qhqAxPSTUXp",
      "202001",
      "27.1"
    ],
    [
      "ZMap7yJ5eCm",
      "qhqAxPSTUXp",
      "202004",
      "27.4"
    ],
    [
      "ZMap7yJ5eCm",
      "qhqAxPSTUXp",
      "202003",
      "29"
    ],
    [
      "ZMap7yJ5eCm",
      "qhqAxPSTUXp",
      "202006",
      "24.8"
    ],
    [
      "ZMap7yJ5eCm",
      "qhqAxPSTUXp",
      "202005",
      "26.1"
    ],
    [
      "ZMap7yJ5eCm",
      "lc3eMKXaEfw",
      "202002",
      "28.1"
    ],
    [
      "ZMap7yJ5eCm",
      "lc3eMKXaEfw",
      "202003",
      "27.8"
    ],
    [
      "ZMap7yJ5eCm",
      "lc3eMKXaEfw",
      "202001",
      "27.4"
    ],
    [
      "ZMap7yJ5eCm",
      "lc3eMKXaEfw",
      "202006",
      "25.6"
    ],
    [
      "ZMap7yJ5eCm",
      "lc3eMKXaEfw",
      "202007",
      "24.7"
    ],
    [
      "ZMap7yJ5eCm",
      "Vth0fbpFcsO",
      "202403",
      "29.7"
    ],
    [
      "ZMap7yJ5eCm",
      "jUb8gELQApl",
      "202101",
      "27.1"
    ],
    [
      "ZMap7yJ5eCm",
      "lc3eMKXaEfw",
      "202004",
      "27.5"
    ],
    [
      "ZMap7yJ5eCm",
      "Vth0fbpFcsO",
      "202402",
      "28.9"
    ],
    [
      "ZMap7yJ5eCm",
      "lc3eMKXaEfw",
      "202005",
      "26.7"
    ],
    [
      "ZMap7yJ5eCm",
      "Vth0fbpFcsO",
      "202401",
      "27.1"
    ],
    [
      "ZMap7yJ5eCm",
      "jUb8gELQApl",
      "202212",
      "25.3"
    ],
    [
      "ZMap7yJ5eCm",
      "qhqAxPSTUXp",
      "202008",
      "22.6"
    ],
    [
      "ZMap7yJ5eCm",
      "qhqAxPSTUXp",
      "202007",
      "22.8"
    ],
    [
      "ZMap7yJ5eCm",
      "qhqAxPSTUXp",
      "202009",
      "23.3"
    ],
    [
      "ZMap7yJ5eCm",
      "jmIPBj66vD6",
      "202402",
      "28.8"
    ],
    [
      "ZMap7yJ5eCm",
      "jmIPBj66vD6",
      "202403",
      "28.9"
    ],
    [
      "ZMap7yJ5eCm",
      "jmIPBj66vD6",
      "202401",
      "27.9"
    ],
    [
      "ZMap7yJ5eCm",
      "kJq2mPyFEHo",
      "202110",
      "24.7"
    ],
    [
      "ZMap7yJ5eCm",
      "kJq2mPyFEHo",
      "202111",
      "25.4"
    ],
    [
      "ZMap7yJ5eCm",
      "Vth0fbpFcsO",
      "202012",
      "25.5"
    ],
    [
      "ZMap7yJ5eCm",
      "kJq2mPyFEHo",
      "202112",
      "26.1"
    ],
    [
      "ZMap7yJ5eCm",
      "kJq2mPyFEHo",
      "202105",
      "26.1"
    ],
    [
      "ZMap7yJ5eCm",
      "at6UHUQatSo",
      "202201",
      "27.4"
    ],
    [
      "ZMap7yJ5eCm",
      "kJq2mPyFEHo",
      "202106",
      "24.8"
    ],
    [
      "ZMap7yJ5eCm",
      "at6UHUQatSo",
      "202202",
      "27.1"
    ],
    [
      "ZMap7yJ5eCm",
      "kJq2mPyFEHo",
      "202107",
      "23.8"
    ],
    [
      "ZMap7yJ5eCm",
      "at6UHUQatSo",
      "202203",
      "27.1"
    ],
    [
      "ZMap7yJ5eCm",
      "kJq2mPyFEHo",
      "202108",
      "23.8"
    ],
    [
      "ZMap7yJ5eCm",
      "at6UHUQatSo",
      "202204",
      "26.8"
    ],
    [
      "ZMap7yJ5eCm",
      "kJq2mPyFEHo",
      "202109",
      "24.3"
    ],
    [
      "ZMap7yJ5eCm",
      "Vth0fbpFcsO",
      "202011",
      "25"
    ],
    [
      "ZMap7yJ5eCm",
      "at6UHUQatSo",
      "202205",
      "26.8"
    ],
    [
      "ZMap7yJ5eCm",
      "Vth0fbpFcsO",
      "202010",
      "24.1"
    ],
    [
      "ZMap7yJ5eCm",
      "at6UHUQatSo",
      "202206",
      "25.8"
    ],
    [
      "ZMap7yJ5eCm",
      "at6UHUQatSo",
      "202207",
      "24.8"
    ],
    [
      "ZMap7yJ5eCm",
      "at6UHUQatSo",
      "202208",
      "24.5"
    ],
    [
      "ZMap7yJ5eCm",
      "at6UHUQatSo",
      "202209",
      "24.7"
    ],
    [
      "ZMap7yJ5eCm",
      "kJq2mPyFEHo",
      "202101",
      "26.9"
    ],
    [
      "ZMap7yJ5eCm",
      "kJq2mPyFEHo",
      "202102",
      "27.1"
    ],
    [
      "ZMap7yJ5eCm",
      "kJq2mPyFEHo",
      "202103",
      "26.6"
    ],
    [
      "ZMap7yJ5eCm",
      "kJq2mPyFEHo",
      "202104",
      "26.8"
    ],
    [
      "ZMap7yJ5eCm",
      "at6UHUQatSo",
      "202212",
      "26.7"
    ],
    [
      "ZMap7yJ5eCm",
      "at6UHUQatSo",
      "202210",
      "25.6"
    ],
    [
      "ZMap7yJ5eCm",
      "at6UHUQatSo",
      "202211",
      "26.4"
    ],
    [
      "ZMap7yJ5eCm",
      "kJq2mPyFEHo",
      "202010",
      "24.6"
    ],
    [
      "ZMap7yJ5eCm",
      "kJq2mPyFEHo",
      "202011",
      "25.4"
    ],
    [
      "ZMap7yJ5eCm",
      "kJq2mPyFEHo",
      "202012",
      "25.5"
    ],
    [
      "ZMap7yJ5eCm",
      "kJq2mPyFEHo",
      "202006",
      "24.8"
    ],
    [
      "ZMap7yJ5eCm",
      "at6UHUQatSo",
      "202102",
      "27.1"
    ],
    [
      "ZMap7yJ5eCm",
      "kJq2mPyFEHo",
      "202007",
      "23.5"
    ],
    [
      "ZMap7yJ5eCm",
      "at6UHUQatSo",
      "202103",
      "27"
    ],
    [
      "ZMap7yJ5eCm",
      "kJq2mPyFEHo",
      "202008",
      "23.4"
    ],
    [
      "ZMap7yJ5eCm",
      "at6UHUQatSo",
      "202104",
      "27.5"
    ],
    [
      "ZMap7yJ5eCm",
      "kJq2mPyFEHo",
      "202009",
      "23.8"
    ],
    [
      "ZMap7yJ5eCm",
      "at6UHUQatSo",
      "202105",
      "27.2"
    ],
    [
      "ZMap7yJ5eCm",
      "at6UHUQatSo",
      "202106",
      "26"
    ],
    [
      "ZMap7yJ5eCm",
      "at6UHUQatSo",
      "202107",
      "24.9"
    ],
    [
      "ZMap7yJ5eCm",
      "at6UHUQatSo",
      "202108",
      "24.8"
    ],
    [
      "ZMap7yJ5eCm",
      "at6UHUQatSo",
      "202109",
      "25.6"
    ],
    [
      "ZMap7yJ5eCm",
      "at6UHUQatSo",
      "202101",
      "27"
    ],
    [
      "ZMap7yJ5eCm",
      "kJq2mPyFEHo",
      "202001",
      "27.2"
    ],
    [
      "ZMap7yJ5eCm",
      "kJq2mPyFEHo",
      "202002",
      "28.5"
    ],
    [
      "ZMap7yJ5eCm",
      "kJq2mPyFEHo",
      "202003",
      "27.7"
    ],
    [
      "ZMap7yJ5eCm",
      "kJq2mPyFEHo",
      "202004",
      "26.8"
    ],
    [
      "ZMap7yJ5eCm",
      "kJq2mPyFEHo",
      "202005",
      "25.8"
    ],
    [
      "ZMap7yJ5eCm",
      "at6UHUQatSo",
      "202110",
      "25.8"
    ],
    [
      "ZMap7yJ5eCm",
      "at6UHUQatSo",
      "202111",
      "26.7"
    ],
    [
      "ZMap7yJ5eCm",
      "at6UHUQatSo",
      "202112",
      "27.3"
    ],
    [
      "ZMap7yJ5eCm",
      "jmIPBj66vD6",
      "202201",
      "27.6"
    ],
    [
      "ZMap7yJ5eCm",
      "jmIPBj66vD6",
      "202204",
      "27.4"
    ],
    [
      "ZMap7yJ5eCm",
      "jmIPBj66vD6",
      "202205",
      "26.5"
    ],
    [
      "ZMap7yJ5eCm",
      "jmIPBj66vD6",
      "202202",
      "27.9"
    ],
    [
      "ZMap7yJ5eCm",
      "jmIPBj66vD6",
      "202203",
      "28.2"
    ],
    [
      "ZMap7yJ5eCm",
      "jmIPBj66vD6",
      "202208",
      "24.1"
    ],
    [
      "ZMap7yJ5eCm",
      "Vth0fbpFcsO",
      "202212",
      "24.8"
    ],
    [
      "ZMap7yJ5eCm",
      "jmIPBj66vD6",
      "202209",
      "24.2"
    ],
    [
      "ZMap7yJ5eCm",
      "Vth0fbpFcsO",
      "202211",
      "24.3"
    ],
    [
      "ZMap7yJ5eCm",
      "jmIPBj66vD6",
      "202206",
      "25.3"
    ],
    [
      "ZMap7yJ5eCm",
      "Vth0fbpFcsO",
      "202210",
      "24"
    ],
    [
      "ZMap7yJ5eCm",
      "jmIPBj66vD6",
      "202207",
      "24.5"
    ],
    [
      "ZMap7yJ5eCm",
      "kJq2mPyFEHo",
      "202310",
      "24.9"
    ],
    [
      "ZMap7yJ5eCm",
      "kJq2mPyFEHo",
      "202311",
      "25.3"
    ],
    [
      "ZMap7yJ5eCm",
      "kJq2mPyFEHo",
      "202312",
      "25.7"
    ],
    [
      "ZMap7yJ5eCm",
      "kJq2mPyFEHo",
      "202303",
      "27.5"
    ],
    [
      "ZMap7yJ5eCm",
      "kJq2mPyFEHo",
      "202304",
      "26.8"
    ],
    [
      "ZMap7yJ5eCm",
      "kJq2mPyFEHo",
      "202305",
      "26.2"
    ],
    [
      "ZMap7yJ5eCm",
      "at6UHUQatSo",
      "202401",
      "27.7"
    ],
    [
      "ZMap7yJ5eCm",
      "kJq2mPyFEHo",
      "202306",
      "24.6"
    ],
    [
      "ZMap7yJ5eCm",
      "at6UHUQatSo",
      "202402",
      "28"
    ],
    [
      "ZMap7yJ5eCm",
      "kJq2mPyFEHo",
      "202307",
      "24.4"
    ],
    [
      "ZMap7yJ5eCm",
      "at6UHUQatSo",
      "202403",
      "27.9"
    ],
    [
      "ZMap7yJ5eCm",
      "kJq2mPyFEHo",
      "202308",
      "24.2"
    ],
    [
      "ZMap7yJ5eCm",
      "kJq2mPyFEHo",
      "202309",
      "24.5"
    ],
    [
      "ZMap7yJ5eCm",
      "jmIPBj66vD6",
      "202310",
      "25.5"
    ],
    [
      "ZMap7yJ5eCm",
      "jmIPBj66vD6",
      "202311",
      "26.1"
    ],
    [
      "ZMap7yJ5eCm",
      "Vth0fbpFcsO",
      "202109",
      "23.8"
    ],
    [
      "ZMap7yJ5eCm",
      "Vth0fbpFcsO",
      "202108",
      "23.1"
    ],
    [
      "ZMap7yJ5eCm",
      "jmIPBj66vD6",
      "202312",
      "26.7"
    ],
    [
      "ZMap7yJ5eCm",
      "Vth0fbpFcsO",
      "202103",
      "27.3"
    ],
    [
      "ZMap7yJ5eCm",
      "Vth0fbpFcsO",
      "202102",
      "27.4"
    ],
    [
      "ZMap7yJ5eCm",
      "Vth0fbpFcsO",
      "202101",
      "27.1"
    ],
    [
      "ZMap7yJ5eCm",
      "Vth0fbpFcsO",
      "202107",
      "23.2"
    ],
    [
      "ZMap7yJ5eCm",
      "Vth0fbpFcsO",
      "202106",
      "24.7"
    ],
    [
      "ZMap7yJ5eCm",
      "kJq2mPyFEHo",
      "202301",
      "26.3"
    ],
    [
      "ZMap7yJ5eCm",
      "Vth0fbpFcsO",
      "202105",
      "26.1"
    ],
    [
      "ZMap7yJ5eCm",
      "kJq2mPyFEHo",
      "202302",
      "27.9"
    ],
    [
      "ZMap7yJ5eCm",
      "Vth0fbpFcsO",
      "202104",
      "27.1"
    ],
    [
      "ZMap7yJ5eCm",
      "jmIPBj66vD6",
      "202303",
      "27.5"
    ],
    [
      "ZMap7yJ5eCm",
      "jmIPBj66vD6",
      "202304",
      "27.5"
    ],
    [
      "ZMap7yJ5eCm",
      "jmIPBj66vD6",
      "202301",
      "26.8"
    ],
    [
      "ZMap7yJ5eCm",
      "jmIPBj66vD6",
      "202302",
      "27.7"
    ],
    [
      "ZMap7yJ5eCm",
      "jmIPBj66vD6",
      "202307",
      "24.9"
    ],
    [
      "ZMap7yJ5eCm",
      "jmIPBj66vD6",
      "202308",
      "24.9"
    ],
    [
      "ZMap7yJ5eCm",
      "Vth0fbpFcsO",
      "202112",
      "25.8"
    ],
    [
      "ZMap7yJ5eCm",
      "jmIPBj66vD6",
      "202305",
      "26.9"
    ],
    [
      "ZMap7yJ5eCm",
      "kJq2mPyFEHo",
      "202210",
      "24.4"
    ],
    [
      "ZMap7yJ5eCm",
      "Vth0fbpFcsO",
      "202111",
      "24.9"
    ],
    [
      "ZMap7yJ5eCm",
      "jmIPBj66vD6",
      "202306",
      "25.3"
    ],
    [
      "ZMap7yJ5eCm",
      "kJq2mPyFEHo",
      "202211",
      "24.9"
    ],
    [
      "ZMap7yJ5eCm",
      "kJq2mPyFEHo",
      "202212",
      "25.3"
    ],
    [
      "ZMap7yJ5eCm",
      "jmIPBj66vD6",
      "202309",
      "25.2"
    ],
    [
      "ZMap7yJ5eCm",
      "kJq2mPyFEHo",
      "202204",
      "27.2"
    ],
    [
      "ZMap7yJ5eCm",
      "kJq2mPyFEHo",
      "202205",
      "25.7"
    ],
    [
      "ZMap7yJ5eCm",
      "at6UHUQatSo",
      "202301",
      "26.6"
    ],
    [
      "ZMap7yJ5eCm",
      "kJq2mPyFEHo",
      "202206",
      "24.6"
    ],
    [
      "ZMap7yJ5eCm",
      "at6UHUQatSo",
      "202302",
      "26.8"
    ],
    [
      "ZMap7yJ5eCm",
      "kJq2mPyFEHo",
      "202207",
      "23.7"
    ],
    [
      "ZMap7yJ5eCm",
      "at6UHUQatSo",
      "202303",
      "26.7"
    ],
    [
      "ZMap7yJ5eCm",
      "kJq2mPyFEHo",
      "202208",
      "23.4"
    ],
    [
      "ZMap7yJ5eCm",
      "Vth0fbpFcsO",
      "202110",
      "24.2"
    ],
    [
      "ZMap7yJ5eCm",
      "at6UHUQatSo",
      "202304",
      "27.6"
    ],
    [
      "ZMap7yJ5eCm",
      "kJq2mPyFEHo",
      "202209",
      "23.6"
    ],
    [
      "ZMap7yJ5eCm",
      "at6UHUQatSo",
      "202305",
      "27.4"
    ],
    [
      "ZMap7yJ5eCm",
      "at6UHUQatSo",
      "202306",
      "25.9"
    ],
    [
      "ZMap7yJ5eCm",
      "at6UHUQatSo",
      "202307",
      "25.3"
    ],
    [
      "ZMap7yJ5eCm",
      "Vth0fbpFcsO",
      "202009",
      "23.3"
    ],
    [
      "ZMap7yJ5eCm",
      "Vth0fbpFcsO",
      "202004",
      "26.7"
    ],
    [
      "ZMap7yJ5eCm",
      "at6UHUQatSo",
      "202308",
      "25.3"
    ],
    [
      "ZMap7yJ5eCm",
      "Vth0fbpFcsO",
      "202003",
      "28.1"
    ],
    [
      "ZMap7yJ5eCm",
      "at6UHUQatSo",
      "202309",
      "25.7"
    ],
    [
      "ZMap7yJ5eCm",
      "Vth0fbpFcsO",
      "202002",
      "28.4"
    ],
    [
      "ZMap7yJ5eCm",
      "Vth0fbpFcsO",
      "202001",
      "26.8"
    ],
    [
      "ZMap7yJ5eCm",
      "lc3eMKXaEfw",
      "202402",
      "28.6"
    ],
    [
      "ZMap7yJ5eCm",
      "Vth0fbpFcsO",
      "202008",
      "22.6"
    ],
    [
      "ZMap7yJ5eCm",
      "lc3eMKXaEfw",
      "202403",
      "28.3"
    ],
    [
      "ZMap7yJ5eCm",
      "kJq2mPyFEHo",
      "202201",
      "27.3"
    ],
    [
      "ZMap7yJ5eCm",
      "Vth0fbpFcsO",
      "202007",
      "22.8"
    ],
    [
      "ZMap7yJ5eCm",
      "kJq2mPyFEHo",
      "202202",
      "28"
    ],
    [
      "ZMap7yJ5eCm",
      "Vth0fbpFcsO",
      "202006",
      "24.4"
    ],
    [
      "ZMap7yJ5eCm",
      "lc3eMKXaEfw",
      "202401",
      "27.8"
    ],
    [
      "ZMap7yJ5eCm",
      "kJq2mPyFEHo",
      "202203",
      "28.3"
    ],
    [
      "ZMap7yJ5eCm",
      "Vth0fbpFcsO",
      "202005",
      "25.5"
    ],
    [
      "ZMap7yJ5eCm",
      "at6UHUQatSo",
      "202311",
      "26.7"
    ],
    [
      "ZMap7yJ5eCm",
      "at6UHUQatSo",
      "202312",
      "27.1"
    ],
    [
      "ZMap7yJ5eCm",
      "at6UHUQatSo",
      "202310",
      "26.1"
    ],
    [
      "ZMap7yJ5eCm",
      "jmIPBj66vD6",
      "202002",
      "28.5"
    ],
    [
      "ZMap7yJ5eCm",
      "jmIPBj66vD6",
      "202003",
      "28.2"
    ],
    [
      "ZMap7yJ5eCm",
      "jmIPBj66vD6",
      "202001",
      "27.7"
    ],
    [
      "ZMap7yJ5eCm",
      "jmIPBj66vD6",
      "202006",
      "25.5"
    ],
    [
      "ZMap7yJ5eCm",
      "jmIPBj66vD6",
      "202007",
      "24.2"
    ],
    [
      "ZMap7yJ5eCm",
      "jmIPBj66vD6",
      "202004",
      "27.5"
    ],
    [
      "ZMap7yJ5eCm",
      "jmIPBj66vD6",
      "202005",
      "26.6"
    ],
    [
      "ZMap7yJ5eCm",
      "jmIPBj66vD6",
      "202008",
      "24.1"
    ],
    [
      "ZMap7yJ5eCm",
      "jmIPBj66vD6",
      "202009",
      "24.5"
    ],
    [
      "ZMap7yJ5eCm",
      "PMa2VCrupOd",
      "202003",
      "29.3"
    ],
    [
      "ZMap7yJ5eCm",
      "O6uvpzGd5pu",
      "202110",
      "24.9"
    ],
    [
      "ZMap7yJ5eCm",
      "PMa2VCrupOd",
      "202004",
      "28.7"
    ],
    [
      "ZMap7yJ5eCm",
      "PMa2VCrupOd",
      "202001",
      "28.1"
    ],
    [
      "ZMap7yJ5eCm",
      "PMa2VCrupOd",
      "202002",
      "29"
    ],
    [
      "ZMap7yJ5eCm",
      "PMa2VCrupOd",
      "202007",
      "24.5"
    ],
    [
      "ZMap7yJ5eCm",
      "PMa2VCrupOd",
      "202008",
      "24.4"
    ],
    [
      "ZMap7yJ5eCm",
      "O6uvpzGd5pu",
      "202111",
      "25.6"
    ],
    [
      "ZMap7yJ5eCm",
      "PMa2VCrupOd",
      "202005",
      "27.8"
    ],
    [
      "ZMap7yJ5eCm",
      "O6uvpzGd5pu",
      "202112",
      "26.5"
    ],
    [
      "ZMap7yJ5eCm",
      "PMa2VCrupOd",
      "202006",
      "26.3"
    ],
    [
      "ZMap7yJ5eCm",
      "PMa2VCrupOd",
      "202009",
      "25"
    ],
    [
      "ZMap7yJ5eCm",
      "jmIPBj66vD6",
      "202010",
      "25.3"
    ],
    [
      "ZMap7yJ5eCm",
      "jmIPBj66vD6",
      "202112",
      "26.9"
    ],
    [
      "ZMap7yJ5eCm",
      "jmIPBj66vD6",
      "202110",
      "25.3"
    ],
    [
      "ZMap7yJ5eCm",
      "jmIPBj66vD6",
      "202111",
      "26.1"
    ],
    [
      "ZMap7yJ5eCm",
      "O6uvpzGd5pu",
      "202007",
      "23.8"
    ],
    [
      "ZMap7yJ5eCm",
      "O6uvpzGd5pu",
      "202008",
      "23.7"
    ],
    [
      "ZMap7yJ5eCm",
      "O6uvpzGd5pu",
      "202005",
      "26"
    ],
    [
      "ZMap7yJ5eCm",
      "O6uvpzGd5pu",
      "202006",
      "25.1"
    ],
    [
      "ZMap7yJ5eCm",
      "PMa2VCrupOd",
      "202010",
      "26"
    ],
    [
      "ZMap7yJ5eCm",
      "PMa2VCrupOd",
      "202011",
      "26.9"
    ],
    [
      "ZMap7yJ5eCm",
      "O6uvpzGd5pu",
      "202009",
      "24.1"
    ],
    [
      "ZMap7yJ5eCm",
      "PMa2VCrupOd",
      "202012",
      "27.3"
    ],
    [
      "ZMap7yJ5eCm",
      "O6uvpzGd5pu",
      "202003",
      "28"
    ],
    [
      "ZMap7yJ5eCm",
      "O6uvpzGd5pu",
      "202004",
      "27.1"
    ],
    [
      "ZMap7yJ5eCm",
      "O6uvpzGd5pu",
      "202001",
      "27.6"
    ],
    [
      "ZMap7yJ5eCm",
      "O6uvpzGd5pu",
      "202002",
      "28.8"
    ],
    [
      "ZMap7yJ5eCm",
      "jmIPBj66vD6",
      "202101",
      "26.9"
    ],
    [
      "ZMap7yJ5eCm",
      "jmIPBj66vD6",
      "202102",
      "27.1"
    ],
    [
      "ZMap7yJ5eCm",
      "jmIPBj66vD6",
      "202105",
      "26.8"
    ],
    [
      "ZMap7yJ5eCm",
      "jmIPBj66vD6",
      "202106",
      "25.5"
    ],
    [
      "ZMap7yJ5eCm",
      "jmIPBj66vD6",
      "202103",
      "27.1"
    ],
    [
      "ZMap7yJ5eCm",
      "jmIPBj66vD6",
      "202104",
      "27.3"
    ],
    [
      "ZMap7yJ5eCm",
      "jmIPBj66vD6",
      "202109",
      "25.1"
    ],
    [
      "ZMap7yJ5eCm",
      "TEQlaapDQoK",
      "202403",
      "29.3"
    ],
    [
      "ZMap7yJ5eCm",
      "jmIPBj66vD6",
      "202107",
      "24.3"
    ],
    [
      "ZMap7yJ5eCm",
      "jmIPBj66vD6",
      "202108",
      "24.4"
    ],
    [
      "ZMap7yJ5eCm",
      "O6uvpzGd5pu",
      "202010",
      "24.8"
    ],
    [
      "ZMap7yJ5eCm",
      "kJq2mPyFEHo",
      "202402",
      "29.2"
    ],
    [
      "ZMap7yJ5eCm",
      "PMa2VCrupOd",
      "202102",
      "28.3"
    ],
    [
      "ZMap7yJ5eCm",
      "O6uvpzGd5pu",
      "202011",
      "25.7"
    ],
    [
      "ZMap7yJ5eCm",
      "kJq2mPyFEHo",
      "202403",
      "29"
    ],
    [
      "ZMap7yJ5eCm",
      "PMa2VCrupOd",
      "202103",
      "28.5"
    ],
    [
      "ZMap7yJ5eCm",
      "PMa2VCrupOd",
      "202101",
      "28"
    ],
    [
      "ZMap7yJ5eCm",
      "PMa2VCrupOd",
      "202106",
      "26.7"
    ],
    [
      "ZMap7yJ5eCm",
      "PMa2VCrupOd",
      "202107",
      "25"
    ],
    [
      "ZMap7yJ5eCm",
      "O6uvpzGd5pu",
      "202012",
      "25.7"
    ],
    [
      "ZMap7yJ5eCm",
      "PMa2VCrupOd",
      "202104",
      "28.8"
    ],
    [
      "ZMap7yJ5eCm",
      "TEQlaapDQoK",
      "202401",
      "28.2"
    ],
    [
      "ZMap7yJ5eCm",
      "PMa2VCrupOd",
      "202105",
      "28.5"
    ],
    [
      "ZMap7yJ5eCm",
      "TEQlaapDQoK",
      "202402",
      "28.9"
    ],
    [
      "ZMap7yJ5eCm",
      "PMa2VCrupOd",
      "202108",
      "24.6"
    ],
    [
      "ZMap7yJ5eCm",
      "PMa2VCrupOd",
      "202109",
      "25.5"
    ],
    [
      "ZMap7yJ5eCm",
      "jmIPBj66vD6",
      "202211",
      "25.7"
    ],
    [
      "ZMap7yJ5eCm",
      "jmIPBj66vD6",
      "202212",
      "26.1"
    ],
    [
      "ZMap7yJ5eCm",
      "jmIPBj66vD6",
      "202210",
      "25"
    ],
    [
      "ZMap7yJ5eCm",
      "PMa2VCrupOd",
      "202110",
      "25.9"
    ],
    [
      "ZMap7yJ5eCm",
      "kJq2mPyFEHo",
      "202401",
      "27.6"
    ],
    [
      "ZMap7yJ5eCm",
      "PMa2VCrupOd",
      "202111",
      "26.9"
    ],
    [
      "ZMap7yJ5eCm",
      "PMa2VCrupOd",
      "202112",
      "27.7"
    ],
    [
      "ZMap7yJ5eCm",
      "eIQbndfxQMb",
      "202012",
      "26.1"
    ],
    [
      "ZMap7yJ5eCm",
      "eIQbndfxQMb",
      "202010",
      "24.8"
    ],
    [
      "ZMap7yJ5eCm",
      "eIQbndfxQMb",
      "202011",
      "25.8"
    ],
    [
      "ZMap7yJ5eCm",
      "TEQlaapDQoK",
      "202304",
      "28.2"
    ],
    [
      "ZMap7yJ5eCm",
      "TEQlaapDQoK",
      "202305",
      "27.5"
    ],
    [
      "ZMap7yJ5eCm",
      "TEQlaapDQoK",
      "202306",
      "25.8"
    ],
    [
      "ZMap7yJ5eCm",
      "TEQlaapDQoK",
      "202307",
      "25.3"
    ],
    [
      "ZMap7yJ5eCm",
      "TEQlaapDQoK",
      "202308",
      "25.1"
    ],
    [
      "ZMap7yJ5eCm",
      "TEQlaapDQoK",
      "202309",
      "25.6"
    ],
    [
      "ZMap7yJ5eCm",
      "at6UHUQatSo",
      "202003",
      "27.7"
    ],
    [
      "ZMap7yJ5eCm",
      "at6UHUQatSo",
      "202004",
      "27.7"
    ],
    [
      "ZMap7yJ5eCm",
      "at6UHUQatSo",
      "202005",
      "27.2"
    ],
    [
      "ZMap7yJ5eCm",
      "at6UHUQatSo",
      "202006",
      "26"
    ],
    [
      "ZMap7yJ5eCm",
      "O6uvpzGd5pu",
      "202311",
      "25.6"
    ],
    [
      "ZMap7yJ5eCm",
      "at6UHUQatSo",
      "202007",
      "24.8"
    ],
    [
      "ZMap7yJ5eCm",
      "O6uvpzGd5pu",
      "202312",
      "26.1"
    ],
    [
      "ZMap7yJ5eCm",
      "TEQlaapDQoK",
      "202301",
      "27"
    ],
    [
      "ZMap7yJ5eCm",
      "at6UHUQatSo",
      "202008",
      "24.6"
    ],
    [
      "ZMap7yJ5eCm",
      "TEQlaapDQoK",
      "202302",
      "27.9"
    ],
    [
      "ZMap7yJ5eCm",
      "at6UHUQatSo",
      "202009",
      "25"
    ],
    [
      "ZMap7yJ5eCm",
      "O6uvpzGd5pu",
      "202310",
      "25.1"
    ],
    [
      "ZMap7yJ5eCm",
      "TEQlaapDQoK",
      "202303",
      "27.8"
    ],
    [
      "ZMap7yJ5eCm",
      "at6UHUQatSo",
      "202001",
      "27.2"
    ],
    [
      "ZMap7yJ5eCm",
      "at6UHUQatSo",
      "202002",
      "27.7"
    ],
    [
      "ZMap7yJ5eCm",
      "O6uvpzGd5pu",
      "202205",
      "26"
    ],
    [
      "ZMap7yJ5eCm",
      "O6uvpzGd5pu",
      "202206",
      "24.9"
    ],
    [
      "ZMap7yJ5eCm",
      "O6uvpzGd5pu",
      "202203",
      "28.5"
    ],
    [
      "ZMap7yJ5eCm",
      "O6uvpzGd5pu",
      "202204",
      "27.2"
    ],
    [
      "ZMap7yJ5eCm",
      "O6uvpzGd5pu",
      "202209",
      "23.8"
    ],
    [
      "ZMap7yJ5eCm",
      "O6uvpzGd5pu",
      "202207",
      "24"
    ],
    [
      "ZMap7yJ5eCm",
      "O6uvpzGd5pu",
      "202208",
      "23.6"
    ],
    [
      "ZMap7yJ5eCm",
      "O6uvpzGd5pu",
      "202201",
      "27.7"
    ],
    [
      "ZMap7yJ5eCm",
      "O6uvpzGd5pu",
      "202202",
      "28.2"
    ],
    [
      "ZMap7yJ5eCm",
      "at6UHUQatSo",
      "202010",
      "25.8"
    ],
    [
      "ZMap7yJ5eCm",
      "at6UHUQatSo",
      "202011",
      "26.6"
    ],
    [
      "ZMap7yJ5eCm",
      "at6UHUQatSo",
      "202012",
      "26.7"
    ],
    [
      "ZMap7yJ5eCm",
      "TEQlaapDQoK",
      "202205",
      "27.2"
    ],
    [
      "ZMap7yJ5eCm",
      "TEQlaapDQoK",
      "202206",
      "25.7"
    ],
    [
      "ZMap7yJ5eCm",
      "TEQlaapDQoK",
      "202207",
      "24.7"
    ],
    [
      "ZMap7yJ5eCm",
      "TEQlaapDQoK",
      "202208",
      "24.3"
    ],
    [
      "ZMap7yJ5eCm",
      "TEQlaapDQoK",
      "202209",
      "24.5"
    ],
    [
      "ZMap7yJ5eCm",
      "O6uvpzGd5pu",
      "202212",
      "25.6"
    ],
    [
      "ZMap7yJ5eCm",
      "TEQlaapDQoK",
      "202201",
      "27.9"
    ],
    [
      "ZMap7yJ5eCm",
      "TEQlaapDQoK",
      "202202",
      "28.1"
    ],
    [
      "ZMap7yJ5eCm",
      "O6uvpzGd5pu",
      "202210",
      "24.6"
    ],
    [
      "ZMap7yJ5eCm",
      "TEQlaapDQoK",
      "202203",
      "28.5"
    ],
    [
      "ZMap7yJ5eCm",
      "O6uvpzGd5pu",
      "202211",
      "25.2"
    ],
    [
      "ZMap7yJ5eCm",
      "TEQlaapDQoK",
      "202204",
      "28.1"
    ],
    [
      "ZMap7yJ5eCm",
      "jmIPBj66vD6",
      "202011",
      "26.1"
    ],
    [
      "ZMap7yJ5eCm",
      "jmIPBj66vD6",
      "202012",
      "26.1"
    ],
    [
      "ZMap7yJ5eCm",
      "O6uvpzGd5pu",
      "202106",
      "25"
    ],
    [
      "ZMap7yJ5eCm",
      "O6uvpzGd5pu",
      "202107",
      "23.9"
    ],
    [
      "ZMap7yJ5eCm",
      "O6uvpzGd5pu",
      "202104",
      "27"
    ],
    [
      "ZMap7yJ5eCm",
      "O6uvpzGd5pu",
      "202105",
      "26.3"
    ],
    [
      "ZMap7yJ5eCm",
      "O6uvpzGd5pu",
      "202108",
      "24"
    ],
    [
      "ZMap7yJ5eCm",
      "O6uvpzGd5pu",
      "202109",
      "24.6"
    ],
    [
      "ZMap7yJ5eCm",
      "TEQlaapDQoK",
      "202310",
      "25.9"
    ],
    [
      "ZMap7yJ5eCm",
      "O6uvpzGd5pu",
      "202102",
      "27.1"
    ],
    [
      "ZMap7yJ5eCm",
      "TEQlaapDQoK",
      "202311",
      "26.5"
    ],
    [
      "ZMap7yJ5eCm",
      "O6uvpzGd5pu",
      "202103",
      "26.8"
    ],
    [
      "ZMap7yJ5eCm",
      "TEQlaapDQoK",
      "202312",
      "27"
    ],
    [
      "ZMap7yJ5eCm",
      "O6uvpzGd5pu",
      "202101",
      "26.9"
    ],
    [
      "ZMap7yJ5eCm",
      "eIQbndfxQMb",
      "202203",
      "29.1"
    ],
    [
      "ZMap7yJ5eCm",
      "eIQbndfxQMb",
      "202204",
      "28"
    ],
    [
      "ZMap7yJ5eCm",
      "eIQbndfxQMb",
      "202201",
      "27.8"
    ],
    [
      "ZMap7yJ5eCm",
      "eIQbndfxQMb",
      "202202",
      "28.5"
    ],
    [
      "ZMap7yJ5eCm",
      "eIQbndfxQMb",
      "202207",
      "23.8"
    ],
    [
      "ZMap7yJ5eCm",
      "eIQbndfxQMb",
      "202208",
      "23.3"
    ],
    [
      "ZMap7yJ5eCm",
      "eIQbndfxQMb",
      "202205",
      "26.4"
    ],
    [
      "ZMap7yJ5eCm",
      "eIQbndfxQMb",
      "202206",
      "24.8"
    ],
    [
      "ZMap7yJ5eCm",
      "TEQlaapDQoK",
      "202106",
      "26.1"
    ],
    [
      "ZMap7yJ5eCm",
      "TEQlaapDQoK",
      "202107",
      "24.7"
    ],
    [
      "ZMap7yJ5eCm",
      "TEQlaapDQoK",
      "202108",
      "24.5"
    ],
    [
      "ZMap7yJ5eCm",
      "eIQbndfxQMb",
      "202209",
      "23.6"
    ],
    [
      "ZMap7yJ5eCm",
      "TEQlaapDQoK",
      "202109",
      "25.4"
    ],
    [
      "ZMap7yJ5eCm",
      "jUb8gELQApl",
      "202402",
      "29.3"
    ],
    [
      "ZMap7yJ5eCm",
      "jUb8gELQApl",
      "202401",
      "27.6"
    ],
    [
      "ZMap7yJ5eCm",
      "TEQlaapDQoK",
      "202101",
      "27.6"
    ],
    [
      "ZMap7yJ5eCm",
      "PMa2VCrupOd",
      "202403",
      "29.7"
    ],
    [
      "ZMap7yJ5eCm",
      "TEQlaapDQoK",
      "202102",
      "27.9"
    ],
    [
      "ZMap7yJ5eCm",
      "jUb8gELQApl",
      "202403",
      "29.4"
    ],
    [
      "ZMap7yJ5eCm",
      "TEQlaapDQoK",
      "202103",
      "27.9"
    ],
    [
      "ZMap7yJ5eCm",
      "PMa2VCrupOd",
      "202401",
      "28.4"
    ],
    [
      "ZMap7yJ5eCm",
      "TEQlaapDQoK",
      "202104",
      "28.1"
    ],
    [
      "ZMap7yJ5eCm",
      "PMa2VCrupOd",
      "202402",
      "29.2"
    ],
    [
      "ZMap7yJ5eCm",
      "TEQlaapDQoK",
      "202105",
      "27.7"
    ],
    [
      "ZMap7yJ5eCm",
      "eIQbndfxQMb",
      "202311",
      "25.5"
    ],
    [
      "ZMap7yJ5eCm",
      "eIQbndfxQMb",
      "202312",
      "25.9"
    ],
    [
      "ZMap7yJ5eCm",
      "O6uvpzGd5pu",
      "202403",
      "29.1"
    ],
    [
      "ZMap7yJ5eCm",
      "O6uvpzGd5pu",
      "202401",
      "27.8"
    ],
    [
      "ZMap7yJ5eCm",
      "O6uvpzGd5pu",
      "202402",
      "29.2"
    ],
    [
      "ZMap7yJ5eCm",
      "bL4ooGhyHRQ",
      "202402",
      "28.5"
    ],
    [
      "ZMap7yJ5eCm",
      "bL4ooGhyHRQ",
      "202401",
      "27.5"
    ],
    [
      "ZMap7yJ5eCm",
      "TEQlaapDQoK",
      "202210",
      "25.5"
    ],
    [
      "ZMap7yJ5eCm",
      "TEQlaapDQoK",
      "202211",
      "26.2"
    ],
    [
      "ZMap7yJ5eCm",
      "TEQlaapDQoK",
      "202212",
      "26.6"
    ],
    [
      "ZMap7yJ5eCm",
      "bL4ooGhyHRQ",
      "202403",
      "28.4"
    ],
    [
      "ZMap7yJ5eCm",
      "eIQbndfxQMb",
      "202310",
      "25"
    ],
    [
      "ZMap7yJ5eCm",
      "eIQbndfxQMb",
      "202302",
      "28.3"
    ],
    [
      "ZMap7yJ5eCm",
      "eIQbndfxQMb",
      "202303",
      "28"
    ],
    [
      "ZMap7yJ5eCm",
      "eIQbndfxQMb",
      "202301",
      "26.6"
    ],
    [
      "ZMap7yJ5eCm",
      "eIQbndfxQMb",
      "202306",
      "24.8"
    ],
    [
      "ZMap7yJ5eCm",
      "eIQbndfxQMb",
      "202307",
      "24.5"
    ],
    [
      "ZMap7yJ5eCm",
      "eIQbndfxQMb",
      "202304",
      "27.4"
    ],
    [
      "ZMap7yJ5eCm",
      "eIQbndfxQMb",
      "202305",
      "26.5"
    ],
    [
      "ZMap7yJ5eCm",
      "TEQlaapDQoK",
      "202007",
      "24.4"
    ],
    [
      "ZMap7yJ5eCm",
      "TEQlaapDQoK",
      "202008",
      "24.3"
    ],
    [
      "ZMap7yJ5eCm",
      "TEQlaapDQoK",
      "202009",
      "24.8"
    ],
    [
      "ZMap7yJ5eCm",
      "eIQbndfxQMb",
      "202308",
      "24.3"
    ],
    [
      "ZMap7yJ5eCm",
      "eIQbndfxQMb",
      "202309",
      "24.7"
    ],
    [
      "ZMap7yJ5eCm",
      "jUb8gELQApl",
      "202310",
      "24.9"
    ],
    [
      "ZMap7yJ5eCm",
      "fdc6uOvgoji",
      "202401",
      "28.8"
    ],
    [
      "ZMap7yJ5eCm",
      "jUb8gELQApl",
      "202301",
      "26.5"
    ],
    [
      "ZMap7yJ5eCm",
      "fdc6uOvgoji",
      "202403",
      "31.1"
    ],
    [
      "ZMap7yJ5eCm",
      "jUb8gELQApl",
      "202303",
      "27.6"
    ],
    [
      "ZMap7yJ5eCm",
      "TEQlaapDQoK",
      "202001",
      "28"
    ],
    [
      "ZMap7yJ5eCm",
      "fdc6uOvgoji",
      "202402",
      "30.1"
    ],
    [
      "ZMap7yJ5eCm",
      "jUb8gELQApl",
      "202302",
      "28.4"
    ],
    [
      "ZMap7yJ5eCm",
      "TEQlaapDQoK",
      "202002",
      "28.8"
    ],
    [
      "ZMap7yJ5eCm",
      "jUb8gELQApl",
      "202305",
      "26.4"
    ],
    [
      "ZMap7yJ5eCm",
      "TEQlaapDQoK",
      "202003",
      "28.7"
    ],
    [
      "ZMap7yJ5eCm",
      "jUb8gELQApl",
      "202304",
      "27"
    ],
    [
      "ZMap7yJ5eCm",
      "TEQlaapDQoK",
      "202004",
      "28.1"
    ],
    [
      "ZMap7yJ5eCm",
      "jUb8gELQApl",
      "202307",
      "24.5"
    ],
    [
      "ZMap7yJ5eCm",
      "TEQlaapDQoK",
      "202005",
      "27.2"
    ],
    [
      "ZMap7yJ5eCm",
      "jUb8gELQApl",
      "202306",
      "24.7"
    ],
    [
      "ZMap7yJ5eCm",
      "TEQlaapDQoK",
      "202006",
      "25.9"
    ],
    [
      "ZMap7yJ5eCm",
      "jUb8gELQApl",
      "202309",
      "24.5"
    ],
    [
      "ZMap7yJ5eCm",
      "jUb8gELQApl",
      "202308",
      "24.2"
    ],
    [
      "ZMap7yJ5eCm",
      "O6uvpzGd5pu",
      "202304",
      "27"
    ],
    [
      "ZMap7yJ5eCm",
      "O6uvpzGd5pu",
      "202305",
      "26.5"
    ],
    [
      "ZMap7yJ5eCm",
      "O6uvpzGd5pu",
      "202302",
      "28.1"
    ],
    [
      "ZMap7yJ5eCm",
      "O6uvpzGd5pu",
      "202303",
      "27.7"
    ],
    [
      "ZMap7yJ5eCm",
      "O6uvpzGd5pu",
      "202308",
      "24.5"
    ],
    [
      "ZMap7yJ5eCm",
      "O6uvpzGd5pu",
      "202309",
      "24.7"
    ],
    [
      "ZMap7yJ5eCm",
      "O6uvpzGd5pu",
      "202306",
      "24.9"
    ],
    [
      "ZMap7yJ5eCm",
      "O6uvpzGd5pu",
      "202307",
      "24.6"
    ],
    [
      "ZMap7yJ5eCm",
      "TEQlaapDQoK",
      "202110",
      "25.7"
    ],
    [
      "ZMap7yJ5eCm",
      "TEQlaapDQoK",
      "202111",
      "26.6"
    ],
    [
      "ZMap7yJ5eCm",
      "TEQlaapDQoK",
      "202112",
      "27.3"
    ],
    [
      "ZMap7yJ5eCm",
      "O6uvpzGd5pu",
      "202301",
      "26.7"
    ],
    [
      "ZMap7yJ5eCm",
      "eIQbndfxQMb",
      "202005",
      "26.2"
    ],
    [
      "ZMap7yJ5eCm",
      "eIQbndfxQMb",
      "202006",
      "25.1"
    ],
    [
      "ZMap7yJ5eCm",
      "eIQbndfxQMb",
      "202003",
      "28.7"
    ],
    [
      "ZMap7yJ5eCm",
      "eIQbndfxQMb",
      "202004",
      "27.3"
    ],
    [
      "ZMap7yJ5eCm",
      "eIQbndfxQMb",
      "202009",
      "23.8"
    ],
    [
      "ZMap7yJ5eCm",
      "eIQbndfxQMb",
      "202007",
      "23.4"
    ],
    [
      "ZMap7yJ5eCm",
      "eIQbndfxQMb",
      "202008",
      "23.3"
    ],
    [
      "ZMap7yJ5eCm",
      "fdc6uOvgoji",
      "202309",
      "25.5"
    ],
    [
      "ZMap7yJ5eCm",
      "bL4ooGhyHRQ",
      "202101",
      "26.4"
    ],
    [
      "ZMap7yJ5eCm",
      "fdc6uOvgoji",
      "202302",
      "29.2"
    ],
    [
      "ZMap7yJ5eCm",
      "PMa2VCrupOd",
      "202201",
      "28.1"
    ],
    [
      "ZMap7yJ5eCm",
      "fdc6uOvgoji",
      "202301",
      "27.6"
    ],
    [
      "ZMap7yJ5eCm",
      "PMa2VCrupOd",
      "202202",
      "28.4"
    ],
    [
      "ZMap7yJ5eCm",
      "fdc6uOvgoji",
      "202304",
      "29.1"
    ],
    [
      "ZMap7yJ5eCm",
      "fdc6uOvgoji",
      "202303",
      "29.1"
    ],
    [
      "ZMap7yJ5eCm",
      "bL4ooGhyHRQ",
      "202212",
      "25.8"
    ],
    [
      "ZMap7yJ5eCm",
      "fdc6uOvgoji",
      "202306",
      "26"
    ],
    [
      "ZMap7yJ5eCm",
      "PMa2VCrupOd",
      "202205",
      "27.8"
    ],
    [
      "ZMap7yJ5eCm",
      "fdc6uOvgoji",
      "202305",
      "27.8"
    ],
    [
      "ZMap7yJ5eCm",
      "PMa2VCrupOd",
      "202206",
      "26.1"
    ],
    [
      "ZMap7yJ5eCm",
      "fdc6uOvgoji",
      "202308",
      "25.1"
    ],
    [
      "ZMap7yJ5eCm",
      "PMa2VCrupOd",
      "202203",
      "28.9"
    ],
    [
      "ZMap7yJ5eCm",
      "fdc6uOvgoji",
      "202307",
      "25.3"
    ],
    [
      "ZMap7yJ5eCm",
      "PMa2VCrupOd",
      "202204",
      "28.7"
    ],
    [
      "ZMap7yJ5eCm",
      "PMa2VCrupOd",
      "202209",
      "24.7"
    ],
    [
      "ZMap7yJ5eCm",
      "PMa2VCrupOd",
      "202207",
      "24.9"
    ],
    [
      "ZMap7yJ5eCm",
      "PMa2VCrupOd",
      "202208",
      "24.4"
    ],
    [
      "ZMap7yJ5eCm",
      "eIQbndfxQMb",
      "202001",
      "27.9"
    ],
    [
      "ZMap7yJ5eCm",
      "eIQbndfxQMb",
      "202002",
      "29.1"
    ],
    [
      "ZMap7yJ5eCm",
      "qhqAxPSTUXp",
      "202301",
      "26.4"
    ],
    [
      "ZMap7yJ5eCm",
      "qhqAxPSTUXp",
      "202303",
      "28.1"
    ],
    [
      "ZMap7yJ5eCm",
      "qhqAxPSTUXp",
      "202302",
      "28.3"
    ],
    [
      "ZMap7yJ5eCm",
      "bL4ooGhyHRQ",
      "202211",
      "25.3"
    ],
    [
      "ZMap7yJ5eCm",
      "bL4ooGhyHRQ",
      "202210",
      "24.8"
    ],
    [
      "ZMap7yJ5eCm",
      "PMa2VCrupOd",
      "202212",
      "26.8"
    ],
    [
      "ZMap7yJ5eCm",
      "TEQlaapDQoK",
      "202010",
      "25.7"
    ],
    [
      "ZMap7yJ5eCm",
      "bL4ooGhyHRQ",
      "202204",
      "26.8"
    ],
    [
      "ZMap7yJ5eCm",
      "TEQlaapDQoK",
      "202011",
      "26.6"
    ],
    [
      "ZMap7yJ5eCm",
      "bL4ooGhyHRQ",
      "202203",
      "27.5"
    ],
    [
      "ZMap7yJ5eCm",
      "PMa2VCrupOd",
      "202210",
      "25.8"
    ],
    [
      "ZMap7yJ5eCm",
      "TEQlaapDQoK",
      "202012",
      "26.8"
    ],
    [
      "ZMap7yJ5eCm",
      "bL4ooGhyHRQ",
      "202202",
      "27.2"
    ],
    [
      "ZMap7yJ5eCm",
      "PMa2VCrupOd",
      "202211",
      "26.4"
    ],
    [
      "ZMap7yJ5eCm",
      "bL4ooGhyHRQ",
      "202201",
      "26.9"
    ],
    [
      "ZMap7yJ5eCm",
      "bL4ooGhyHRQ",
      "202208",
      "24"
    ],
    [
      "ZMap7yJ5eCm",
      "bL4ooGhyHRQ",
      "202207",
      "24.2"
    ],
    [
      "ZMap7yJ5eCm",
      "bL4ooGhyHRQ",
      "202206",
      "25"
    ],
    [
      "ZMap7yJ5eCm",
      "bL4ooGhyHRQ",
      "202205",
      "25.9"
    ],
    [
      "ZMap7yJ5eCm",
      "qhqAxPSTUXp",
      "202305",
      "26.3"
    ],
    [
      "ZMap7yJ5eCm",
      "qhqAxPSTUXp",
      "202304",
      "27.6"
    ],
    [
      "ZMap7yJ5eCm",
      "qhqAxPSTUXp",
      "202307",
      "23.9"
    ],
    [
      "ZMap7yJ5eCm",
      "qhqAxPSTUXp",
      "202306",
      "24.6"
    ],
    [
      "ZMap7yJ5eCm",
      "bL4ooGhyHRQ",
      "202209",
      "24.1"
    ],
    [
      "ZMap7yJ5eCm",
      "qhqAxPSTUXp",
      "202309",
      "24.2"
    ],
    [
      "ZMap7yJ5eCm",
      "eIQbndfxQMb",
      "202111",
      "25.6"
    ],
    [
      "ZMap7yJ5eCm",
      "qhqAxPSTUXp",
      "202308",
      "23.8"
    ],
    [
      "ZMap7yJ5eCm",
      "eIQbndfxQMb",
      "202112",
      "26.7"
    ],
    [
      "ZMap7yJ5eCm",
      "eIQbndfxQMb",
      "202110",
      "24.8"
    ],
    [
      "ZMap7yJ5eCm",
      "eIQbndfxQMb",
      "202104",
      "27.4"
    ],
    [
      "ZMap7yJ5eCm",
      "eIQbndfxQMb",
      "202105",
      "26.8"
    ],
    [
      "ZMap7yJ5eCm",
      "eIQbndfxQMb",
      "202102",
      "27.8"
    ],
    [
      "ZMap7yJ5eCm",
      "eIQbndfxQMb",
      "202103",
      "27.6"
    ],
    [
      "ZMap7yJ5eCm",
      "eIQbndfxQMb",
      "202108",
      "23.7"
    ],
    [
      "ZMap7yJ5eCm",
      "eIQbndfxQMb",
      "202109",
      "24.4"
    ],
    [
      "ZMap7yJ5eCm",
      "eIQbndfxQMb",
      "202106",
      "25.3"
    ],
    [
      "ZMap7yJ5eCm",
      "eIQbndfxQMb",
      "202107",
      "23.8"
    ],
    [
      "ZMap7yJ5eCm",
      "fdc6uOvgoji",
      "202203",
      "30.2"
    ],
    [
      "ZMap7yJ5eCm",
      "fdc6uOvgoji",
      "202202",
      "29.2"
    ],
    [
      "ZMap7yJ5eCm",
      "PMa2VCrupOd",
      "202301",
      "27.2"
    ],
    [
      "ZMap7yJ5eCm",
      "fdc6uOvgoji",
      "202205",
      "27.9"
    ],
    [
      "ZMap7yJ5eCm",
      "bL4ooGhyHRQ",
      "202312",
      "26.5"
    ],
    [
      "ZMap7yJ5eCm",
      "fdc6uOvgoji",
      "202204",
      "29.7"
    ],
    [
      "ZMap7yJ5eCm",
      "bL4ooGhyHRQ",
      "202311",
      "25.8"
    ],
    [
      "ZMap7yJ5eCm",
      "fdc6uOvgoji",
      "202207",
      "24.6"
    ],
    [
      "ZMap7yJ5eCm",
      "PMa2VCrupOd",
      "202304",
      "28.8"
    ],
    [
      "ZMap7yJ5eCm",
      "fdc6uOvgoji",
      "202206",
      "25.8"
    ],
    [
      "ZMap7yJ5eCm",
      "PMa2VCrupOd",
      "202305",
      "28.1"
    ],
    [
      "ZMap7yJ5eCm",
      "fdc6uOvgoji",
      "202209",
      "24.4"
    ],
    [
      "ZMap7yJ5eCm",
      "PMa2VCrupOd",
      "202302",
      "28.2"
    ],
    [
      "ZMap7yJ5eCm",
      "fdc6uOvgoji",
      "202208",
      "24.1"
    ],
    [
      "ZMap7yJ5eCm",
      "PMa2VCrupOd",
      "202303",
      "28.2"
    ],
    [
      "ZMap7yJ5eCm",
      "PMa2VCrupOd",
      "202308",
      "25.3"
    ],
    [
      "ZMap7yJ5eCm",
      "PMa2VCrupOd",
      "202309",
      "25.7"
    ],
    [
      "ZMap7yJ5eCm",
      "PMa2VCrupOd",
      "202306",
      "26.1"
    ],
    [
      "ZMap7yJ5eCm",
      "PMa2VCrupOd",
      "202307",
      "25.5"
    ],
    [
      "ZMap7yJ5eCm",
      "eIQbndfxQMb",
      "202101",
      "27.5"
    ],
    [
      "ZMap7yJ5eCm",
      "fdc6uOvgoji",
      "202201",
      "28.6"
    ],
    [
      "ZMap7yJ5eCm",
      "eIQbndfxQMb",
      "202212",
      "25.6"
    ],
    [
      "ZMap7yJ5eCm",
      "qhqAxPSTUXp",
      "202402",
      "29"
    ],
    [
      "ZMap7yJ5eCm",
      "qhqAxPSTUXp",
      "202401",
      "27.4"
    ],
    [
      "ZMap7yJ5eCm",
      "bL4ooGhyHRQ",
      "202310",
      "25.3"
    ],
    [
      "ZMap7yJ5eCm",
      "PMa2VCrupOd",
      "202311",
      "26.9"
    ],
    [
      "ZMap7yJ5eCm",
      "bL4ooGhyHRQ",
      "202303",
      "27.1"
    ],
    [
      "ZMap7yJ5eCm",
      "fdc6uOvgoji",
      "202312",
      "27.1"
    ],
    [
      "ZMap7yJ5eCm",
      "PMa2VCrupOd",
      "202312",
      "27.1"
    ],
    [
      "ZMap7yJ5eCm",
      "bL4ooGhyHRQ",
      "202302",
      "27.2"
    ],
    [
      "ZMap7yJ5eCm",
      "bL4ooGhyHRQ",
      "202301",
      "26.6"
    ],
    [
      "ZMap7yJ5eCm",
      "PMa2VCrupOd",
      "202310",
      "26.2"
    ],
    [
      "ZMap7yJ5eCm",
      "bL4ooGhyHRQ",
      "202307",
      "24.8"
    ],
    [
      "ZMap7yJ5eCm",
      "bL4ooGhyHRQ",
      "202306",
      "25.1"
    ],
    [
      "ZMap7yJ5eCm",
      "bL4ooGhyHRQ",
      "202305",
      "26.5"
    ],
    [
      "ZMap7yJ5eCm",
      "bL4ooGhyHRQ",
      "202304",
      "26.9"
    ],
    [
      "ZMap7yJ5eCm",
      "qhqAxPSTUXp",
      "202403",
      "30.3"
    ],
    [
      "ZMap7yJ5eCm",
      "bL4ooGhyHRQ",
      "202309",
      "24.9"
    ],
    [
      "ZMap7yJ5eCm",
      "bL4ooGhyHRQ",
      "202308",
      "24.8"
    ],
    [
      "ZMap7yJ5eCm",
      "eIQbndfxQMb",
      "202210",
      "24.6"
    ],
    [
      "ZMap7yJ5eCm",
      "eIQbndfxQMb",
      "202211",
      "25.2"
    ],
    [
      "ZMap7yJ5eCm",
      "fdc6uOvgoji",
      "202311",
      "26.6"
    ],
    [
      "ZMap7yJ5eCm",
      "fdc6uOvgoji",
      "202310",
      "25.9"
    ]
  ],
  "width": 4,
  "height": 663,
  "headerWidth": 4
}