"","time_period","location","sample_0","sample_1","sample_2","sample_3","sample_4","sample_5","sample_6","sample_7","sample_8","sample_9","sample_10","sample_11","sample_12","sample_13","sample_14","sample_15","sample_16","sample_17","sample_18","sample_19","sample_20","sample_21","sample_22","sample_23","sample_24","sample_25","sample_26","sample_27","sample_28","sample_29","sample_30","sample_31","sample_32","sample_33","sample_34","sample_35","sample_36","sample_37","sample_38","sample_39","sample_40","sample_41","sample_42","sample_43","sample_44","sample_45","sample_46","sample_47","sample_48","sample_49","sample_50","sample_51","sample_52","sample_53","sample_54","sample_55","sample_56","sample_57","sample_58","sample_59","sample_60","sample_61","sample_62","sample_63","sample_64","sample_65","sample_66","sample_67","sample_68","sample_69","sample_70","sample_71","sample_72","sample_73","sample_74","sample_75","sample_76","sample_77","sample_78","sample_79","sample_80","sample_81","sample_82","sample_83","sample_84","sample_85","sample_86","sample_87","sample_88","sample_89","sample_90","sample_91","sample_92","sample_93","sample_94","sample_95","sample_96","sample_97","sample_98","sample_99"
"1","2001-01","Acre",267,20,253,353,83,8,732,68,151,60,270,188,148,331,179,92,27,144,86,132,324,334,90,186,95,353,212,373,56,179,27,254,144,44,123,242,106,133,220,377,108,131,64,93,53,34,261,117,245,159,132,419,349,19,96,40,187,284,241,179,365,404,199,13,172,284,186,78,94,174,277,55,114,223,284,491,87,181,151,96,192,11,171,188,105,392,71,426,96,133,92,23,222,453,166,454,575,160,100,121
"2","2001-02","Acre",120,323,38,386,308,103,36,458,101,223,143,316,195,335,216,121,67,54,116,292,558,50,158,162,55,242,260,255,344,177,75,95,26,65,447,228,594,156,354,267,526,287,144,448,56,119,127,39,59,111,317,885,341,42,193,168,58,79,481,86,100,270,240,627,318,176,223,140,240,139,208,136,130,190,337,669,167,153,262,65,225,214,471,298,391,308,109,213,169,269,204,72,351,12,675,472,810,393,553,706
"3","2001-01","Alagoas",1448,190,1112,1001,1289,2225,595,1754,1473,430,2057,2056,880,1344,585,1132,473,948,1742,2708,1879,1931,2872,380,913,2143,1369,64,638,1633,617,1764,2825,620,945,93,639,1927,218,448,1037,2312,212,3335,582,2021,1463,890,794,3571,2215,1462,2643,1068,3390,2259,263,800,1042,789,1321,1602,903,675,438,812,1674,1292,919,1208,1166,2120,1386,208,1251,1721,1277,113,263,2307,1478,3302,3940,578,3557,1116,875,834,925,423,2351,567,1380,626,923,2352,1482,398,2804,601
"4","2001-02","Alagoas",2552,2894,2063,748,318,821,1844,2085,1229,2056,431,502,3681,976,583,753,3544,1247,1787,894,764,1313,2560,6586,2267,515,986,450,902,993,2299,186,1635,4597,1133,3516,2426,1091,2385,566,648,2892,1687,7930,2043,1672,4665,533,163,320,434,640,4925,1620,2572,1487,317,3791,1375,4197,246,2939,859,1051,1159,508,411,2486,1246,3889,1159,2152,3239,508,1498,1200,1552,726,3893,4149,5797,2414,1388,1008,3384,608,3493,1815,503,3582,2236,4839,2515,1852,2664,3427,355,2042,1684,1340
"5","2001-01","Amapa",2806,271,2058,1283,207,2200,315,1193,189,59,432,1285,2715,1759,1043,294,2321,400,466,372,230,251,606,837,2012,1966,373,1756,1179,249,822,239,567,1023,1326,241,614,216,368,929,1829,167,574,750,686,229,516,973,443,464,262,1299,854,946,254,1721,624,1143,294,1364,827,661,1135,462,917,1048,115,359,1032,2117,2931,1038,762,188,62,1096,1054,244,1637,159,499,725,298,477,560,212,395,69,727,559,221,298,884,1084,184,1209,2133,374,799,422
"6","2001-02","Amapa",1245,719,631,2389,582,399,318,1754,3462,849,957,356,133,2710,2060,239,218,968,1270,1865,123,4752,82,2017,864,760,325,2099,526,1985,737,416,373,771,4091,1053,213,721,494,710,1567,130,1000,396,741,587,618,174,1416,575,668,713,774,1004,2509,2143,59,343,1380,2948,1381,693,744,269,1457,2175,1043,883,1122,615,555,493,1014,866,723,503,786,458,1948,737,379,1422,174,735,1418,242,320,3106,1570,460,2079,1036,348,2586,1179,490,1461,2467,160,763
"7","2001-01","Amazonas",91,22,3,24,84,97,92,39,63,19,30,92,11,6,89,74,14,55,40,7,139,72,49,61,1,58,34,108,37,14,45,137,36,50,37,96,20,58,12,42,44,80,12,98,135,68,30,22,45,49,37,54,3,111,3,54,59,7,106,72,30,62,7,81,19,27,46,67,18,72,18,7,10,28,118,35,42,48,92,54,32,48,56,99,9,43,27,21,24,38,14,63,58,63,142,18,13,31,94,98
"8","2001-02","Amazonas",9,135,39,12,31,31,211,152,39,62,16,26,11,15,72,154,256,48,154,140,81,81,11,80,34,25,24,244,70,33,61,48,38,45,54,131,70,125,26,47,46,77,25,210,37,18,41,127,38,12,8,40,194,145,101,31,61,24,307,94,52,99,26,47,41,8,46,36,105,36,35,89,204,4,44,67,89,85,96,159,110,123,53,82,40,102,105,85,113,48,34,103,63,145,42,159,21,106,57,295
"9","2001-01","Bahia",991,1031,7648,381,2274,2379,639,3021,2202,4863,4684,1803,3404,3110,1929,2381,1242,1935,3340,1987,1573,1577,4186,2635,1319,3655,1631,1126,1764,3924,1610,1821,10090,6052,1936,1475,2271,3344,3831,2874,310,1269,1208,1190,350,3365,2712,1648,351,651,709,1120,3117,5333,1391,5620,1034,6649,1850,967,6998,1690,859,7148,2470,4005,125,378,1697,1126,3722,1970,6153,1358,4071,2211,1416,7318,3866,659,3137,1733,2722,2521,3295,2231,125,420,4208,4452,7459,1704,9027,1528,2948,1508,16072,4624,2156,3055
"10","2001-02","Bahia",5275,1426,3185,1841,5354,1181,5741,1317,2343,4878,2080,1405,6899,1489,1720,9304,1733,2359,3320,2039,8588,2200,2413,2598,1639,3622,2253,2692,4594,3267,3487,4181,3717,2102,4152,764,3254,3469,6293,4764,1680,3242,1615,881,2431,2010,3001,4448,3022,689,1063,8402,2207,1995,7160,1805,2446,7907,3000,629,4628,2120,4397,994,1163,737,453,517,259,5412,1509,2498,3831,3575,1307,1483,1653,3334,6599,4510,12940,7033,2568,4131,3111,11174,179,2374,1657,1136,5982,2708,4401,311,5115,1532,3029,10758,848,9160
"11","2001-01","Ceara",8293,516,19025,6518,404,1187,3985,5693,10449,4526,10231,2986,2960,4052,8990,6266,484,10931,2436,4156,886,7891,9356,5366,12920,7849,4368,12243,5356,3088,115,4181,1948,14110,16334,5319,7339,7184,15144,14334,6343,3181,1441,1902,12898,27876,2567,16815,775,7208,901,6646,2477,2866,3324,7556,4050,3908,3213,6240,1956,15493,13600,2487,1080,11113,11531,4387,8895,17673,1960,7665,5450,5715,7669,4739,1958,4857,6843,9316,5011,15449,9437,15063,10372,4528,2949,10829,13243,5747,5483,13829,5876,634,3308,1729,14272,7369,1232,6310
"12","2001-02","Ceara",22144,13039,17447,27516,1825,8028,3941,12016,11238,2444,4020,6033,8520,9529,1668,9463,14241,6513,9770,4286,18661,5276,6938,5487,1325,13145,3434,12865,8381,7155,7187,4095,11394,11211,1380,7514,28241,12220,46321,25124,36309,5652,2976,8565,2996,5334,21042,7124,4923,42013,6659,12438,16320,41349,7853,6802,7096,639,21253,2444,2412,30907,13145,3606,8308,4122,15128,8677,5195,16697,8707,38123,18178,7072,5570,3131,4475,16927,6197,2004,921,22136,18196,19138,3572,8886,1202,1706,2049,18424,2734,32534,9098,5175,2205,2519,2300,15157,12769,9469
"13","2001-01","EspiritoSanto",743,733,1972,1109,710,41,323,953,1123,988,529,509,1805,429,337,528,2504,2193,681,1386,349,1064,2522,1208,387,908,841,176,160,744,7815,1369,1351,1103,793,1223,1804,281,714,534,307,627,1003,1138,363,450,1337,464,350,658,2113,2811,2541,332,424,643,531,1421,1192,412,1027,666,2356,474,1749,428,693,391,821,106,129,2001,419,2299,35,616,685,1059,1050,100,845,1435,1042,803,518,630,1825,358,573,171,490,592,748,159,1841,509,200,871,1191,604
"14","2001-02","EspiritoSanto",1447,1045,1620,434,3168,354,322,1786,1063,531,1522,6003,1254,1149,514,67,479,3170,1707,650,382,605,2655,1856,770,1710,502,563,443,805,1629,1084,2033,332,2789,332,396,1354,1108,147,645,1104,2114,389,748,1338,1000,2194,3027,723,2050,572,825,1571,1285,504,1339,1228,2944,263,638,303,1138,561,306,196,6105,694,1616,1650,1369,1497,1775,1887,1611,639,1003,1408,1882,937,2874,586,1933,2952,725,2249,1293,2750,377,59,317,2378,1551,1600,1587,2206,500,1023,1163,101
"15","2001-01","Goias",167,1684,487,1169,420,46,342,1877,775,1763,816,80,1425,2284,880,455,697,1847,1061,571,4354,818,1560,1122,1328,992,143,1017,1411,1406,1811,1376,721,1422,568,584,350,1688,112,338,2295,1005,1426,455,345,1317,1785,1401,1484,1577,460,276,1243,575,782,2770,1963,4248,929,1093,302,349,3587,575,2339,337,850,490,856,663,1802,728,797,310,228,992,4830,5135,215,978,1679,954,452,853,1784,685,1367,279,670,1088,232,1088,1276,1835,499,2511,927,1371,453,697
"16","2001-02","Goias",656,2415,584,1451,59,415,630,1055,2039,845,963,2893,250,1321,791,288,895,760,1214,829,2872,1512,1064,1425,1785,3976,1378,1181,974,940,1040,3558,2047,1283,2980,1688,578,3261,3345,1631,461,1523,11946,1292,1236,1167,1442,2886,3678,2488,1173,452,658,1362,329,401,932,702,559,1532,164,369,2213,2107,1383,723,485,3107,739,2384,313,707,805,727,2697,306,1025,252,2064,1191,1905,1269,445,221,2112,361,1025,1910,793,710,279,2174,678,2140,964,1633,1661,387,168,1862
"17","2001-01","Maranhao",447,1656,1188,188,1222,105,373,454,855,1687,231,595,303,73,401,1127,1637,258,1208,1697,610,257,911,112,820,597,746,206,824,1300,1568,512,566,301,940,268,133,1365,1334,263,190,875,1900,2273,1438,1899,553,1466,929,1319,2116,1103,324,598,435,2014,1377,691,2879,773,2196,634,2091,242,407,1070,662,1499,769,2101,293,146,1691,78,2466,163,1718,1021,1676,630,1371,807,641,301,209,611,975,435,337,275,1307,894,593,252,1133,246,96,914,346,1046
"18","2001-02","Maranhao",1211,1530,1338,370,896,916,1830,214,1151,1461,2551,157,324,236,933,515,1468,230,731,809,1162,1784,443,1084,356,333,1701,1373,711,1499,1877,1037,1775,1660,1718,400,649,704,2445,1733,761,317,492,845,1143,262,1328,1123,3239,58,194,702,5001,579,1798,5768,700,465,1631,540,866,547,1115,1946,1780,1358,1007,5294,96,758,2332,262,1493,301,1136,398,2819,1105,2682,2027,5036,1242,391,1606,1330,890,322,2166,427,395,1128,1494,144,2298,736,1352,672,1134,380,210
"19","2001-01","MatoGrosso",60,254,314,465,108,572,1251,438,573,421,840,919,125,636,454,601,283,859,120,1686,212,217,788,222,674,728,1813,627,221,25,33,490,439,366,318,745,969,1839,1182,3110,538,428,1224,1001,1852,524,228,60,1623,1336,288,447,1553,134,317,197,510,1800,114,116,588,1141,555,436,125,212,458,523,1138,362,879,221,1201,1052,645,46,933,768,241,606,607,91,1671,733,1594,406,127,282,273,61,357,929,934,1097,379,312,380,2576,1510,401
"20","2001-02","MatoGrosso",705,261,532,335,1624,1160,598,640,472,2289,1002,963,154,1519,2177,856,1063,1406,424,1178,311,1531,2235,329,870,1530,1357,552,1562,1679,672,193,1488,348,1574,46,644,324,207,2370,3351,2100,744,330,312,638,360,169,3132,183,1620,305,1881,799,741,901,467,1563,1679,1007,1281,657,1035,362,2905,1345,2168,2760,2880,845,2825,891,1309,403,629,1308,776,410,1111,836,625,1151,981,1491,933,621,1051,1625,1033,31,781,241,881,1670,888,1406,640,1196,1723,829
"21","2001-01","MinasGerais",3839,3491,2908,2382,1408,2734,972,1487,2937,195,1554,1536,746,2482,1203,2313,2161,5734,2420,1880,5538,3261,2418,3431,2273,4111,3033,2896,268,2665,381,2343,587,528,2318,4723,3775,2198,1636,2545,2415,5928,724,3171,2467,4695,2220,1369,5702,6820,1460,3431,5356,1218,3443,501,298,864,2735,1328,692,3172,1878,5526,3103,1367,1771,4641,4603,3421,9262,1817,3649,5050,6053,4919,2776,8287,3043,1485,6932,2021,8032,12633,1571,2875,1599,1759,2076,2661,3659,1213,1708,1689,5415,2669,856,1284,999,2174
"22","2001-02","MinasGerais",6989,1320,1493,5051,1167,1784,4651,3244,5006,4949,870,4093,2595,5418,635,4606,3555,1191,2894,1944,8473,1831,2530,3132,1804,1721,3792,1258,646,13544,8105,1054,1438,3731,5599,7416,3909,2797,6696,1089,1311,3044,3925,1698,5143,4792,8591,542,6126,4423,807,2814,7819,4977,3711,2958,1042,146,2469,3680,6013,2676,3531,2245,2010,3226,698,2019,4804,2014,2531,2302,6114,2345,5330,2790,3201,2961,8538,2503,7383,4134,2794,2713,4808,7178,2572,2049,1156,852,5567,3705,5530,3316,2417,2592,5895,585,775,9631
"23","2001-01","Para",1464,546,276,2588,480,3205,563,735,2449,497,506,1093,1119,1856,669,1020,1245,1289,347,1298,585,1765,162,712,430,422,600,914,616,913,360,1507,194,235,2633,1818,560,1227,2099,1815,1291,4293,927,797,3150,782,1300,375,715,1038,251,478,1886,1553,1103,1612,1090,2653,1301,752,2677,2560,238,417,397,4457,526,1072,388,2758,197,183,1651,2081,1080,35,914,346,675,165,581,804,1319,883,737,205,4771,727,3174,214,244,2377,143,561,2028,1210,671,1396,1354,608
"24","2001-02","Para",2441,3123,214,1705,454,637,1508,2101,1152,760,3393,234,425,2049,1581,735,5513,407,953,263,220,1619,2267,1428,427,882,2715,398,2378,638,1430,1744,1716,1393,2545,549,930,1091,1098,1590,62,1846,1411,389,603,3003,958,940,1008,880,1727,2749,295,2544,1033,1968,586,1343,3124,152,2399,2358,2309,415,911,896,2866,1029,5303,149,790,1177,1490,1603,2698,408,349,1286,5442,2953,2327,1650,354,1793,378,931,1303,1096,1302,3395,2896,1725,644,1495,2032,751,2064,3704,2828,1277
"25","2001-01","Paraiba",4091,7937,2451,11444,6525,7573,1835,3836,7178,3202,3008,4384,3500,5156,1012,3581,1751,2010,13094,7697,4479,12940,3420,5499,1175,12272,4186,8974,11930,5578,4782,3544,3076,5033,6922,8201,3036,8262,2049,4184,8935,2868,14424,8334,13154,12304,6882,4330,14411,12652,106,11327,5300,7981,11541,26020,993,1877,8697,2572,10386,4338,2522,5667,11117,1785,1034,7696,1441,9762,6562,293,4033,4347,758,1567,4915,7059,3594,12660,5592,4768,5260,5017,3463,1675,4585,3287,873,2764,5597,2594,3530,736,1482,9107,4915,4066,5079,1554
"26","2001-02","Paraiba",1439,2652,4765,6616,9539,13336,7810,18228,2489,15122,7797,11651,8933,1475,7212,4603,7364,17632,10365,7430,2394,8548,3063,3262,9897,3546,4123,6558,20841,4727,527,16861,6949,245,31129,11715,14418,9721,2488,5298,15911,6870,4258,15993,5960,4277,12258,3464,12826,16617,5457,11246,12323,5856,2602,10900,4465,4090,467,1892,2459,10531,4107,2002,11741,7497,5220,12660,973,11641,7006,12055,18234,2815,17974,7206,5162,2339,5518,6604,1663,3023,8077,17353,7507,7591,11403,4406,15575,14474,4732,8622,9266,6791,3525,1495,2099,25457,15421,8806
"27","2001-01","Parana",2021,153,1251,666,1074,363,2766,375,581,208,387,143,2603,1838,674,1052,799,1006,448,181,398,897,412,1584,1005,1025,692,368,571,333,1341,1052,697,1125,1018,2962,264,920,1126,905,97,440,1495,43,640,285,476,464,1091,508,2107,663,1125,483,303,3205,403,734,558,253,473,975,2052,526,1359,535,849,902,573,1420,165,2120,866,168,954,332,247,1191,1804,2103,399,220,609,1753,267,1082,856,206,745,2947,1010,498,1423,1196,1148,973,515,155,214,1582
"28","2001-02","Parana",1370,2225,3129,509,1270,2180,959,1208,961,1473,324,623,1200,1059,1999,5119,1126,1338,903,1100,547,1551,404,251,517,393,2844,1986,3550,1237,1249,244,151,2230,1063,1825,1049,564,675,1354,582,1146,38,951,2047,1272,942,748,3929,417,2095,1815,649,510,1017,1794,1208,1501,435,2274,300,841,542,1447,843,2325,1857,721,3395,602,585,1047,118,1662,1165,909,1322,1863,1958,1016,2762,1074,613,296,1254,736,716,4302,869,537,1944,924,1233,427,976,1579,4325,572,2174,1350
"29","2001-01","Pernambuco",792,347,692,1668,3697,421,3312,3527,4588,1269,392,10120,2190,3354,486,539,1128,929,1505,1352,7984,4588,671,8958,508,541,1974,1495,1217,979,1238,2525,1353,5078,2207,4303,450,1872,789,2339,850,795,874,976,2016,4413,1216,1056,1067,1769,910,532,443,2384,4671,3704,794,987,2366,1942,3399,818,1022,1594,3032,3918,89,1051,1329,2415,1301,3450,4100,1433,3477,3810,4961,2152,1209,1608,999,1241,4016,3287,176,3012,984,2070,2243,5243,575,2108,1307,242,1823,1131,150,2115,2301,2099
"30","2001-02","Pernambuco",3234,4595,1872,5014,2604,4284,2600,5200,2829,1472,1378,557,3280,3516,1136,850,267,4447,3373,4478,1558,2988,2909,163,315,2980,3838,1426,989,9054,1149,848,862,1658,214,4040,1538,1071,64,3011,7192,626,2896,3524,1810,3366,673,1542,2568,4425,1872,1956,3500,376,643,2106,961,4174,364,3933,1408,1768,4455,3508,3796,1804,2079,651,3811,1983,879,11617,1423,1714,1798,1829,538,444,2147,538,4347,3910,2491,2090,1356,6201,3079,853,1964,158,6824,1325,1177,2313,1426,919,4001,3605,2831,2613
"31","2001-01","Piaui",1546,815,3463,3446,1298,1312,6545,1200,805,2972,1826,742,3599,875,1798,2031,613,907,460,2585,520,3754,1868,420,1858,1126,2014,4870,854,1479,423,1853,468,1726,1026,1152,1097,2209,316,7323,665,1881,1758,286,649,3744,1519,1452,440,743,634,2851,1777,2662,1457,466,1591,125,909,1404,1698,1711,308,2516,723,2847,825,1172,1266,1252,2442,1415,112,2903,1525,1855,1130,394,571,2173,1342,1661,1567,1538,1110,1782,2430,4619,1613,1359,2407,2301,1038,1156,1031,1948,4540,1085,2382,2442
"32","2001-02","Piaui",799,2081,1871,9323,1807,1952,2930,407,242,434,2355,1229,10151,1207,914,930,1070,99,437,4474,1732,3511,1886,2423,783,2161,1425,1579,2712,2384,3163,2824,3631,744,487,1519,1277,5427,2239,1246,1194,2461,3698,587,5460,3972,576,2147,150,2669,727,2413,2930,3044,238,3603,1213,652,4021,3280,7625,3293,1205,1018,5006,2514,1901,764,5499,1845,3566,1867,2731,2475,5791,1208,248,951,4006,5214,1882,1106,346,452,4031,410,6180,610,1768,2769,646,5275,1482,1752,4494,1166,1825,376,1670,2358
"33","2001-01","Rondonia",55,172,203,28,37,317,318,123,310,40,246,24,165,187,153,196,279,9,80,88,59,291,42,99,74,243,90,292,64,59,98,95,391,183,104,271,41,125,99,133,109,71,167,132,139,94,88,37,81,58,115,17,264,70,221,74,186,102,287,96,485,217,67,203,144,326,132,87,311,69,180,52,630,144,143,44,192,257,121,18,173,163,56,203,57,139,104,91,8,377,42,284,64,72,223,170,113,333,47,91
"34","2001-02","Rondonia",67,123,112,129,81,192,68,81,363,820,665,230,111,343,61,320,104,197,71,32,30,30,371,22,130,169,151,403,426,245,16,418,385,64,68,120,632,260,445,150,106,260,378,138,230,167,326,408,134,149,72,310,110,205,56,220,98,188,296,49,169,22,124,10,352,42,68,237,251,129,9,148,422,91,203,32,178,876,145,577,56,199,189,76,226,527,459,492,155,289,176,72,89,101,429,46,44,16,169,78
"35","2001-01","Roraima",2528,591,306,899,523,2243,1968,724,849,1020,2179,832,997,640,1420,548,357,30,892,1187,1110,1027,1880,1900,587,1498,323,454,1650,793,357,101,740,2535,443,633,237,574,397,519,7401,269,367,233,2117,500,798,2278,378,1236,1392,1165,1474,159,2089,2274,702,943,1016,179,1270,615,245,555,181,1393,1937,1757,3357,489,515,390,1366,3658,1020,2331,485,684,965,919,514,3480,85,1357,215,655,1406,848,709,2373,884,247,100,363,712,378,1262,984,892,3386
"36","2001-02","Roraima",644,619,556,1565,286,1124,1784,526,1854,2496,1671,946,1195,1061,2740,1180,738,709,1033,234,912,717,2061,240,1054,624,396,3240,541,3254,416,467,186,1391,512,1158,520,1140,411,791,2048,1474,1259,345,1562,318,406,818,660,622,2351,1377,1723,384,910,312,993,2847,4005,762,1264,1700,207,822,1370,155,812,458,662,602,1243,598,1244,1230,1336,576,720,338,2162,1157,503,1768,1452,1700,1057,2437,1466,1691,876,1140,2659,3545,1192,1759,1209,136,1653,424,835,1216
"37","2001-01","SantaCatarina",87,412,158,324,133,76,96,825,221,862,177,197,136,639,299,45,84,130,377,315,38,15,129,60,568,443,175,246,316,113,832,95,147,111,35,46,122,172,124,122,459,162,884,666,391,364,144,29,113,180,265,281,280,175,353,154,272,135,31,788,97,53,277,98,256,140,126,34,119,39,241,452,180,268,129,326,336,517,407,161,652,216,358,139,688,215,330,410,226,93,107,275,173,390,687,242,455,133,202,412
"38","2001-02","SantaCatarina",151,154,70,102,493,608,232,82,278,507,436,544,601,67,191,252,345,241,261,209,309,757,261,653,267,1318,401,237,51,431,465,1391,903,385,104,281,236,80,1039,464,705,105,70,1683,107,164,444,231,464,486,552,310,204,567,306,137,916,607,210,115,1049,181,399,354,37,355,646,126,337,327,369,838,852,274,1287,544,87,266,473,339,678,504,178,375,528,540,97,428,1044,111,880,337,138,460,764,1124,405,64,234,226
"39","2001-01","SaoPaulo",6961,1793,7938,2681,6135,2172,1169,5148,7291,6591,5704,18803,3321,2593,5977,2627,9306,10391,18530,19630,12050,4188,4199,2058,5962,5661,2897,2098,16948,24776,3419,4920,3408,5292,10628,4227,3375,12413,8972,3547,2632,3387,4073,982,4207,3980,2596,6857,6384,4110,4081,14257,6850,4080,630,2290,5076,2751,8060,9500,7507,3143,2281,3576,4948,4330,4708,7981,1322,4304,2979,16766,1935,9261,11345,7753,4800,15599,4620,6143,3445,2781,4469,12786,3433,1213,9466,3655,4856,2603,9178,6070,7161,8100,5987,13118,9590,3803,11805,4995
"40","2001-02","SaoPaulo",28227,4298,9219,7957,8895,22029,2641,11657,5107,3722,1040,11347,4867,18016,2276,27872,11689,7538,10253,3876,19845,8666,5945,15237,11835,18659,3555,18093,2303,7020,5919,1812,3132,17142,1823,2820,12464,2962,8467,447,5801,20958,9530,19331,9175,13602,1745,11163,5481,3986,16170,3074,8652,1058,3174,2086,3407,16606,8837,7475,8690,37231,4608,18638,2847,4860,4974,6280,14484,4704,14023,7702,25879,2335,10588,5155,4921,6435,324,7066,5577,9122,12742,10588,5068,3250,13281,8218,5343,24288,7451,10346,9235,5065,12821,6816,4725,383,18485,4256
"41","2001-01","Sergipe",497,622,1203,217,832,3,443,421,745,749,297,45,1195,1713,128,165,128,500,342,2825,1433,616,341,446,87,609,232,89,545,2055,873,1078,897,430,920,175,742,233,1400,375,186,462,655,711,725,316,364,232,53,233,345,290,492,1430,39,195,545,446,1073,983,598,764,67,390,345,701,349,618,1538,664,361,609,202,1047,731,282,760,30,314,200,1556,1040,1104,177,928,101,1414,311,393,112,180,459,61,133,173,680,1180,357,207,385
"42","2001-02","Sergipe",332,495,1699,1284,181,880,1438,821,290,3221,612,572,1385,1591,1331,277,926,1267,1545,812,2388,582,636,528,1485,336,868,77,1042,656,782,940,547,857,331,756,3060,176,845,509,147,1302,1331,202,673,251,3051,2223,638,1066,768,571,1316,1766,461,1297,1342,1980,126,426,380,507,783,160,600,370,157,1717,215,1479,337,125,92,85,151,1466,886,429,396,2871,252,597,260,712,1144,470,754,359,769,980,837,193,225,168,582,698,455,233,1397,206
"43","2001-01","Tocantins",821,832,2602,615,276,281,110,310,513,462,396,1061,302,1371,69,530,342,730,338,83,205,2027,74,392,182,83,870,173,398,846,282,260,338,1115,1471,203,469,1676,777,515,224,508,212,456,528,128,218,421,359,886,508,417,307,445,999,427,753,173,756,503,470,699,230,39,706,539,544,270,393,37,155,949,336,79,139,830,469,132,350,475,67,626,417,234,86,306,1044,351,811,1588,154,193,302,442,2173,549,206,405,120,167
"44","2001-02","Tocantins",354,204,1180,922,1706,710,973,562,57,477,813,91,329,619,1092,588,951,612,719,423,760,130,955,140,958,586,1083,1670,175,630,208,377,1033,99,1275,563,1057,310,1994,27,128,519,216,650,1239,1089,643,305,512,1898,148,295,1171,1785,1548,55,1216,671,383,233,870,882,50,735,612,27,1108,1475,298,248,894,2132,138,910,355,233,1675,158,223,1058,491,657,551,593,308,429,226,935,2726,168,522,734,165,316,663,1243,550,473,644,622
"45","2017-07","Acre",49,153,79,63,59,23,65,31,38,13,11,9,72,83,94,77,187,61,161,32,75,102,57,79,138,97,37,17,30,10,34,31,7,63,16,11,139,24,122,62,3,112,133,120,23,20,41,58,35,16,12,4,133,17,61,53,70,27,62,105,58,24,44,56,73,48,91,18,81,30,59,31,25,52,33,161,72,86,8,27,55,33,47,94,51,129,32,71,102,36,24,23,90,65,58,73,33,70,87,64
"46","2017-08","Acre",28,42,90,85,49,2,19,2,89,5,100,49,69,121,16,90,46,14,14,41,2,28,21,25,48,30,63,25,49,29,26,18,22,44,73,59,33,69,23,71,0,96,28,6,130,38,20,44,18,1,34,56,63,67,22,37,40,37,82,28,70,30,21,93,32,20,1,35,9,138,29,15,22,60,5,28,34,19,66,17,55,9,146,84,17,80,10,61,37,7,4,10,52,25,50,61,28,37,146,176
"47","2017-09","Acre",12,9,7,17,38,5,35,2,77,19,57,33,94,30,22,83,27,71,25,60,20,46,11,26,12,8,36,106,7,20,63,4,12,5,59,42,26,27,11,6,1,47,30,83,49,28,29,23,15,61,28,70,30,6,6,147,7,53,45,43,30,72,13,5,21,37,14,14,8,35,56,67,45,18,48,13,44,12,8,19,38,54,29,93,19,14,5,62,56,12,31,11,21,9,8,25,14,15,16,31
"48","2017-10","Acre",44,8,2,59,14,15,39,16,34,21,22,56,107,30,19,9,59,22,78,28,12,98,24,46,6,52,70,42,37,50,21,17,8,98,21,27,25,22,74,33,32,37,13,8,6,8,22,31,44,3,32,41,17,35,12,70,32,2,57,32,85,73,4,10,12,33,26,36,116,3,59,14,23,16,25,10,33,3,6,22,17,43,119,43,13,13,18,69,41,42,56,29,94,50,8,58,24,15,48,24
"49","2017-11","Acre",15,62,26,40,17,24,75,30,42,37,24,18,20,11,32,53,56,8,58,48,14,63,19,20,46,50,30,65,36,29,2,9,20,48,10,37,75,1,61,5,2,102,22,42,5,14,18,46,59,13,31,98,43,9,32,70,25,14,85,98,80,107,10,32,33,27,42,58,56,21,17,54,78,4,6,37,88,71,41,80,25,45,44,134,25,75,20,20,2,86,63,98,68,63,8,71,8,75,64,106
"50","2017-12","Acre",59,38,49,184,21,70,35,35,8,25,23,17,259,17,36,313,25,38,49,34,48,180,51,131,42,58,55,37,19,55,24,48,31,97,10,22,111,50,53,62,38,62,37,36,124,21,32,110,13,128,83,203,68,133,15,203,147,41,61,48,130,98,6,53,115,186,115,38,47,60,142,24,91,57,30,108,303,95,50,8,80,32,186,277,121,81,67,13,145,18,101,23,18,78,54,9,49,40,141,127
"51","2017-07","Alagoas",99,44,41,130,113,13,70,110,6,121,20,80,18,51,30,54,98,94,36,118,211,214,52,50,83,53,143,17,41,73,29,250,88,97,273,48,52,201,16,195,71,101,112,145,118,84,57,19,47,287,12,58,26,290,112,82,159,80,31,41,82,113,114,2,108,37,52,120,50,16,187,98,70,27,70,33,99,65,16,89,136,165,117,57,98,89,37,27,111,75,59,98,181,66,96,46,52,77,12,111
"52","2017-08","Alagoas",10,125,69,189,75,38,25,58,28,116,35,80,15,40,70,7,19,63,218,41,3,90,161,32,79,250,14,155,120,1,32,13,33,110,43,41,61,52,33,16,41,50,36,13,62,62,14,58,81,87,158,68,78,75,62,44,81,25,59,205,92,100,54,7,73,12,64,106,73,131,136,17,148,8,61,71,55,20,22,65,144,147,66,19,45,27,11,2,3,38,12,60,55,72,81,61,52,20,30,55
"53","2017-09","Alagoas",33,18,68,97,72,13,13,117,14,4,53,42,14,7,49,4,103,60,52,36,108,6,56,67,19,50,117,16,6,15,6,63,81,69,66,4,87,65,20,197,35,46,58,33,14,9,91,58,82,99,6,14,53,62,189,44,22,68,114,61,38,28,61,73,82,49,130,19,35,116,14,33,33,10,19,78,39,11,24,11,17,42,95,13,35,12,2,7,101,26,39,10,29,15,31,128,108,18,105,116
"54","2017-10","Alagoas",77,55,63,58,9,31,92,88,5,18,71,157,26,2,120,11,185,22,86,75,117,64,44,44,114,121,37,154,105,9,52,36,39,52,90,17,21,33,53,27,81,35,114,38,71,33,142,19,160,148,106,98,49,79,27,43,143,33,94,95,12,72,20,66,224,24,64,21,104,22,74,38,12,68,37,46,218,22,31,17,91,64,121,7,44,17,72,40,151,108,53,8,26,115,56,22,26,85,51,36
"55","2017-11","Alagoas",104,76,576,102,188,10,30,49,1,207,164,95,20,70,73,185,65,323,144,131,119,117,35,443,108,181,62,305,72,132,20,16,187,163,551,90,20,112,83,208,139,34,42,163,320,64,177,212,130,175,110,67,117,179,170,126,111,51,74,120,51,64,36,21,216,61,79,90,90,34,17,217,32,263,96,39,344,90,116,236,12,64,91,181,21,35,54,97,118,17,9,186,9,42,151,113,29,46,48,142
"56","2017-12","Alagoas",173,51,341,428,191,100,51,92,39,174,84,160,40,59,110,110,138,210,42,77,29,230,104,42,302,377,354,146,73,374,68,119,205,311,355,100,20,159,193,467,53,132,48,194,178,99,368,103,235,42,320,79,64,366,60,51,54,253,168,593,50,19,387,148,413,104,59,367,43,35,10,223,234,210,247,230,83,98,89,163,513,96,248,305,137,31,123,117,70,339,250,189,60,156,110,116,356,40,519,125
"57","2017-07","Amapa",27,50,73,25,11,22,18,8,16,16,100,49,22,109,13,36,6,8,114,26,6,7,14,9,16,20,49,48,154,69,41,78,32,16,47,21,8,89,28,28,41,18,32,23,11,12,38,43,38,9,39,97,53,49,55,32,15,42,21,90,12,11,37,3,103,27,17,11,78,44,9,14,21,31,28,17,13,76,4,89,54,28,54,21,31,3,23,71,15,37,35,11,26,11,40,37,35,75,8,40
"58","2017-08","Amapa",10,32,80,22,48,23,59,54,65,28,14,54,15,17,41,6,77,21,28,93,15,12,73,39,16,70,14,12,48,96,23,22,24,67,67,17,24,19,9,1,42,34,39,3,40,113,13,58,56,25,69,55,17,25,72,60,58,24,51,11,87,17,6,10,18,33,14,40,1,48,8,34,56,5,65,44,22,30,32,49,37,64,80,3,14,29,5,67,12,53,12,38,23,25,12,55,31,22,40,32
"59","2017-09","Amapa",69,38,47,10,11,20,6,21,8,39,54,14,50,8,22,6,26,49,82,20,22,55,62,10,7,21,2,157,41,12,54,28,13,27,1,11,1,22,3,7,19,19,24,1,30,32,23,8,18,38,43,166,70,36,15,17,32,22,2,18,71,10,11,20,58,9,76,14,15,57,41,18,28,59,23,14,24,10,12,17,53,30,16,7,41,8,25,37,25,35,2,17,45,29,68,28,16,32,37,63
"60","2017-10","Amapa",11,12,76,29,6,86,46,17,5,13,19,30,65,8,14,20,33,6,24,29,1,15,3,30,15,26,3,22,59,9,42,3,15,24,57,6,30,10,24,15,9,4,14,12,5,12,8,15,5,20,12,21,19,23,17,12,38,7,26,41,10,14,6,3,31,11,41,23,11,10,8,8,7,10,17,3,49,15,8,78,8,25,45,52,14,25,1,31,0,6,18,14,69,121,26,12,2,38,4,46
"61","2017-11","Amapa",28,20,12,27,3,7,33,20,38,12,15,47,36,55,21,66,65,37,23,14,29,10,20,5,61,34,7,10,44,26,114,33,28,17,34,59,24,23,35,49,17,27,70,60,7,96,31,16,37,43,8,158,52,19,30,50,31,41,55,35,95,25,45,41,25,12,57,31,15,34,23,15,75,22,3,28,31,20,33,28,32,22,6,9,34,5,1,10,3,17,24,8,11,20,31,27,37,53,7,110
"62","2017-12","Amapa",16,51,79,29,3,15,34,57,77,41,14,19,12,23,29,10,67,4,19,27,70,10,15,23,40,8,2,64,19,26,62,42,17,35,76,33,1,52,25,46,70,21,14,30,54,15,40,51,27,97,36,41,25,68,61,8,30,5,19,13,7,1,15,16,39,12,58,21,11,14,11,13,16,24,73,29,13,23,31,18,21,31,15,81,38,9,2,57,53,27,20,41,37,57,25,13,19,59,6,35
"63","2017-07","Amazonas",74,22,57,55,14,7,55,39,17,45,64,19,31,5,54,120,23,47,19,22,86,24,22,14,27,39,24,73,36,6,17,42,82,25,32,11,18,38,39,23,92,5,48,20,12,9,44,7,29,28,51,23,6,36,48,10,41,27,173,15,5,43,127,35,19,22,21,13,21,50,16,66,21,209,16,27,29,9,13,20,109,50,17,81,58,25,58,11,31,60,66,19,9,27,22,21,3,8,62,38
"64","2017-08","Amazonas",48,50,6,17,6,21,47,24,37,62,49,3,9,73,62,11,24,2,28,36,75,16,41,8,22,92,25,12,8,4,33,29,70,46,7,9,12,13,31,6,55,45,5,18,29,11,49,8,0,42,10,13,16,23,4,12,16,26,17,46,11,25,39,30,45,32,85,7,17,14,73,16,12,27,36,24,3,43,36,8,16,27,48,24,10,4,103,12,19,21,11,52,29,39,27,25,45,2,31,61
"65","2017-09","Amazonas",5,17,48,36,26,3,30,4,20,16,7,31,55,4,0,15,52,79,67,27,75,12,34,8,3,93,21,2,1,20,2,12,31,53,19,25,4,39,58,1,61,33,13,29,18,16,61,4,14,4,9,9,18,5,10,2,18,19,61,10,6,8,38,55,16,23,27,31,27,8,3,41,18,30,13,1,8,4,26,24,51,2,39,13,50,40,15,5,4,40,59,5,16,31,25,2,5,20,30,25
"66","2017-10","Amazonas",47,31,5,79,30,7,32,6,29,28,4,28,16,11,55,7,41,24,96,27,15,18,11,109,10,11,12,29,20,11,11,59,32,56,17,12,8,36,6,20,57,57,14,7,27,4,80,22,15,9,19,4,4,30,46,11,45,5,24,10,23,2,102,67,7,15,13,27,8,1,12,82,9,26,36,29,10,40,99,8,16,23,24,18,22,23,8,22,29,30,36,36,19,47,16,80,6,10,38,34
"67","2017-11","Amazonas",29,13,41,38,6,7,22,74,19,34,79,35,60,5,19,4,97,108,25,18,30,21,4,20,91,18,46,8,3,23,48,23,67,54,6,107,2,28,140,35,15,34,5,10,24,29,13,12,67,27,20,11,56,29,21,4,14,5,3,6,71,41,50,93,14,55,30,6,23,17,22,25,21,51,25,37,84,11,29,81,15,63,6,31,31,32,33,12,14,24,13,8,33,14,16,7,77,7,8,43
"68","2017-12","Amazonas",120,41,33,25,104,72,34,10,53,5,241,16,29,27,64,30,41,29,187,46,72,57,39,22,26,50,12,11,14,15,6,40,49,75,21,76,33,92,55,43,122,26,66,41,121,12,39,10,87,24,66,75,19,33,52,10,49,66,20,26,32,114,261,127,85,50,1,63,17,20,73,11,90,212,65,56,23,13,39,33,41,37,35,130,65,24,35,5,55,2,48,61,22,37,158,19,2,25,57,30
"69","2017-07","Bahia",2572,339,891,214,78,334,113,880,748,1047,82,276,357,475,247,182,2953,615,855,813,853,44,569,606,535,211,24,278,190,412,878,278,759,931,346,383,507,131,350,851,692,851,1508,741,155,2271,786,927,246,521,889,64,407,1023,815,570,345,616,135,239,329,507,103,370,1514,998,538,446,260,1299,1309,333,956,893,190,1064,359,76,518,312,393,234,641,233,504,321,301,1501,362,721,366,436,560,165,70,99,705,822,906,205
"70","2017-08","Bahia",471,129,1455,519,400,140,601,54,753,170,224,115,107,195,749,2438,385,749,289,52,362,261,127,94,38,832,350,155,499,331,84,265,73,485,348,372,192,387,88,401,247,670,79,434,72,981,398,474,357,1659,588,591,288,408,524,798,340,1028,270,342,326,143,655,503,1598,1708,216,1312,249,423,474,340,366,434,301,282,621,374,268,458,1181,137,94,860,354,483,471,58,236,250,839,134,362,1524,293,465,403,408,406,102
"71","2017-09","Bahia",451,170,179,76,105,160,322,602,377,323,96,330,187,162,1493,443,535,476,107,274,90,82,481,269,136,119,74,213,144,389,23,427,169,143,326,133,71,390,1139,353,561,402,165,84,74,102,511,289,1069,523,656,187,310,219,285,400,340,365,700,128,200,41,446,410,222,99,426,602,627,1054,192,212,143,91,117,269,405,750,165,311,634,613,60,1262,358,27,984,291,9,48,420,142,369,244,284,302,203,267,1207,227
"72","2017-10","Bahia",837,141,641,360,366,290,622,541,175,124,412,266,84,595,102,272,1151,205,69,192,154,145,120,62,154,575,143,525,234,114,337,322,415,291,352,235,21,55,388,160,264,55,531,227,175,216,132,262,620,190,1070,25,464,370,505,433,271,1132,131,180,563,236,323,335,188,570,44,332,280,115,103,229,163,292,206,81,164,476,131,126,227,250,53,163,132,134,420,92,214,455,667,264,350,435,206,231,1159,762,425,135
"73","2017-11","Bahia",904,591,155,260,313,248,369,863,513,418,543,64,238,286,254,609,674,191,240,234,756,68,372,103,922,100,575,435,974,401,248,266,115,501,201,586,373,255,1129,480,968,364,331,958,644,163,460,539,41,1519,550,76,259,1415,1051,869,541,390,81,541,382,18,477,616,581,579,147,554,92,909,230,294,1705,360,55,210,834,102,54,367,131,420,883,994,100,233,639,371,92,90,419,290,1192,291,686,218,935,874,232,130
"74","2017-12","Bahia",570,764,500,1787,439,104,57,317,67,327,437,441,580,1325,331,658,398,1010,605,823,1292,241,629,339,901,823,842,1399,233,324,431,44,242,148,701,645,1185,751,463,640,123,395,222,71,751,356,914,869,593,887,607,485,331,683,613,367,126,493,702,433,476,568,123,588,268,252,268,856,625,622,514,159,1081,527,65,223,392,284,400,148,680,215,144,180,746,721,539,765,311,540,387,46,650,610,682,2118,262,730,1773,218
"75","2017-07","Ceara",1005,1004,510,323,675,2945,2428,1336,841,306,311,205,2229,4498,678,76,722,538,1940,2005,923,919,2169,1515,438,1897,1427,1680,646,2178,1126,2836,297,512,1232,1842,1763,424,375,1022,1596,2469,2589,4436,383,1090,779,1035,472,702,3872,590,1635,1265,1314,418,286,428,936,791,800,981,1285,928,2141,208,320,3981,471,1162,152,487,3523,108,862,362,2086,983,713,290,1646,242,4843,2386,377,1425,513,1112,771,861,1797,1335,223,321,3137,495,243,1559,915,164
"76","2017-08","Ceara",177,112,1082,794,867,1828,762,1067,484,498,115,803,175,979,939,627,1494,343,1391,2415,101,804,1528,49,248,198,375,334,310,97,361,367,176,114,152,405,647,393,822,431,2032,1886,922,1101,596,1071,146,648,411,427,666,801,78,1157,2945,558,295,374,1028,886,354,461,579,1065,712,491,1054,826,681,1330,2127,897,1407,1657,513,127,297,1335,267,238,653,517,479,783,1548,1184,211,1230,226,721,403,411,1106,1662,1321,878,334,1564,2003,787
"77","2017-09","Ceara",803,245,14,866,384,943,967,421,446,900,941,313,471,2171,728,1050,833,670,2056,2331,616,117,2039,622,93,1324,251,544,1534,1420,306,34,129,408,1119,858,658,1060,869,114,237,171,166,919,443,299,333,449,1183,355,137,220,348,671,1206,102,469,180,250,255,259,152,494,66,742,528,49,832,826,991,330,2980,941,764,1503,930,1144,850,793,513,460,338,1529,1121,408,289,253,1368,1296,470,1560,594,388,155,1275,509,260,167,1169,757
"78","2017-10","Ceara",217,437,1058,1351,544,658,1099,215,235,762,311,1059,2530,1318,917,606,740,292,218,1948,288,229,364,876,616,540,88,634,560,522,304,819,361,387,873,1971,569,794,277,153,585,375,551,845,180,782,780,2023,294,429,1015,986,607,217,721,74,575,395,56,311,482,605,160,192,2866,280,228,711,1402,44,901,1998,2127,295,644,1061,370,1506,532,197,1266,232,1827,325,644,1572,958,403,633,390,1566,4076,753,2103,1958,691,557,578,336,509
"79","2017-11","Ceara",1576,851,1108,1639,528,1366,468,184,595,836,2515,2536,2304,5686,266,874,4521,478,1702,2619,2563,1115,4202,1153,820,1015,1300,1078,647,2182,614,613,339,3391,1639,2154,1689,121,609,242,1003,1175,1840,2555,1473,276,1525,572,394,2167,558,3166,23,593,1145,1301,205,421,579,1064,1299,633,1623,1018,353,666,1091,946,1736,2415,1103,1030,2757,2692,3783,650,4976,840,1211,1170,2072,1646,4599,2668,2601,1136,1467,518,1093,579,2397,2734,1889,5357,3532,407,574,1371,915,2266
"80","2017-12","Ceara",601,598,4663,2016,1210,3217,663,742,1061,1570,1840,4937,2350,1706,1201,1029,350,330,3696,1492,2786,2551,1077,49,3219,932,91,1564,5985,1219,888,8026,1637,745,844,2900,1900,2503,778,1423,1805,3409,2852,1612,752,107,120,6062,1654,103,1430,1844,2637,480,3864,747,1670,653,5791,237,3962,880,123,1230,3135,984,4754,1151,3834,1142,213,4398,3273,2705,1677,604,287,1730,842,746,1587,1473,579,2511,1379,298,1337,1937,2275,1776,1347,3749,1246,6852,5268,772,148,520,6406,3218
"81","2017-07","DistritoFederal",265,156,8,488,658,459,183,113,358,121,168,245,85,51,97,133,199,280,351,14,399,168,196,245,352,170,73,99,182,319,741,106,188,483,291,112,102,110,257,219,283,203,253,176,202,59,128,124,200,282,174,162,62,391,163,118,181,80,262,110,62,677,409,520,97,286,153,84,393,100,309,199,351,499,77,3,422,209,9,105,197,606,297,41,36,30,53,139,175,45,207,233,86,125,61,124,214,49,405,125
"82","2017-08","DistritoFederal",111,496,30,85,329,85,37,25,45,32,32,114,272,59,482,166,26,31,153,35,15,150,9,108,391,18,242,177,259,289,64,106,204,23,214,75,75,65,50,146,122,105,179,255,310,91,30,132,61,77,142,159,88,21,57,42,314,168,112,51,107,36,282,210,232,286,113,136,68,78,50,69,28,145,357,53,101,95,81,81,264,136,19,108,137,37,152,78,36,45,48,196,88,80,75,115,14,70,296,95
"83","2017-09","DistritoFederal",6,97,61,72,310,14,186,61,117,31,26,165,81,28,309,134,20,100,111,48,223,33,22,33,277,1,181,47,24,259,57,143,18,245,102,35,128,42,113,8,350,35,14,146,354,155,10,71,166,157,56,30,110,325,127,108,124,136,14,47,40,49,15,203,220,140,64,84,32,38,14,148,303,66,200,76,132,42,47,127,142,168,120,15,32,83,46,41,101,181,83,206,66,30,28,69,282,137,198,82
"84","2017-10","DistritoFederal",261,1,51,76,293,129,114,68,191,62,86,101,93,13,152,94,33,45,98,25,93,56,46,184,54,68,146,19,86,173,103,180,54,100,226,158,34,79,67,73,212,71,243,42,107,44,139,134,56,37,56,52,100,103,62,13,81,194,103,157,78,94,220,100,44,116,164,183,22,30,90,22,49,330,67,60,164,4,80,98,134,47,155,63,224,23,159,29,36,51,319,109,8,77,95,266,235,30,107,294
"85","2017-11","DistritoFederal",423,223,19,102,83,38,60,350,136,44,303,140,219,47,74,120,231,500,330,75,427,77,79,74,81,79,276,212,391,707,112,381,140,466,683,215,69,208,191,234,197,188,100,198,148,96,20,219,756,407,148,123,135,67,85,219,396,68,36,151,55,205,425,191,119,105,26,69,163,36,94,131,148,180,61,179,384,48,259,363,52,234,117,82,235,43,242,39,34,257,396,106,57,174,146,114,38,470,196,199
"86","2017-12","DistritoFederal",211,263,81,110,392,288,375,46,217,388,334,488,1250,340,1151,83,36,117,351,71,118,165,160,97,318,341,186,179,127,140,388,271,342,241,144,81,86,104,69,131,131,246,290,250,144,384,244,56,83,45,149,22,92,359,146,97,515,365,64,341,280,436,98,380,208,171,66,479,107,137,79,118,343,170,260,335,168,363,52,178,254,75,3,570,283,256,98,131,78,427,156,7,111,70,89,268,171,172,220,3
"87","2017-07","EspiritoSanto",28,193,15,77,44,218,31,91,126,93,93,59,278,238,150,236,181,34,68,308,117,65,44,62,23,63,165,230,134,187,206,531,11,179,208,72,10,97,124,114,168,139,74,136,594,48,82,26,112,195,114,221,101,288,87,124,212,68,110,483,38,74,163,75,115,108,24,18,166,126,22,216,134,217,489,45,196,171,121,114,215,430,204,274,344,257,376,76,74,112,336,39,19,264,21,139,68,382,273,105
"88","2017-08","EspiritoSanto",208,255,269,212,14,177,37,116,226,114,89,58,143,26,222,183,216,130,188,80,194,78,26,120,235,186,102,72,78,235,231,184,119,194,67,141,45,148,41,211,130,111,58,317,321,148,85,158,121,238,20,141,99,18,142,83,54,45,117,156,121,22,6,72,266,233,60,49,436,124,36,95,221,207,30,146,16,409,142,102,103,49,169,84,110,57,95,22,65,88,192,543,110,96,208,34,185,157,35,36
"89","2017-09","EspiritoSanto",106,145,36,23,34,61,37,176,161,20,155,30,29,65,91,26,121,111,34,43,59,33,50,203,125,75,216,88,83,142,148,192,64,72,95,17,43,9,144,149,203,224,9,48,314,85,49,82,133,105,89,41,17,133,50,57,25,51,42,115,25,312,17,78,41,63,54,135,182,43,96,92,114,19,209,531,233,215,202,188,41,15,233,6,19,8,83,169,59,30,120,138,31,10,126,73,65,84,176,53
"90","2017-10","EspiritoSanto",51,198,15,468,20,185,80,69,211,122,165,59,54,112,40,247,44,348,17,124,40,162,107,128,859,116,86,13,170,107,280,362,43,141,70,40,47,30,105,34,169,364,11,92,248,36,313,20,387,25,125,193,22,217,81,148,56,28,109,86,56,73,81,243,153,178,52,109,348,14,253,135,47,251,184,244,94,45,110,80,146,105,166,44,37,24,47,110,36,214,410,368,42,73,62,295,203,90,56,49
"91","2017-11","EspiritoSanto",127,125,55,233,116,163,47,294,378,103,257,105,119,105,623,349,77,271,33,362,13,231,258,225,783,135,143,723,217,77,129,498,333,139,125,361,37,284,337,211,179,163,35,541,598,129,58,53,29,216,32,195,151,354,152,99,646,294,269,55,265,650,53,52,260,118,195,360,285,28,182,418,319,70,172,532,59,345,306,378,280,220,523,92,1128,343,156,325,15,73,283,253,78,300,395,181,566,95,382,302
"92","2017-12","EspiritoSanto",282,825,222,431,67,756,118,85,248,228,275,95,306,40,327,602,648,149,231,379,353,344,347,660,1001,202,449,486,195,167,302,718,525,281,164,103,269,42,598,100,136,394,328,378,3048,378,72,178,185,65,361,522,386,227,150,367,1070,140,132,91,246,857,330,59,1138,161,433,432,111,555,197,912,663,375,201,215,65,226,86,169,163,429,806,156,329,227,267,134,177,610,326,861,424,794,272,553,626,1118,101,385
"93","2017-07","Goias",1279,543,6783,925,863,7643,1542,2146,2129,4523,558,4429,2815,893,5886,4646,6465,3707,1564,494,1050,3083,4180,524,2299,722,7607,492,5375,3362,1715,2234,5773,1881,1664,2393,2331,824,3097,4108,164,5706,1685,2535,373,2409,5340,2634,1021,5463,2194,1690,3412,225,1126,1472,2494,544,2157,2077,2504,698,2551,3585,1294,185,799,2128,1645,2014,3596,932,5734,1205,3452,3035,1789,1740,1965,3370,1942,2514,748,1145,6419,6727,264,841,721,811,2109,4815,1000,2289,1087,3014,3210,670,4902,1963
"94","2017-08","Goias",524,916,6333,5536,1627,2433,1743,273,2128,1487,1385,3995,623,1765,2602,413,2497,2621,891,4336,7018,766,1934,1404,4972,4108,1114,102,1307,1202,331,2334,1099,3785,1058,2387,5206,445,1735,143,473,1702,2369,438,2280,1192,1593,1097,2224,830,1050,4555,807,695,150,3141,3759,910,2368,374,2248,637,1694,980,341,823,907,1016,1768,35,1142,5544,2327,643,907,1136,2817,746,353,11965,728,1498,1434,614,1935,576,2387,680,1358,468,3220,3827,2622,8821,3064,2564,1739,113,4095,1187
"95","2017-09","Goias",574,1857,391,730,431,2090,718,671,1430,2243,1231,1721,2201,1807,273,2725,879,508,1318,2348,1010,784,330,709,3404,703,1398,3522,7834,2589,1129,3126,767,4106,2356,1408,1390,750,1766,1964,712,1048,315,774,678,5182,202,4325,999,1291,934,1783,456,3162,459,143,1240,563,487,1445,233,2443,1306,2291,739,3134,753,637,363,328,110,763,1172,2102,1440,3531,1358,2815,408,1942,1736,1337,982,1821,1968,3701,1567,1087,1749,1722,712,9216,525,2081,498,1070,695,935,2975,2491
"96","2017-10","Goias",1531,1524,386,2869,1250,1719,1155,1371,6586,3477,1399,3374,1715,367,1348,2670,571,2585,758,4921,923,1800,1353,718,1982,2427,4391,1836,2256,1843,1701,2989,1890,3550,7008,1728,1052,3044,5478,4116,1914,2803,1864,741,1020,2627,766,2335,1097,1930,1889,742,4201,366,1178,1859,777,689,773,1835,1907,3201,3766,2617,793,1201,3690,1569,2664,1245,1869,640,1861,1166,2147,560,2527,126,1209,198,1255,1184,4524,1504,894,2939,3591,724,1208,1305,2968,6262,1867,4590,1821,2427,1201,2164,1606,1045
"97","2017-11","Goias",982,2995,4481,4381,6221,8724,1431,2998,6883,6302,2292,3366,837,777,1106,525,1734,1756,2630,2187,1180,1034,1895,270,3230,3036,2292,3511,504,4737,2158,6746,1752,1905,4649,1602,3435,1179,7982,1931,2027,1036,1644,2060,2734,2854,11567,3214,1169,10168,2084,2618,6358,414,1448,514,1370,1845,1885,1018,2830,3371,1739,8144,234,3102,1031,2697,1600,1123,559,3403,2935,1532,2844,675,3352,6390,4133,2908,3556,1260,624,967,391,1271,2880,1831,5243,3062,2483,2229,3413,2442,5566,3762,2929,91,1502,5593
"98","2017-12","Goias",1392,863,1477,1651,4129,5558,2337,1693,5680,1127,1166,1392,4929,2474,2095,932,3314,639,1281,2138,7919,2858,1477,3443,957,1838,1652,3194,2099,1852,3404,7269,1291,3903,1074,175,1012,4112,6632,2056,1123,5054,879,771,2438,2440,2685,6494,1581,2672,3369,1761,3044,2006,651,6029,1031,2653,3255,876,610,8168,6945,14241,1822,1330,1057,2785,807,2647,2734,2479,4363,1202,5030,1118,3842,3930,1932,3211,1337,6115,5705,4291,7154,2158,1038,302,2379,876,3591,7501,2848,15844,3683,6887,1507,10530,2511,1799
"99","2017-07","Maranhao",387,144,521,341,302,778,689,171,213,67,82,397,773,21,288,177,70,123,318,458,273,274,151,183,417,302,493,533,97,510,922,234,1276,335,752,312,460,263,704,232,43,1389,571,134,313,401,505,170,339,464,410,295,132,527,168,86,455,300,125,335,214,119,497,20,144,1253,316,278,418,110,57,886,439,119,64,34,756,415,543,622,91,747,254,231,72,442,144,667,208,15,155,1267,440,306,539,319,374,367,391,31
"100","2017-08","Maranhao",290,72,411,84,626,312,101,390,96,12,122,260,713,189,149,26,227,247,186,382,53,120,343,590,173,76,193,471,179,91,260,154,372,404,131,689,307,86,313,266,79,399,975,157,428,753,150,374,378,135,239,130,194,664,267,65,507,40,426,180,771,155,327,128,30,136,165,254,236,128,48,192,202,494,75,276,190,1121,53,274,119,87,107,443,380,275,88,111,50,787,90,570,295,78,437,578,46,17,538,665
"101","2017-09","Maranhao",88,234,240,34,25,362,287,52,221,277,182,384,237,382,465,106,129,181,51,84,160,214,135,315,52,250,171,68,34,83,30,189,487,716,344,89,52,1142,22,59,43,659,161,63,151,118,188,42,660,165,498,29,139,541,169,42,230,189,153,425,390,216,166,13,142,19,114,117,26,134,83,619,406,10,98,88,108,98,69,74,325,48,169,77,188,182,34,162,51,355,125,114,27,90,65,52,519,109,88,152
"102","2017-10","Maranhao",404,154,255,122,175,451,329,311,199,73,116,116,60,42,108,241,74,345,90,341,73,646,49,214,102,224,81,181,337,698,456,211,369,28,77,273,95,120,285,58,84,153,327,34,306,438,160,419,84,109,292,83,181,117,354,74,103,71,433,572,170,50,34,153,144,387,357,122,11,147,82,258,213,308,214,28,119,749,21,85,162,45,149,456,29,245,78,152,274,145,78,194,62,203,120,291,115,343,34,216
"103","2017-11","Maranhao",171,164,203,85,209,94,260,71,462,348,374,48,572,192,101,83,230,169,301,482,252,741,149,390,410,155,42,433,260,255,401,85,124,187,587,332,149,462,14,120,183,259,166,85,219,238,366,74,388,242,528,114,567,325,947,20,85,214,375,163,690,177,175,265,144,367,340,262,256,381,231,163,113,402,290,15,265,156,118,498,28,100,87,186,258,579,52,107,132,178,274,188,1166,115,67,195,284,69,419,424
"104","2017-12","Maranhao",327,376,386,31,173,294,681,178,479,569,412,388,757,239,486,73,123,128,340,17,195,168,136,473,524,59,988,321,203,13,531,65,276,59,333,247,290,513,155,25,507,811,61,662,146,521,296,75,436,164,217,178,328,642,675,24,483,348,236,608,305,219,404,50,156,199,178,84,228,94,261,151,873,1331,79,242,174,309,192,46,1169,488,373,606,674,218,50,507,337,485,219,255,241,48,323,98,181,203,488,207
"105","2017-07","MatoGrosso",225,82,282,287,99,65,315,177,37,866,125,216,246,683,290,460,668,38,557,137,341,466,267,57,671,74,205,745,506,216,225,121,49,130,428,128,590,70,125,500,385,12,338,889,536,219,263,284,11,32,93,995,30,313,209,951,136,316,673,462,121,296,368,36,90,1655,72,89,89,43,535,24,1144,190,1158,1000,232,150,149,231,69,770,408,449,517,191,291,1395,68,45,277,568,325,296,145,512,348,320,194,150
"106","2017-08","MatoGrosso",532,140,114,250,93,617,367,35,45,434,313,368,150,179,454,622,207,21,542,72,238,168,144,308,105,243,281,334,784,196,215,158,295,65,447,128,190,166,54,104,191,270,24,1193,560,217,104,14,154,304,62,227,114,19,8,434,75,336,205,167,282,231,121,289,109,241,93,126,362,508,465,250,360,655,91,291,555,162,58,273,319,120,377,66,26,437,93,2135,112,196,149,264,275,578,137,331,276,470,445,156
"107","2017-09","MatoGrosso",178,199,88,207,21,254,97,180,83,111,133,206,132,155,18,152,82,185,105,157,88,201,484,222,98,39,137,427,385,63,42,314,214,17,38,127,333,3,87,170,53,139,33,79,526,235,153,142,160,75,376,239,62,141,69,106,69,46,75,55,142,58,29,67,97,39,185,67,118,190,62,24,338,385,170,93,183,136,88,125,124,131,189,132,298,86,148,430,168,45,256,396,42,350,67,199,48,7,62,149
"108","2017-10","MatoGrosso",360,268,61,101,277,128,496,185,160,130,45,244,29,485,161,151,141,182,24,459,265,124,268,136,67,282,115,150,138,338,464,408,223,115,33,141,150,42,203,129,108,566,58,535,429,61,80,209,104,143,80,286,60,213,139,59,175,399,142,88,202,361,86,170,200,418,108,374,626,57,340,432,454,165,126,221,74,39,404,31,91,501,29,228,24,247,265,204,112,360,431,65,78,314,390,402,77,207,276,322
"109","2017-11","MatoGrosso",501,193,227,1120,28,96,288,152,458,652,102,219,193,682,482,157,39,82,635,235,598,287,436,145,74,432,834,553,1333,430,295,496,661,341,236,225,898,593,226,239,46,104,153,665,400,151,709,139,429,39,630,398,71,123,347,1269,265,295,181,397,466,431,1097,169,118,232,481,304,344,838,59,92,191,226,266,315,47,29,73,242,684,1248,999,560,170,1114,177,450,766,185,149,210,281,484,189,314,183,296,337,342
"110","2017-12","MatoGrosso",1263,857,391,47,687,358,179,109,191,881,469,738,982,1245,85,552,922,613,520,590,156,81,556,304,455,145,182,1221,761,396,471,812,287,840,67,1083,684,501,198,501,250,299,358,1053,805,90,43,122,665,167,585,684,431,328,553,1367,115,395,280,156,225,1630,531,112,1220,477,255,77,72,743,641,162,319,1652,104,614,262,240,1702,1554,1021,213,132,462,285,577,261,414,444,132,408,260,1094,115,268,43,199,234,158,505
"111","2017-07","MinasGerais",1087,1531,1123,708,2386,1355,943,2221,1898,1253,161,1177,265,534,1233,132,286,747,1901,2528,1053,2846,563,1032,1410,87,1358,795,848,1229,1157,8007,1137,745,1154,804,283,1541,1124,1217,577,1101,574,294,2683,994,1204,1291,1510,567,1392,885,660,858,689,390,3977,1166,777,718,3647,283,256,136,2150,394,1469,521,544,3263,2303,1689,836,1436,2999,1472,1953,395,178,585,1298,428,1817,883,1234,3188,2167,1049,949,1483,527,350,591,292,4530,1114,228,2317,601,792
"112","2017-08","MinasGerais",1993,996,752,11,1414,648,728,1060,491,1452,281,164,1248,2239,248,760,1485,391,1586,273,1624,188,623,310,311,439,393,522,1329,320,242,455,288,393,312,1234,652,377,466,220,679,1539,621,723,1324,429,472,2098,819,522,364,651,135,334,1729,367,1158,74,40,685,528,429,1991,275,296,294,317,323,312,1570,1529,203,1000,481,248,1235,861,275,604,509,263,885,2477,2412,962,860,902,179,386,426,528,120,120,147,1371,117,863,1547,529,779
"113","2017-09","MinasGerais",260,425,235,178,5,930,290,537,1041,1625,236,453,149,320,125,262,645,170,900,141,1489,1338,2056,545,438,212,1480,423,218,575,840,732,421,186,1448,604,321,1248,577,188,71,1759,1231,620,284,382,403,526,297,219,356,132,236,456,312,1166,245,194,326,600,177,480,75,223,242,271,82,1098,42,474,827,219,127,649,55,155,382,930,589,340,694,317,1273,69,476,1548,1182,294,98,135,285,85,924,117,515,357,485,658,602,189
"114","2017-10","MinasGerais",251,206,361,700,192,1037,243,144,634,568,1265,1415,465,833,343,182,433,307,655,501,204,36,20,428,784,186,485,947,767,470,506,316,327,285,608,1060,605,958,213,1026,245,1328,1139,530,1649,69,947,400,494,415,257,198,295,14,1163,192,1199,801,649,39,302,256,1116,95,658,86,294,288,26,85,193,260,481,719,287,276,345,245,376,449,1101,210,754,1267,817,3893,876,189,133,412,217,108,215,414,187,1244,381,276,202,63
"115","2017-11","MinasGerais",1535,682,1146,1860,1126,102,188,268,542,1630,956,323,350,1750,2077,103,558,1302,369,622,890,1107,582,82,606,929,770,674,829,1507,107,822,1344,1099,300,3446,748,323,446,264,367,1347,1166,776,1753,987,696,295,2037,911,323,688,381,180,363,113,1148,607,493,607,207,1057,1294,164,101,1211,721,857,165,541,707,1978,339,942,871,581,588,74,1082,412,581,2308,1141,394,2644,3086,1088,346,268,1136,1329,30,783,482,680,1161,411,640,303,969
"116","2017-12","MinasGerais",457,2425,133,1367,3831,1572,1201,424,666,774,1751,1744,138,2964,270,572,1884,1271,8,1799,1195,2096,522,822,284,1006,215,982,1021,1210,1167,722,2664,712,1595,1718,380,129,1178,269,1045,703,667,1091,2822,119,1249,281,1296,823,913,789,313,74,776,1376,1276,612,403,1142,322,1290,878,1210,2791,558,894,730,433,260,700,1112,1501,198,2149,249,444,559,123,490,322,431,801,551,1713,457,2267,833,288,471,468,1095,1796,2539,427,830,4943,226,667,174
"117","2017-07","Para",244,10,591,107,206,88,111,195,229,165,723,161,224,255,295,24,842,337,1608,551,830,341,4,392,787,87,273,410,268,885,946,362,280,249,119,94,150,252,538,105,165,542,783,511,108,219,344,347,232,374,446,1070,640,267,737,581,236,123,247,113,341,302,523,424,344,495,234,502,1133,513,469,258,805,190,533,1102,356,171,749,252,1288,1309,598,42,1092,109,138,372,261,58,230,543,375,243,634,799,676,1692,426,254
"118","2017-08","Para",306,134,232,70,556,224,115,35,243,2169,223,206,66,141,125,438,983,177,116,237,181,209,52,87,329,137,169,437,433,173,177,55,133,144,221,154,606,317,772,627,63,282,248,123,132,229,144,239,128,239,855,717,269,325,831,323,134,446,118,120,767,530,305,392,84,917,182,30,150,514,230,803,1025,96,417,48,153,75,147,177,158,163,292,636,151,459,253,461,315,340,527,141,171,132,328,68,324,643,179,27
"119","2017-09","Para",36,31,255,82,174,164,220,74,157,184,336,238,175,5,347,287,197,152,451,714,80,259,78,232,403,64,498,126,42,111,116,114,596,186,150,32,328,245,154,126,122,146,257,195,38,305,744,81,115,77,293,30,283,18,76,17,222,62,233,221,538,57,34,386,744,108,128,341,995,233,117,260,147,140,232,335,163,114,294,76,208,71,35,84,319,320,113,163,117,187,259,448,171,192,119,338,123,725,456,38
"120","2017-10","Para",146,374,101,347,30,323,54,204,71,386,192,304,74,138,16,321,124,292,204,326,996,101,257,188,332,340,115,160,137,340,219,178,260,799,175,332,84,120,568,193,209,101,564,189,278,113,111,301,410,55,252,317,271,583,67,405,518,653,221,365,74,622,167,317,963,620,173,54,153,127,142,160,144,328,310,495,344,440,402,60,121,420,233,285,492,110,289,58,57,118,63,282,40,103,76,161,216,390,80,260
"121","2017-11","Para",107,44,112,378,41,201,148,43,265,1184,606,395,456,332,420,665,1257,434,582,1056,900,94,83,445,837,353,237,609,110,354,233,216,414,472,159,166,369,1287,555,375,592,118,162,760,259,1204,706,682,175,100,332,367,841,7,103,215,231,53,469,532,47,325,658,156,1396,253,40,898,1673,622,108,171,451,105,783,799,649,145,1016,126,763,801,884,607,1240,365,665,252,233,349,158,132,267,347,157,510,386,229,160,279
"122","2017-12","Para",537,296,245,1050,678,33,538,727,57,170,437,502,507,209,289,513,206,1071,363,535,644,469,211,642,944,344,340,281,427,221,322,349,321,366,232,183,91,634,848,260,487,817,199,138,370,357,857,901,199,602,1206,504,474,163,57,327,445,29,463,134,283,566,278,163,934,2868,734,604,3661,346,284,171,847,519,304,352,383,189,1045,90,80,706,346,223,756,322,418,1184,341,216,85,1029,540,226,1013,253,621,1180,177,402
"123","2017-07","Paraiba",152,149,178,136,130,274,4,184,207,106,346,102,184,236,259,58,72,75,80,465,25,45,98,73,172,188,98,188,33,14,28,88,176,114,109,250,1,170,291,45,88,177,34,224,58,18,127,126,90,33,88,18,381,160,225,45,12,95,241,53,95,59,143,85,104,138,56,20,133,363,40,166,20,262,96,44,66,232,92,42,19,299,53,217,56,11,64,60,117,165,17,80,85,30,211,179,42,101,193,366
"124","2017-08","Paraiba",104,116,110,20,80,228,121,50,110,116,52,75,44,258,18,34,243,154,2,139,160,41,70,18,11,38,137,36,6,85,11,29,39,19,108,116,91,20,26,152,33,207,15,67,60,155,72,46,162,73,77,87,198,143,151,74,134,155,262,70,96,43,47,135,29,20,56,33,152,20,9,14,53,142,13,53,31,95,65,37,104,173,106,19,73,93,107,23,92,29,98,53,2,93,56,92,71,15,75,114
"125","2017-09","Paraiba",106,89,41,31,103,67,35,21,48,16,72,234,56,44,77,13,104,257,19,30,81,31,225,69,26,48,88,51,221,4,32,77,108,232,189,69,201,248,30,9,13,37,72,57,54,19,30,12,26,168,237,48,132,24,151,39,110,233,71,41,47,16,14,109,58,53,36,32,84,47,74,143,22,104,49,58,123,61,78,46,4,226,159,62,41,24,152,73,115,66,45,24,43,98,153,99,34,41,61,36
"126","2017-10","Paraiba",88,141,53,114,16,57,131,46,30,125,283,98,47,51,48,107,246,52,26,92,140,142,204,104,10,127,61,61,114,11,108,53,50,156,89,124,52,14,123,198,24,79,96,21,55,133,64,132,73,91,78,39,42,23,58,48,19,54,101,52,53,166,5,47,116,17,41,54,37,33,88,170,274,123,55,82,41,35,178,11,117,426,609,50,42,49,37,67,33,145,119,131,85,25,35,29,25,88,60,105
"127","2017-11","Paraiba",11,18,23,8,48,219,64,250,126,126,204,278,18,5,103,67,54,84,52,238,14,36,342,20,136,72,129,61,8,81,78,116,5,56,273,113,126,58,105,111,299,96,23,65,157,23,80,213,50,203,133,15,89,50,58,107,31,236,283,151,75,84,87,297,156,90,32,106,131,49,40,321,88,255,33,72,20,52,129,19,122,11,220,100,103,139,286,117,199,58,64,44,4,94,48,155,51,39,66,89
"128","2017-12","Paraiba",151,101,59,152,112,416,227,111,449,113,188,58,219,368,116,180,185,154,194,252,68,39,145,106,89,21,329,300,141,79,151,272,173,259,167,97,291,510,236,119,116,51,45,399,224,15,335,137,60,174,239,199,253,321,20,51,134,375,39,33,125,166,205,155,143,282,250,167,8,299,81,31,235,270,195,152,103,328,266,66,44,239,297,292,43,105,7,20,55,63,177,179,193,246,94,128,113,184,80,196
"129","2017-07","Parana",26,147,319,284,132,34,134,92,295,48,181,61,78,141,15,48,474,172,76,100,120,52,13,24,280,30,43,19,417,70,29,73,161,40,205,115,171,51,39,73,79,104,131,112,52,171,107,147,53,45,27,42,92,93,288,15,108,28,216,103,31,270,173,27,120,65,115,47,75,245,147,117,16,418,56,110,119,54,119,25,22,52,217,200,75,104,229,20,54,343,75,49,22,265,32,306,292,111,209,80
"130","2017-08","Parana",33,155,98,335,155,123,181,246,27,34,36,81,46,511,119,116,69,93,109,43,49,54,33,152,131,66,101,168,88,90,59,46,207,24,70,58,54,43,46,10,70,26,18,28,134,221,32,45,34,128,37,52,24,478,75,109,100,68,90,15,38,130,90,81,66,37,107,57,80,533,26,186,134,58,210,69,33,82,168,35,41,23,163,211,76,151,79,38,44,20,124,78,43,46,133,79,60,119,16,49
"131","2017-09","Parana",10,28,5,32,56,90,22,50,39,99,94,38,48,31,26,9,19,30,56,8,59,20,57,47,80,67,97,37,180,12,45,7,19,17,38,38,63,26,21,23,117,49,137,23,30,25,117,36,10,22,74,126,66,33,80,57,48,8,16,34,64,2,27,104,80,22,30,15,45,56,12,7,5,309,90,218,39,246,24,147,37,66,201,321,100,92,107,41,12,85,42,52,51,32,97,10,53,58,57,47
"132","2017-10","Parana",109,36,89,85,66,18,59,75,72,48,135,44,30,240,13,90,42,140,18,8,41,48,100,72,97,25,30,148,186,113,48,13,44,10,27,31,19,96,49,64,28,91,14,32,183,63,92,76,74,266,142,61,16,18,262,34,23,8,92,4,24,128,78,76,80,55,30,80,119,161,31,67,18,140,205,21,153,314,129,48,37,35,39,126,22,140,51,217,104,23,110,15,224,6,52,57,119,37,73,0
"133","2017-11","Parana",149,34,105,134,151,218,45,142,72,39,242,42,159,155,99,223,254,254,40,21,86,71,201,44,624,161,135,156,114,227,49,84,250,103,142,145,282,53,9,217,117,125,360,176,44,147,3,253,200,437,21,192,111,176,17,136,89,90,75,25,11,82,166,345,59,23,14,145,81,112,61,136,40,477,210,35,136,153,152,30,237,57,361,169,186,242,185,32,142,208,66,264,151,33,159,185,373,210,105,98
"134","2017-12","Parana",52,270,186,143,113,198,52,321,161,257,82,47,87,107,52,129,225,135,251,77,192,37,207,15,791,54,287,194,319,61,71,270,195,208,352,67,36,12,95,134,134,325,570,214,154,235,80,258,375,330,131,559,285,116,265,113,29,223,279,96,281,149,144,81,66,328,75,191,91,115,161,474,284,261,96,42,142,550,468,284,216,214,389,221,207,41,265,170,181,557,150,471,425,244,321,350,210,477,366,182
"135","2017-07","Pernambuco",292,327,685,295,130,85,663,314,282,69,232,72,392,335,711,176,1321,216,205,65,482,566,19,1163,51,405,203,367,697,332,267,209,198,81,424,378,485,434,388,105,630,399,449,316,94,369,125,355,240,255,271,93,142,367,104,1007,562,453,98,6,230,275,144,378,856,685,468,545,177,165,26,408,55,115,350,96,107,409,385,250,413,354,664,187,233,195,376,346,72,233,36,252,226,88,89,566,95,235,360,543
"136","2017-08","Pernambuco",51,306,125,191,197,398,344,146,59,239,313,489,91,405,463,138,184,448,317,170,401,757,147,443,343,135,136,332,31,208,675,230,339,173,615,350,120,705,212,1497,426,877,973,103,119,237,250,366,305,1089,592,554,39,177,151,80,292,81,154,332,252,327,533,513,95,278,235,770,381,172,199,488,81,1335,217,243,27,227,616,569,428,184,58,196,325,287,510,277,131,98,56,116,409,291,253,39,63,139,921,108
"137","2017-09","Pernambuco",551,44,257,146,66,50,104,234,60,591,83,226,153,170,735,178,187,195,242,322,383,354,934,347,211,229,209,145,79,267,428,124,253,264,136,217,908,888,220,11,104,76,862,83,189,87,156,129,434,313,304,254,224,738,175,252,373,31,62,119,234,138,299,1211,210,787,72,237,419,175,67,68,533,80,251,532,93,109,219,176,50,307,254,196,335,285,228,653,420,149,392,78,193,1022,173,286,169,520,198,183
"138","2017-10","Pernambuco",666,607,100,121,56,122,172,104,361,500,287,316,341,134,573,170,160,277,309,196,159,59,181,576,114,232,57,192,189,19,929,142,101,151,51,398,34,192,3,40,101,263,292,397,715,133,235,337,55,166,657,86,403,81,167,189,24,100,21,234,433,48,145,110,92,129,378,138,240,501,668,184,347,113,293,129,253,141,159,116,456,169,187,291,705,263,183,73,105,234,657,148,766,233,362,153,64,164,482,107
"139","2017-11","Pernambuco",206,314,285,264,190,80,195,435,152,111,274,106,320,613,259,40,60,360,191,210,514,293,236,130,277,943,217,252,82,134,181,86,359,94,466,155,452,497,177,173,55,499,74,228,146,114,136,140,238,2,313,394,221,478,303,336,115,57,158,237,791,346,21,177,715,151,261,15,202,113,107,89,45,434,137,699,164,256,120,242,99,138,72,242,252,126,74,42,48,146,279,131,24,369,138,970,33,264,78,541
"140","2017-12","Pernambuco",238,123,46,117,239,342,615,256,256,164,513,415,819,556,238,117,41,231,700,160,143,235,451,225,441,251,156,327,171,421,529,221,163,318,101,21,788,144,123,213,164,151,280,102,172,131,534,66,903,282,374,397,148,691,454,529,103,544,173,115,494,295,254,667,103,75,605,377,45,790,301,297,44,244,677,72,89,433,128,104,299,85,310,267,171,114,43,108,200,293,386,72,416,626,226,397,152,202,319,241
"141","2017-07","Piaui",50,260,330,54,122,379,803,783,223,850,187,67,210,328,106,1230,123,187,111,175,708,535,230,46,135,232,505,232,403,448,89,1111,203,227,367,322,1518,414,201,400,699,207,1256,304,523,658,366,413,265,12,206,140,682,364,476,520,453,78,805,144,1192,90,531,94,788,111,189,486,145,896,37,35,180,351,520,659,126,544,16,201,691,111,513,6,178,178,18,45,263,93,306,168,27,78,360,135,184,585,184,35
"142","2017-08","Piaui",680,218,38,42,156,130,285,65,149,206,633,103,123,386,172,79,123,197,66,106,579,145,281,250,1341,49,241,199,301,421,93,166,82,351,165,699,366,97,94,227,305,219,456,606,1061,354,290,408,197,228,168,408,348,342,143,192,141,112,287,661,42,283,765,165,146,108,73,190,259,365,324,169,227,227,87,93,242,95,23,97,317,451,88,112,57,710,315,86,119,242,267,75,175,145,658,435,295,395,155,83
"143","2017-09","Piaui",158,212,89,69,34,297,164,239,292,100,247,385,297,394,204,77,171,141,121,170,506,377,331,67,494,5,98,71,141,574,40,100,253,202,125,203,62,181,118,88,322,53,615,141,37,248,142,95,40,130,50,43,17,125,134,266,286,261,313,79,221,59,142,140,68,25,126,331,71,701,77,42,58,50,283,24,101,217,349,318,235,414,114,86,5,205,67,178,80,397,340,85,29,9,344,52,338,329,74,56
"144","2017-10","Piaui",75,468,52,144,95,395,85,147,132,81,108,233,435,440,46,104,213,319,23,54,68,104,130,304,51,41,115,118,77,481,26,339,148,285,348,279,216,168,60,178,120,29,318,299,418,256,126,165,108,95,68,39,86,70,107,136,43,506,224,159,224,95,114,269,48,290,249,424,211,147,378,71,97,50,389,72,105,99,102,166,158,218,83,230,59,245,130,23,92,51,296,60,60,113,2,170,174,122,83,27
"145","2017-11","Piaui",145,107,226,68,99,367,145,530,134,188,349,230,272,358,94,148,69,247,210,86,400,292,241,125,431,592,30,44,20,435,52,476,399,9,244,135,224,625,79,172,343,232,89,231,346,324,411,430,111,98,135,146,929,140,80,111,391,326,281,693,506,116,221,281,321,86,389,105,397,397,119,120,161,344,67,156,44,203,482,199,130,53,281,31,52,614,173,145,355,218,383,52,348,131,214,317,73,158,14,107
"146","2017-12","Piaui",193,1780,308,167,316,1033,612,642,277,1023,361,381,535,541,116,161,586,407,310,63,1502,121,384,161,221,180,163,396,338,234,233,659,902,178,217,305,437,455,381,196,1146,179,247,613,405,150,251,86,261,244,99,165,179,76,211,204,277,238,58,71,462,278,284,46,312,256,264,272,437,444,431,39,81,188,520,414,166,353,76,273,17,58,365,237,114,1122,399,107,146,134,564,449,127,184,454,461,72,495,113,136
"147","2017-07","Rondonia",7,10,20,20,126,63,21,68,14,139,201,46,11,126,58,43,36,45,37,111,46,14,39,49,9,125,21,61,14,47,80,2,45,51,61,27,9,22,39,10,66,27,104,39,146,50,77,60,68,87,18,47,44,44,74,68,38,13,221,8,62,14,26,12,21,35,49,87,20,109,64,3,79,101,43,11,45,33,16,82,84,25,44,40,131,22,90,141,54,30,35,50,74,48,70,212,7,19,51,88
"148","2017-08","Rondonia",6,24,15,4,173,19,27,67,70,8,49,14,5,108,28,33,22,99,5,4,59,14,5,37,23,61,11,149,47,4,85,12,49,30,28,21,10,24,10,28,6,42,87,105,40,17,95,53,12,25,9,47,35,22,23,94,63,17,22,34,66,34,6,45,6,12,78,16,41,104,1,101,78,17,26,53,3,3,76,64,37,0,20,45,54,17,11,10,10,26,75,84,17,22,27,16,9,2,18,2
"149","2017-09","Rondonia",39,46,18,26,6,23,6,12,1,73,205,18,5,49,58,6,13,19,1,13,7,35,12,89,8,16,40,8,18,14,33,1,47,15,47,24,2,16,1,25,2,22,8,65,73,37,22,66,2,12,16,39,6,14,5,10,29,21,71,8,28,8,18,19,15,6,38,36,25,44,17,28,15,30,8,23,8,39,15,37,22,4,2,5,11,24,26,42,28,10,12,10,67,8,11,40,7,13,40,15
"150","2017-10","Rondonia",5,24,4,32,16,5,26,46,38,28,42,7,29,116,29,12,14,81,82,62,75,41,30,54,19,53,11,41,37,47,23,0,54,19,36,52,19,25,30,47,15,13,31,133,69,70,13,10,33,32,16,13,34,9,19,51,50,139,86,6,27,7,9,14,67,22,141,23,69,24,6,22,45,31,16,46,36,27,1,67,67,9,27,36,40,65,4,16,89,132,34,40,29,2,45,34,20,15,12,29
"151","2017-11","Rondonia",39,20,6,68,91,52,10,34,3,31,41,14,3,62,121,5,67,111,161,51,27,35,35,142,47,49,36,22,7,1,85,38,53,238,5,194,29,48,25,12,30,73,39,85,198,48,28,174,79,43,13,125,24,24,56,10,82,188,86,20,25,23,27,17,27,95,174,31,129,5,27,8,32,77,35,65,171,17,41,209,167,18,37,34,64,40,58,41,26,99,62,37,113,35,47,102,89,32,30,74
"152","2017-12","Rondonia",50,154,66,63,80,49,107,79,42,51,13,74,73,117,24,190,127,6,52,170,101,119,39,100,23,69,98,25,175,41,82,41,77,57,124,96,100,60,240,19,48,131,98,159,422,18,154,42,41,24,221,131,86,13,83,19,71,152,33,15,40,54,60,115,19,77,31,42,39,267,80,86,35,53,142,113,96,48,19,250,221,16,131,204,57,71,72,77,15,43,28,83,247,39,106,63,63,57,41,107
"153","2017-07","Roraima",24,47,13,4,3,49,29,1,4,17,26,15,28,4,13,24,23,34,34,6,9,26,25,203,24,25,33,75,9,58,21,57,5,4,3,40,17,59,78,13,7,7,23,63,22,19,32,2,35,24,12,1,32,7,8,31,9,8,21,4,8,11,30,32,32,9,7,26,24,64,86,2,25,12,7,27,13,26,22,86,20,25,8,5,5,14,5,48,1,4,32,7,10,38,14,5,14,24,45,17
"154","2017-08","Roraima",20,29,31,6,176,83,6,4,28,28,52,16,19,11,8,12,14,37,4,11,6,32,16,23,7,33,13,14,0,14,5,21,10,29,5,8,7,13,23,19,15,6,10,3,4,2,17,61,37,12,11,11,4,15,14,28,18,7,19,2,10,29,7,37,48,21,49,8,28,18,31,3,23,22,4,56,28,13,16,14,54,42,44,36,18,6,23,86,22,19,8,16,5,28,9,8,24,53,37,3
"155","2017-09","Roraima",34,10,70,35,14,15,9,10,6,20,21,19,5,13,11,14,3,5,2,16,13,23,3,7,16,7,30,17,25,12,20,22,3,7,2,20,3,49,16,22,10,5,9,23,14,34,21,5,33,3,26,5,21,8,4,46,12,4,5,29,8,14,14,17,43,15,2,4,7,24,8,29,10,13,29,6,5,4,45,18,2,1,14,11,5,8,18,35,12,15,8,12,5,24,11,13,3,13,19,8
"156","2017-10","Roraima",2,10,47,6,22,18,20,15,8,5,14,4,8,13,17,10,8,4,14,17,5,28,2,16,1,55,8,12,17,19,35,11,35,24,12,31,0,10,2,1,22,18,2,72,10,20,50,27,7,7,20,32,3,13,5,12,11,27,2,7,4,2,20,5,6,4,31,30,12,85,18,30,7,4,90,23,6,12,22,19,18,39,6,7,12,33,3,50,8,26,26,8,1,23,4,14,4,14,15,4
"157","2017-11","Roraima",57,21,24,43,82,34,6,6,12,64,94,36,42,25,59,19,48,23,9,9,9,7,50,19,23,19,45,63,16,37,7,7,2,4,61,14,19,41,61,5,23,7,31,11,30,7,62,23,20,32,13,6,1,22,27,32,44,39,12,7,9,40,9,53,3,8,13,36,44,36,13,10,39,50,31,81,14,54,8,45,14,14,5,11,31,15,78,53,0,40,18,60,37,69,37,15,54,5,43,13
"158","2017-12","Roraima",51,36,20,5,84,61,15,38,20,35,71,12,82,22,12,54,48,24,40,18,28,74,97,71,71,15,44,52,33,67,31,58,18,29,23,11,23,145,60,1,10,28,44,60,68,24,3,77,122,9,13,19,28,39,17,40,20,24,37,16,9,15,9,13,28,13,40,92,22,18,17,14,59,29,22,66,16,26,34,12,21,37,28,24,7,30,30,32,16,2,12,62,31,30,54,13,60,81,7,46
"159","2017-07","SantaCatarina",9,19,6,6,6,38,4,9,46,25,11,4,7,33,19,8,8,19,31,19,31,26,5,8,19,31,8,14,14,18,2,13,1,7,21,11,40,12,13,4,11,44,45,32,23,1,7,39,4,20,17,7,15,20,32,33,13,1,44,14,12,4,2,12,21,3,7,21,23,25,59,3,17,14,6,25,4,11,8,3,66,14,25,21,52,19,11,2,27,3,47,13,17,13,7,12,0,38,1,3
"160","2017-08","SantaCatarina",5,14,13,7,8,23,9,28,12,23,1,22,12,19,4,13,22,39,5,9,4,12,2,10,59,13,4,6,15,13,7,21,7,16,2,11,33,24,24,16,4,11,76,26,6,22,19,1,7,31,44,7,12,9,8,3,33,37,14,0,15,2,10,19,49,8,6,36,12,12,2,4,1,11,11,11,8,18,14,19,14,7,44,10,16,25,11,34,9,13,4,19,3,17,5,6,3,5,12,21
"161","2017-09","SantaCatarina",7,3,0,0,4,7,4,19,2,29,17,12,24,1,6,2,9,5,14,1,2,6,14,7,18,21,0,5,7,1,16,2,2,12,1,1,19,0,12,4,4,13,14,5,15,2,5,7,4,18,3,3,1,26,11,6,7,2,2,3,29,31,19,14,17,4,2,9,14,17,10,3,30,14,6,10,14,28,5,0,16,9,10,10,40,14,13,17,4,29,45,5,2,2,6,12,3,28,3,27
"162","2017-10","SantaCatarina",0,9,5,4,30,6,7,16,10,29,2,3,23,3,0,7,10,23,2,11,15,19,12,1,9,9,19,13,5,7,10,0,2,11,14,13,19,4,3,37,6,11,30,9,14,3,4,24,13,26,4,13,31,0,11,27,22,22,7,6,2,25,5,21,1,6,38,1,7,76,21,2,10,32,8,2,4,0,11,4,23,4,16,9,37,24,25,16,13,13,18,10,22,13,9,20,7,7,8,32
"163","2017-11","SantaCatarina",7,14,4,6,18,18,11,34,21,25,29,24,21,3,23,17,1,2,8,6,24,32,21,10,19,34,5,36,16,15,6,19,8,6,4,8,56,3,33,12,6,29,28,28,17,22,32,5,11,11,28,7,6,23,19,1,11,8,35,16,17,10,9,17,22,40,12,27,23,14,7,1,4,16,4,15,14,18,48,11,52,12,54,23,9,12,14,23,17,11,22,11,2,2,13,21,6,5,45,26
"164","2017-12","SantaCatarina",13,55,13,9,4,20,9,5,9,12,5,10,26,4,5,5,16,8,14,9,0,28,13,15,30,12,6,3,18,10,6,38,30,26,14,45,2,15,23,30,22,14,58,6,52,61,46,8,0,9,13,11,5,12,1,6,34,50,35,6,10,6,39,15,20,10,16,11,19,6,29,27,8,15,20,27,5,29,14,1,9,26,34,2,24,2,16,9,54,32,51,2,26,18,5,8,1,28,11,7
"165","2017-07","SaoPaulo",232,197,328,388,163,149,13,165,755,723,277,52,655,438,576,390,512,563,288,535,221,16,30,190,560,33,198,405,181,186,170,344,391,237,168,169,150,61,192,358,381,354,56,452,274,7,51,198,139,146,1230,108,674,267,158,460,252,78,293,240,165,197,241,349,317,143,108,48,142,245,239,156,33,6,76,796,1227,129,179,267,149,252,248,181,400,75,163,214,483,342,203,150,172,607,488,283,335,190,300,228
"166","2017-08","SaoPaulo",273,310,65,327,163,229,258,74,151,80,61,144,96,60,322,32,388,240,22,98,160,286,129,315,325,116,75,176,235,98,156,173,26,164,144,105,453,174,653,54,362,103,380,62,138,71,361,173,79,109,24,311,331,251,142,152,240,32,45,296,13,247,72,160,152,13,224,199,101,179,29,33,82,40,46,290,91,208,261,125,259,80,164,42,46,280,35,199,147,127,261,93,21,246,14,208,608,115,22,198
"167","2017-09","SaoPaulo",126,144,17,93,30,36,108,6,76,105,118,178,124,233,323,133,95,93,75,185,73,55,283,131,73,29,102,238,66,343,19,232,109,259,133,101,208,77,119,43,70,175,113,28,32,100,84,97,71,92,54,25,120,92,175,111,662,99,247,109,120,101,147,15,127,173,824,331,73,123,44,17,17,169,79,371,90,72,59,49,21,52,35,32,32,199,247,142,236,23,22,183,206,232,47,61,75,198,41,94
"168","2017-10","SaoPaulo",24,345,71,129,73,145,94,13,189,33,376,228,276,330,110,214,190,753,39,26,218,367,196,261,120,1406,193,513,316,74,135,319,234,61,84,243,274,63,230,128,116,94,93,22,416,118,238,94,92,3,126,174,113,16,208,91,521,141,143,372,78,294,162,325,374,83,173,91,77,97,50,65,355,34,32,85,251,45,116,208,612,162,156,47,8,153,99,79,181,102,22,168,181,149,115,167,281,189,38,66
"169","2017-11","SaoPaulo",15,893,283,95,393,184,28,170,426,109,157,99,250,486,80,512,218,160,141,111,177,574,367,738,339,450,178,107,593,441,150,474,286,331,34,60,213,1097,587,147,377,282,501,337,381,25,174,241,130,35,684,193,405,437,877,44,155,119,370,342,84,243,238,249,153,97,57,357,189,215,242,174,120,82,142,41,370,235,177,274,128,262,675,59,47,219,469,630,613,17,40,157,91,443,206,73,305,58,36,258
"170","2017-12","SaoPaulo",39,676,256,477,119,152,657,200,598,149,612,304,735,249,204,130,96,113,732,124,131,467,67,41,75,1130,64,542,676,307,408,147,235,131,673,383,205,297,920,557,839,289,525,1070,230,52,347,605,128,366,200,242,116,375,528,636,817,271,264,680,478,767,538,277,383,597,533,590,262,396,144,440,568,87,223,274,1091,267,258,310,471,149,400,325,279,144,628,295,212,182,289,212,104,550,84,458,1711,416,459,447
"171","2017-07","Sergipe",12,20,6,93,5,27,37,27,36,40,14,14,8,26,32,16,7,14,17,10,55,3,61,32,47,16,29,31,2,22,16,47,32,7,39,21,17,13,15,31,54,25,39,7,15,43,10,20,49,8,19,14,8,15,34,12,16,29,60,39,10,52,114,161,2,18,0,31,27,51,18,44,3,54,10,4,66,69,17,35,21,13,16,37,21,30,8,27,23,49,20,59,4,18,15,30,1,6,10,2
"172","2017-08","Sergipe",12,26,1,9,23,10,34,39,22,19,74,23,27,17,8,18,6,5,12,20,1,29,10,21,9,34,14,12,27,69,6,6,16,55,39,24,2,56,95,57,2,2,52,1,7,57,9,47,43,31,17,4,34,22,4,19,22,13,9,43,6,34,89,49,7,65,28,60,119,18,3,16,86,18,42,2,42,11,21,10,19,1,15,4,42,23,99,4,33,12,34,23,27,30,15,68,22,14,12,3
"173","2017-09","Sergipe",15,26,29,25,1,5,36,10,62,38,11,59,39,13,28,13,7,58,5,16,5,4,14,8,15,4,47,30,48,0,8,11,23,40,19,22,6,17,24,7,9,6,32,8,24,58,3,108,17,7,20,32,11,38,9,11,7,59,32,41,44,32,16,80,9,20,10,37,2,3,5,21,21,22,50,10,30,34,5,8,14,7,22,5,34,15,6,47,3,21,30,4,35,19,16,20,13,10,39,16
"174","2017-10","Sergipe",8,67,5,43,7,3,15,25,19,73,17,24,26,31,41,14,10,31,16,15,6,23,64,3,93,22,25,14,18,25,14,6,3,87,6,26,7,50,12,9,65,57,44,6,15,35,47,8,79,16,8,3,15,14,18,26,14,32,120,26,25,32,21,167,26,43,4,95,50,2,6,1,5,143,4,5,23,23,51,6,40,58,48,21,35,35,15,22,22,34,13,21,2,35,73,23,7,10,14,13
"175","2017-11","Sergipe",4,22,28,48,8,5,72,20,7,61,51,12,79,46,1,25,0,21,10,27,13,54,45,15,18,27,41,44,13,26,62,10,43,14,24,3,22,5,39,53,6,27,7,1,27,54,25,24,11,31,7,7,70,14,37,18,49,12,78,18,28,4,33,33,21,15,28,22,54,10,21,4,7,21,27,79,4,62,20,38,22,24,20,43,71,21,1,10,56,11,45,29,127,4,69,1,36,3,16,15
"176","2017-12","Sergipe",86,27,44,44,4,13,48,17,22,141,122,43,34,57,9,60,10,34,11,18,41,16,68,35,45,100,4,89,18,41,14,6,26,32,26,14,28,44,30,12,57,15,39,40,11,44,8,14,20,2,43,49,10,40,7,38,68,22,176,11,42,149,35,22,31,31,9,17,103,11,26,13,21,46,34,25,58,5,17,11,25,33,9,27,8,23,24,53,16,28,40,54,18,42,102,106,24,28,39,7
"177","2017-07","Tocantins",174,251,223,226,366,368,105,477,143,65,250,607,408,351,334,113,308,183,289,240,219,144,245,129,227,242,506,787,342,183,296,185,241,198,471,106,84,249,40,146,506,443,347,161,302,902,241,190,239,401,411,208,49,451,68,357,391,43,41,304,306,825,472,200,244,553,475,132,169,16,363,373,61,592,179,57,95,80,119,419,136,473,334,295,736,359,92,142,272,232,248,242,148,50,94,89,18,481,91,288
"178","2017-08","Tocantins",374,104,131,430,159,101,303,343,123,595,38,160,94,95,181,181,141,87,187,249,74,52,299,325,188,195,207,76,243,108,128,131,26,240,130,83,108,12,50,299,467,529,37,257,47,105,400,53,79,145,146,304,52,141,49,32,164,119,67,275,238,104,686,449,302,129,134,394,486,278,84,298,64,35,53,92,91,36,43,35,139,290,109,123,161,619,20,78,67,208,245,34,436,117,130,253,106,301,144,77
"179","2017-09","Tocantins",212,27,477,199,33,50,258,44,188,266,317,149,97,127,96,30,111,112,153,184,54,121,49,58,474,500,74,176,520,139,89,162,123,252,35,11,69,30,4,12,108,119,17,65,415,128,61,340,239,657,506,202,66,187,175,17,54,79,7,35,163,21,36,399,354,108,21,141,426,126,255,88,121,111,89,96,55,146,52,59,15,227,707,119,114,172,55,194,307,408,336,36,349,70,73,329,262,47,153,159
"180","2017-10","Tocantins",243,148,184,238,220,78,175,41,156,203,172,200,332,178,60,104,138,13,105,132,43,15,504,62,17,255,185,370,362,39,47,134,19,810,246,72,113,177,31,135,235,128,121,255,197,199,105,265,381,90,461,414,122,132,133,59,109,71,37,42,460,308,163,317,74,371,69,295,590,58,195,15,107,99,147,227,138,296,79,187,21,149,331,52,34,103,80,105,226,276,142,154,297,198,151,96,41,117,64,126
"181","2017-11","Tocantins",85,56,269,35,291,210,133,401,214,503,173,423,120,64,28,216,404,339,72,289,136,338,7,363,177,371,363,128,35,108,1110,143,376,434,266,25,53,389,244,25,190,140,368,85,365,357,652,43,76,456,214,196,249,101,27,190,132,41,130,457,215,840,63,330,374,45,41,187,434,223,260,52,125,209,172,670,204,189,384,313,211,273,32,237,485,250,104,106,151,1272,200,94,334,170,268,504,310,530,140,226
"182","2017-12","Tocantins",176,332,152,43,93,35,118,325,335,160,179,1469,103,276,369,94,229,26,189,254,23,359,86,207,17,172,114,696,593,75,579,188,278,45,869,116,62,188,197,167,168,152,377,83,365,162,294,331,95,126,264,630,258,330,142,138,278,291,60,193,518,131,356,123,228,314,239,217,469,111,458,484,146,131,641,214,830,283,70,144,639,145,138,152,81,75,335,56,558,312,188,332,267,45,386,471,154,89,58,88
