time_period,rainfall,mean_temperature,disease_cases
2003-01-01,0.0,20.400000000000002,87.99999999999999
2003-01-08,0.0,18.96,83.19999999999999
2003-01-15,0.0,17.664,84.87999999999998
2003-01-22,0.0,17.397600000000004,87.89199999999997
2003-01-29,0.0,17.157840000000004,92.10279999999995
2003-02-05,0.0,16.223874181818186,100.98342909090901
2003-02-12,0.0,16.28330494545455,109.56690436363627
2003-02-19,7.818181818181816,16.336792632727274,119.44657756363625
2003-02-26,7.818181818181816,17.28493155127273,124.58555617090896
2003-03-05,7.818181818181816,17.420074759781823,129.04881873563622
2003-03-12,18.181818181818183,16.641703647440004,139.47666413479985
2003-03-19,18.181818181818183,15.941169646332368,153.40717953950164
2003-03-26,18.181818181818183,15.310689045335494,170.4900979491878
2003-04-02,18.181818181818183,16.72507468625649,180.50108815426898
2003-04-09,18.181818181818183,17.098021763085388,188.64734297520567
2003-04-16,18.181818181818183,16.533674132231397,199.61533595041232
2003-04-23,6.545454545454545,17.825761264462802,201.79562053718922
2003-04-30,6.545454545454545,17.188639683471067,207.1615130289248
2003-05-07,48.0,17.69704844239669,218.27627081694135
2003-05-14,48.0,17.254616325429748,231.6031891897926
2003-05-21,8.0,16.856427420159502,238.92105208899508
2003-05-28,8.0,16.49805740541628,248.03076506191368
2003-06-04,31.818181818181817,17.257342573965563,258.10768855572223
2003-06-11,31.818181818181817,18.840699225659918,260.267828791059
2003-06-18,39.090909090909086,20.26572021218484,256.7574095483166
2003-06-25,9.09090909090909,19.748239100057265,249.8343958662121
2003-07-02,9.09090909090909,19.28250609914245,245.24004718868167
2003-07-09,9.09090909090909,18.863346398319113,242.74149701526792
2003-07-16,23.636363636363637,20.286102667578113,236.0382564046501
2003-07-23,23.636363636363637,19.766583309911212,231.93261258236677
2003-07-30,23.636363636363637,21.099015888011003,221.16480586958448
2003-08-06,17.454545454545453,20.31638702648263,213.07377982808043
2003-08-13,44.36363636363637,21.412021051107093,204.88640184527225
2003-08-20,44.36363636363637,21.498091673269112,196.26867075165396
2003-08-27,44.36363636363637,21.575555233214928,187.26362185830658
2003-09-03,44.36363636363637,21.463454255347983,178.81907785429394
2003-09-10,24.0,20.46256337526773,171.30626097795528
2003-09-17,40.90909090909091,20.461761583195504,167.17927124379594
2003-09-24,40.90909090909091,19.5610399703305,167.55588957396162
2003-10-01,40.90909090909091,18.568572336933816,172.89484607111072
2003-10-08,40.90909090909091,17.675351466876798,182.6999069185449
2003-10-15,40.90909090909091,18.671452683825482,187.5244616812357
2003-10-22,22.181818181818183,17.7679437790793,193.12110642220284
2003-10-29,33.81818181818182,17.854785764807733,200.61081396180055
2003-11-05,33.81818181818182,16.85112537014514,213.1188234747112
2003-11-12,33.81818181818182,16.84783101494881,225.6433047636035
2003-11-19,3.2727272727272716,15.944866095272111,236.5735197417884
2003-11-26,3.2727272727272716,16.93219766756308,242.56707685851845
2003-12-03,0.0,16.738977900806773,248.8721873544846
2003-12-10,0.0,15.665080110726096,260.54678680085414
2003-12-17,0.0,16.498572099653487,268.0539263025867
2003-12-24,0.0,16.34871488968814,276.310351854146
2003-12-31,0.0,17.113843400719325,280.7411348505494
2004-01-07,0.0,16.902459060647395,286.2288395473124
2004-01-14,0.0,16.712213154582656,292.66777377439917
2004-01-21,0.0,16.54099183912439,299.9628145787772
2004-01-28,0.0,17.28689265521195,303.52835130271745
2004-02-04,0.0,18.14002157150894,302.82824344517275
2004-02-11,13.090909090909086,18.00783759617623,305.40723728247343
2004-02-18,13.090909090909086,18.788872018376793,304.08105900877126
2004-02-25,13.090909090909086,18.5918029983573,303.7402258351666
2004-03-03,13.090909090909086,18.596259062157934,303.37711234255875
2004-03-10,13.090909090909086,18.600269519578504,302.99394656284807
2004-03-17,33.45454545454545,18.603878931257018,306.66546099747205
2004-03-24,33.45454545454545,19.50712740176768,305.8207330795427
2004-03-31,33.45454545454545,20.320051025227276,300.9113870443154
2004-04-07,33.45454545454545,21.233500468159097,291.434793794429
2004-04-14,33.45454545454545,20.255604966797733,286.8476780513495
2004-04-21,33.45454545454545,21.17549901557251,277.66109206439603
2004-04-28,33.45454545454545,22.003403659469804,264.3349828579561
2004-05-05,33.45454545454545,21.13033602079555,255.37421184488744
2004-05-12,24.727272727272727,21.244575145988723,244.09679066039837
2004-05-19,17.454545454545453,21.347390358662576,230.85074795799457
2004-05-26,17.454545454545453,20.539924050069047,221.64203679855842
2004-06-02,17.454545454545453,21.795022554153054,206.15783311870226
2004-06-09,17.454545454545453,21.124611207828657,194.02568617046808
2004-06-16,17.454545454545453,21.421240996136703,180.41039028069366
2004-06-23,50.90909090909091,21.688207805613942,172.15116943444212
2004-06-30,50.90909090909091,21.02847793414346,167.190597945543
2004-07-07,29.09090909090909,20.434721049820023,160.8351745146247
2004-07-14,74.54545454545455,21.70033985392893,157.24256615407094
2004-07-21,67.27272727272727,21.93939677762695,151.00012772048166
2004-07-28,9.09090909090909,21.254548008955165,136.54556949388765
2004-08-04,49.45454545454545,22.256365935332376,125.15464890813487
2004-08-11,49.45454545454545,21.358002069071865,118.25554765368463
2004-08-18,39.27272727272727,21.449474589437408,108.86272016104304
2004-08-25,37.81818181818182,22.431799857766393,94.26735723584744
2004-09-01,4.909090909090908,22.2340744174443,74.07880333044412
2004-09-08,4.909090909090908,22.056121521154417,54.78001390649021
2004-09-15,40.90909090909091,20.995963914493522,47.98201251584078
2004-09-22,1.0909090909090908,20.941822068498716,33.49108399152902
2004-09-29,1.0909090909090908,19.993094407103392,23.743793774193875
2004-10-06,1.0909090909090908,19.857421330029418,14.674868942228606
2004-10-13,1.0909090909090908,20.63531556066284,1.7164729570962294
2004-10-20,1.0909090909090908,20.43542036823292,0
2004-10-27,1.0909090909090908,19.35551469504599,0
2004-11-03,1.0909090909090908,18.201781407359576,0
2004-11-10,1.0909090909090908,17.163421448441802,4.401074575972807
2004-11-17,2.363636363636363,16.228897485415803,13.729314421621062
2004-11-24,1.6363636363636358,15.387825918692405,27.117457555431763
2004-12-01,0.0,16.249043326823166,35.872240921315935
2004-12-08,0.0,17.02413899414085,40.75154595061169
2004-12-15,0.0,16.821725094726766,46.642920476977864
2004-12-22,0.0,17.53955258525409,48.94515755070742
2004-12-29,0.0,16.38559732672868,57.01717091706403
2005-01-05,0.0,15.347037594055811,70.28198294678498
2005-01-12,0.0,15.31233383465023,83.72031377353383
2005-01-19,0.0,16.18110045118521,92.81481151760778
2005-01-26,0.0,16.962990406066687,97.99985948727434
2005-02-02,13.27272727272727,16.0485095472782,110.41185720542879
2005-02-09,13.818181818181815,17.025476774368563,118.04810969722233
2005-02-16,13.818181818181815,16.10474727874989,130.28800966710924
2005-02-23,17.999999999999996,17.076090732693086,138.5075560036438
2005-03-02,17.999999999999996,18.13211802306014,141.4469658883431
2005-03-09,17.999999999999996,17.28254258439049,148.63425296639065
2005-03-16,17.999999999999996,17.417924689587807,155.1446295184516
2005-03-23,17.999999999999996,16.63976858426539,165.54578659712465
2005-03-30,17.999999999999996,17.739428089475215,170.44864614974858
2005-04-06,17.454545454545453,18.01093982598224,173.88485611074645
2005-04-13,4.363636363636363,17.355300388838565,177.9810814392809
2005-04-20,22.909090909090907,18.565224895409255,179.7367751440528
2005-04-27,22.909090909090907,19.654156951322875,176.04780856925663
2005-05-04,22.909090909090907,19.916013983463316,171.04955683375823
2005-05-11,72.72727272727273,19.25168531238971,179.33658481726422
2005-05-18,34.18181818181818,20.453789508423466,173.90400091151054
2005-05-25,34.18181818181818,20.635683284853847,167.56194812360494
2005-06-01,69.0909090909091,20.981205865459373,166.47410061448988
2005-06-08,49.090909090909086,21.292176188004348,159.83140149264997
2005-06-15,63.63636363636363,21.572049478294822,154.6984268284486
2005-06-22,63.63636363636363,21.82393543955625,148.30602235794007
2005-06-29,63.63636363636363,22.05063280469154,140.7801310617551
2005-07-06,63.63636363636363,22.254660433313294,132.23410162246137
2005-07-13,55.45454545454545,21.538285299072875,125.63358421800608
2005-07-20,2.727272727272727,22.693547678256497,102.71130037217813
2005-07-27,2.727272727272727,21.93328381952176,83.59033582002388
2005-08-03,2.727272727272727,22.86722816484231,59.79964954126688
2005-08-10,2.727272727272727,23.707778075630806,31.806213708567398
2005-08-17,2.727272727272727,22.664272995340454,9.030303277319675
2005-08-24,72.0,21.725118423079135,4.804711161924002
2005-08-31,72.0,20.879879308043947,4.8053146217042695
2005-09-07,72.0,19.9373459226941,9.518585008233773
2005-09-14,72.0,20.889065875879236,9.473255628837592
2005-09-21,72.0,21.74561383374586,5.14518646010829
2005-09-28,5.454545454545454,22.51650699582582,0
2005-10-05,10.545454545454545,21.228492659879603,0
2005-10-12,14.545454545454547,21.869279757528005,0
2005-10-19,14.545454545454547,20.645988145411568,0
2005-10-26,34.54545454545455,19.545025694506776,0
2005-11-02,11.27272727272727,18.372341306874283,0.39283892017403943
2005-11-09,0.18181818181818177,18.21692535800504,0
2005-11-16,0.18181818181818177,17.17705100402272,4.151108616250042
2005-11-23,0.18181818181818177,17.14116408543863,8.481651825420535
2005-11-30,13.999999999999996,16.208865858712947,20.2373225318558
2005-12-07,13.999999999999996,16.987979272841653,28.097426167647537
2005-12-14,0.0,17.689181345557486,29.651519439860106
2005-12-21,0.0,17.42026321100174,32.550203384851415
2005-12-28,0.0,16.278236889901564,41.159018935343596
2006-01-04,0.0,15.250413200911408,54.90695293078655
2006-01-11,0.0,14.325371880820267,73.28009352668522
2006-01-18,0.0,15.292834692738241,86.81592006299402
2006-01-25,0.0,15.263551223464416,100.49816394567193
2006-02-01,0.0,15.419014282936157,113.40309253099115
2006-02-08,0.0,15.558931036460724,125.60843734868753
2006-02-15,0.0,14.784856114632833,141.68415677552338
2006-02-22,0.0,14.988188684987731,156.7432133505847
2006-03-01,0.0,15.353006180125321,169.9781824499581
2006-03-08,0.0,14.781341925749153,186.07147282121232
2006-03-15,0.0,16.066844096810602,195.7372523371593
2006-03-22,0.0,17.223796050765905,199.61827208332977
2006-03-29,0.0,17.36505280932568,202.79300803670137
2006-04-05,0.0,18.57400207384766,199.92299766746308
2006-04-12,0.0,19.66205641191744,191.61271560787588
2006-04-19,20.727272727272727,18.841305316180243,191.5516435724292
2006-04-26,29.454545454545453,18.102629330016764,196.9294060132545
2006-05-03,29.454545454545453,18.519639124287814,200.2221194827245
2006-05-10,29.454545454545453,17.99494793913176,206.13828887797482
2006-05-17,56.0,17.52272587249131,219.72465951551825
2006-05-24,56.0,17.997726012514907,230.93602945294373
2006-05-31,32.72727272727273,17.525226138536144,239.85535330571756
2006-06-07,32.72727272727273,17.281794433773438,249.99183568230492
2006-06-14,32.72727272727273,18.862705899487004,252.22376073032444
2006-06-21,78.18181818181817,19.385526218629213,260.93249327354204
2006-06-28,44.54545454545455,20.756064505857204,256.06126165334695
2006-07-05,69.0909090909091,20.189548964362395,258.9316986497168
2006-07-12,69.0909090909091,19.679684977017065,264.3514555828133
2006-07-19,69.0909090909091,21.02080738840627,263.0656004589638
2006-07-26,69.0909090909091,22.227817558656554,255.74469448386284
2006-08-02,69.0909090909091,23.132308530063625,243.90133365172653
2006-08-09,69.0909090909091,23.94635040432999,227.9877634482584
2006-08-16,60.36363636363637,22.87898809116972,215.66555026513706
2006-08-23,60.36363636363637,23.718362009325475,199.14646749123696
2006-08-30,66.9090909090909,24.473798535665654,180.15929299472688
2006-09-06,10.909090909090908,24.071873227553635,151.9817450387769
2006-09-13,21.27272727272727,24.610140450252818,123.18558824205826
2006-09-20,9.818181818181817,25.094580950682083,89.67631985228421
2006-09-27,9.818181818181817,24.63057740106842,58.48706921057846
2006-10-04,9.818181818181817,24.931156024597943,25.79492545122511
2006-10-11,24.0,23.401676785774512,3.586541522352551
2006-10-18,24.0,23.825145470833426,0
2006-10-25,24.0,24.20626728738645,0
2006-11-01,7.454545454545452,23.46745874046599,0
2006-11-08,7.454545454545452,21.902531048237574,0
2006-11-15,7.454545454545452,20.494096125232,0
2006-11-22,7.454545454545452,20.126504694526986,0
2006-11-29,7.454545454545452,18.895672406892473,0
2006-12-06,0.0,18.506105166203227,0
2006-12-13,0.0,18.155494649582906,0
2006-12-20,0.0,16.939945184624616,5.300274076876921
2006-12-27,0.0,16.745950666162155,11.570520746066144
2007-01-03,0.0,16.57135559954594,18.71374274833645
2007-01-10,0.0,16.414220039591346,26.642642550379723
2007-01-17,0.0,15.372798035632211,39.778652372218666
2007-01-24,0.0,15.33551823206899,53.10106121187371
2007-01-31,0.0,16.20196640886209,62.091229167563256
2007-02-07,17.090909090909086,15.363587949794065,78.69147123677475
2007-02-14,5.999999999999998,16.40904733663284,87.84623455361054
2007-02-21,0.5454545454545453,15.54996078478774,100.20552153876275
2007-02-28,15.636363636363631,14.776782888127148,119.44887982539974
2007-03-07,15.636363636363631,16.062740962950798,132.26244773791848
2007-03-14,15.636363636363631,17.220103230292082,139.2892043137308
2007-03-21,24.363636363636363,16.461729270899237,151.8532852319619
2007-03-28,9.090909090909092,15.779192707445677,164.77550351291535
2007-04-04,9.090909090909092,16.246727982155655,175.3600454203189
2007-04-11,9.090909090909092,16.667509729394634,183.84067859152753
2007-04-18,12.0,17.94621330190972,186.50961208197893
2007-04-25,29.454545454545453,17.297046517173293,195.91528858702156
2007-05-02,2.1818181818181817,18.69461459272869,192.87857925974174
2007-05-09,62.54545454545455,19.95242586072855,195.6255408651899
2007-05-16,62.54545454545455,19.284456001928422,201.7123517646387
2007-05-23,62.54545454545455,20.483283129008306,201.80502702868807
2007-05-30,62.54545454545455,19.762227543380202,205.50298022087796
2007-06-06,30.0,20.19509569813309,200.5275017302125
2007-06-13,56.36363636363636,19.684677037410694,203.3768438158863
2007-06-20,56.36363636363636,19.225300242760536,208.5230698748109
2007-06-27,56.36363636363636,18.811861127575394,215.7364915096612
2007-07-04,56.36363636363636,19.339765923908764,220.31038916284464
2007-07-11,30.909090909090907,19.814880240608797,217.41780614161883
2007-07-18,30.909090909090907,20.242483125638827,212.38720869524286
2007-07-25,30.909090909090907,19.727325722165855,209.93239826623176
2007-08-01,30.909090909090907,20.881865877221998,201.70488706193996
2007-08-08,30.909090909090907,21.020952016772526,192.7819451598955
2007-08-15,63.27272727272727,20.246129542368,194.20584290260098
2007-08-22,16.0,20.448789315403925,185.16189632558135
2007-08-29,16.0,19.73118311113626,179.70598076990004
2007-09-05,16.0,19.80351934547718,173.88838404251413
2007-09-12,16.0,18.96862195638401,172.2452742605941
2007-09-19,14.727272727272727,19.117214306200154,169.60465727504788
2007-09-26,14.727272727272727,19.250947421034684,166.29537471532902
2007-10-03,14.727272727272727,19.18948904256758,163.29338404794566
2007-10-10,18.545454545454547,18.234176501947186,165.83159244730064
2007-10-17,13.454545454545455,18.274395215388832,167.15052546126557
2007-10-24,18.90909090909091,19.210592057486313,164.87938335565218
2007-10-31,18.545454545454547,20.053169215374044,158.32262818787288
2007-11-07,18.181818181818176,19.729670475654824,153.31063944596238
2007-11-14,15.090909090909086,20.338521609907527,144.63621321460656
2007-11-21,15.090909090909086,19.086487630734958,142.22195687911358
2007-11-28,15.090909090909086,18.859657049479647,140.94185344989717
2007-12-05,15.090909090909086,19.373691344531682,137.09157854542056
2007-12-12,15.090909090909086,18.936322210078515,135.42814931320981
2007-12-19,15.090909090909086,17.642689989070664,140.2328811860383
2007-12-26,0.0,16.4784209901636,147.8407762352203
2008-01-02,0.0,15.43057889114724,160.6878817794841
2008-01-09,0.0,16.28752100203252,169.2502767693215
2008-01-16,0.0,15.258768901829269,182.95643226017515
2008-01-23,0.0,15.232892011646342,196.79197220194345
2008-01-30,0.0,14.309602810481708,215.2439581495349
2008-02-06,0.0,13.66046071125172,236.9416545932763
2008-02-13,0.0,13.07623282194473,261.56049048355266
2008-02-20,0.0,12.55042772156844,288.80835187571046
2008-02-27,0.0,13.877203131229777,309.42233621956154
2008-03-05,3.272727272727273,14.353119181743162,328.3112857653912
2008-03-12,29.454545454545457,15.68144362720521,345.79497672027424
2008-03-19,29.454545454545457,15.076935628121053,366.30120767057804
2008-03-26,29.454545454545457,14.532878428945311,389.52772461676057
2008-04-02,29.454545454545457,15.125045131505326,409.79340805014306
2008-04-09,51.81818181818181,14.757995163809339,436.3670685947327
2008-04-16,32.18181818181818,14.42765019288295,460.6651812666816
2008-04-23,20.727272727272727,15.0303397190492,479.65893721689014
2008-04-30,22.363636363636363,14.672760292598825,500.7678630266233
2008-05-07,22.363636363636363,15.432756990611672,518.0768053462922
2008-05-14,10.181818181818182,15.216754018823234,534.0293988885396
2008-05-21,71.27272727272728,16.82235134421364,554.1721876220168
2008-05-28,71.27272727272728,18.267388937065004,567.0897883912373
2008-06-04,71.27272727272728,19.749740952449415,572.5956290835358
2008-06-11,71.27272727272728,21.083857766295385,571.4308857066043
2008-06-18,41.81818181818182,20.484562898756757,567.3717075764569
2008-06-25,79.0909090909091,19.94519751797199,573.4639018047787
2008-07-02,12.727272727272727,21.259768675265704,559.7105129739048
2008-07-09,88.18181818181817,21.542882716830043,559.6324630261182
2008-07-16,16.363636363636363,20.89768535423795,548.4167635276557
2008-07-23,16.363636363636363,20.317007727905064,540.1044521608576
2008-07-30,24.545454545454543,20.69439786420547,531.5415537489212
2008-08-06,24.545454545454543,20.85223080505765,522.1894906327238
2008-08-13,24.545454545454543,21.894280451824613,507.6271792826917
2008-08-20,48.0,21.032125133914878,502.0665536131173
2008-08-27,63.27272727272727,22.056185347796117,494.4401723286822
2008-09-03,63.27272727272727,21.896021358471053,487.6146109908724
2008-09-10,63.27272727272727,22.651873768078495,477.0097876050254
2008-09-17,63.27272727272727,22.432140936725194,467.50362837594486
2008-09-24,40.36363636363636,22.23438138850722,454.404448706136
2008-10-01,40.36363636363636,21.874579613292862,443.10427791239897
2008-10-08,40.36363636363636,21.55075801559994,433.42321510712657
2008-10-15,18.181818181818183,20.35931857767631,425.26298585510864
2008-10-22,7.272727272727273,21.08702308354504,411.2824158919289
2008-10-29,7.272727272727273,20.841957138826903,398.52717565233985
2008-11-05,7.272727272727273,19.539579606762395,392.28382307307334
2008-11-12,7.272727272727273,20.16743982790434,382.9011693880971
2008-11-19,10.727272727272725,19.83251402693209,375.8840537988912
2008-11-26,10.727272727272725,19.531080806057062,370.37410431406045
2008-12-03,0.0,19.077972725451357,364.9842406868037
2008-12-10,0.0,19.57017545290622,357.13336342227257
2008-12-17,0.0,19.113157907615598,351.5675738841946
2008-12-24,0.0,17.80184211685404,352.5583632999244
2008-12-31,0.0,16.621657905168636,359.4500737740812
2009-01-07,0.0,16.459492114651773,367.1526132008223
2009-01-14,0.0,16.313542903186594,375.58489868488937
2009-01-21,0.0,17.082188612867935,380.1739556205497
2009-01-28,0.0,15.97396975158114,390.304106862644
2009-02-04,13.27272727272727,15.158390958241208,407.1666975259834
2009-02-11,13.27272727272727,15.32437004423527,423.1993927593525
2009-02-18,0.5454545454545453,16.373751221629924,431.4397275602938
2009-02-25,10.727272727272725,16.418194281285114,441.4942106993228
2009-03-04,36.36363636363637,15.740011216792967,460.0668818880853
2009-03-11,36.36363636363637,15.129646458750033,481.6913768670624
2009-03-18,36.36363636363637,16.38031817651139,497.0625132572327
2009-03-25,24.727272727272727,17.505922722496617,504.47835419020413
2009-04-01,43.090909090909086,17.800784995701502,514.0926110298784
2009-04-08,17.454545454545453,18.0661610415859,517.252714912858
2009-04-15,17.454545454545453,17.404999482881855,523.7186265893578
2009-04-22,17.454545454545453,17.709954080048217,528.6597652800258
2009-04-29,0.5454545454545454,17.084413217497943,533.346790101627
2009-05-06,32.72727272727273,18.503244623020876,537.3760215319771
2009-05-13,32.72727272727273,19.780192887991515,535.0205116374741
2009-05-20,22.545454545454547,20.92944632646509,524.8823709142396
2009-05-27,22.545454545454547,21.06377442109131,514.0725897178739
2009-06-03,7.2727272727272725,20.46648788807309,503.19469573205396
2009-06-10,37.27272727272727,19.92893000835669,501.00459114481595
2009-06-17,89.0909090909091,19.44512791661193,511.5971333799381
2009-06-24,85.45454545454545,19.00970603404165,523.6395123006389
2009-07-01,85.45454545454545,19.517826339728394,533.1412896929061
2009-07-08,50.90909090909091,19.975134614846464,533.4474348004919
2009-07-15,50.90909090909091,19.486712062452728,536.1956926700465
2009-07-22,75.45454545454545,19.047131765298367,546.0509429344637
2009-07-29,75.45454545454545,20.45150949785944,548.8843045360755
2009-08-05,69.0909090909091,19.733631275346223,554.0343299775262
2009-08-12,16.0,19.987540875084328,547.2966256021045
2009-08-19,35.63636363636364,21.116059514848622,538.8436007551342
2009-08-26,58.909090909090914,20.33172629063649,538.9667874837698
2009-09-02,10.363636363636363,19.444008207027387,533.8194737213602
2009-09-09,10.363636363636363,20.445061931779197,523.6668913351915
2009-09-16,48.54545454545454,21.346010284055826,516.6459308240032
2009-09-23,48.54545454545454,20.35686380110479,514.5707027275702
2009-09-30,48.54545454545454,19.46663196644886,516.9466338044168
2009-10-07,48.54545454545454,20.283605133440336,515.237699046306
2009-10-14,26.545454545454547,20.118880983732666,509.95238503673363
2009-10-21,7.636363636363637,20.870629248995762,497.12651151902753
2009-10-28,13.090909090909092,20.64720268773255,486.50867989854663
2009-11-04,13.090909090909092,21.164300600777477,473.30535871284104
2009-11-11,10.18181818181818,20.729688722517913,461.6932787366151
2009-11-18,10.18181818181818,20.338538032084305,452.03695221255725
2009-11-25,10.18181818181818,19.08650241069406,448.6408037954506
2009-12-02,10.18181818181818,18.677852169624654,447.287906583691
2009-12-09,10.18181818181818,19.21006695266219,443.2739354567437
2009-12-16,10.18181818181818,19.68906025739597,436.86499780612746
2009-12-23,0.0,19.220154231656373,430.7642266478456
2009-12-30,0.0,18.798138808490737,426.7735326053919
2010-01-06,0.0,19.318324927641665,420.1819079671836
2010-01-13,0.0,18.8864924348775,415.74944579279605
2010-01-20,0.0,19.39784319138975,408.7602298358473
2010-01-27,0.0,19.858058872250776,399.46993547459346
2010-02-03,6.18181818181818,19.554071166843883,392.9359432767377
2010-02-10,6.18181818181818,19.28048223197768,387.76989575321295
2010-02-17,8.545454545454543,19.934252190598095,379.8077257093134
2010-02-24,6.18181818181818,20.522645153356468,368.4308635788947
2010-03-03,6.18181818181818,19.434017001657185,362.4971422069724
2010-03-10,6.18181818181818,18.45425166512783,361.4622475176969
2010-03-17,15.272727272727273,18.47246286225141,362.15447866098526
2010-03-24,15.272727272727273,17.588852939662637,367.26475941721753
2010-03-31,15.272727272727273,18.593604009332736,367.3512848250993
2010-04-07,27.27272727272727,18.77969815385401,368.9073395103747
2010-04-14,27.27272727272727,18.047182883923156,374.12597054530437
2010-04-21,27.27272727272727,17.387919140985385,382.6409202949229
2010-04-28,27.27272727272727,17.694581772341394,389.6225568877614
2010-05-05,9.454545454545455,18.152396322379982,390.75148436677057
2010-05-12,26.181818181818183,17.664429417414713,397.66570091606064
2010-05-19,26.181818181818183,17.22525920294597,406.77576853769443
2010-05-26,26.181818181818183,18.630006009924102,408.86210212443757
2010-06-02,41.81818181818182,20.076096318022604,406.8452568979609
2010-06-09,44.54545454545455,19.577577595311254,407.86645983049556
2010-06-16,44.54545454545455,20.02891074487104,406.6309970152313
2010-06-23,44.54545454545455,21.335110579474847,398.864535026948
2010-06-30,10.0,22.510690430618272,378.3110828738566
2010-07-07,10.0,22.668712296647357,356.9675213906198
2010-07-14,10.0,23.71093197607353,330.4128615102522
2010-07-21,10.0,24.64892968755709,299.16821307246676
2010-07-28,74.54545454545455,23.69312762789229,285.6116658420962
2010-08-04,74.54545454545455,24.45108759237579,268.2653187893082
2010-08-11,74.54545454545455,24.233251560410938,252.00815189634443
2010-08-18,74.54545454545455,24.03719913164257,236.7312471472225
2010-08-25,74.54545454545455,23.86075194575104,222.3365783275582
2010-09-01,74.54545454545455,22.620131296630483,214.14501275349667
2010-09-08,35.45454545454545,22.403572712421983,199.21805828229586
2010-09-15,10.909090909090908,22.208669986634334,180.35652653094238
2010-09-22,10.909090909090908,22.03325753342545,162.3720570456333
2010-09-29,44.18181818181818,20.97538632553745,156.3314890543097
2010-10-06,44.18181818181818,21.64148405662007,146.960432407573
2010-10-13,0.36363636363636365,20.440972014594426,134.82829960732815
2010-10-20,0.36363636363636365,19.360511176771347,128.0984709961987
2010-10-27,0.36363636363636365,20.188096422730577,117.23071615527309
2010-11-03,0.36363636363636365,19.851104962275702,108.04791861662184
2010-11-10,1.4545454545454541,18.647812647866317,105.09976446819935
2010-11-17,1.4545454545454541,17.56484956489787,107.5664257346191
2010-11-24,15.272727272727268,16.590182790226265,117.67005723803322
2010-12-01,0.0,15.53116451120364,130.01423468201503
2010-12-08,0.0,14.578048060083276,147.12399438159866
2010-12-15,0.0,13.72024325407495,168.52277811122391
2010-12-22,0.0,13.848218928667455,189.28168346788664
2010-12-29,0.0,13.06339703580071,213.96469828888308
2011-01-05,0.0,12.35705733222064,242.17941162777987
2011-01-12,0.0,12.621351598998576,269.072653632787
2011-01-19,0.0,11.959216439098718,299.27657143729346
2011-01-26,0.0,13.163294795188847,323.4600974613492
2011-02-02,9.999999999999996,14.428783497488144,343.3161799739085
2011-02-09,9.999999999999996,15.567723329557511,357.47756332612096
2011-02-16,9.999999999999996,14.792769178419942,375.51371743402126
2011-02-23,9.999999999999996,15.895310442396129,388.0371652220406
2011-03-02,0.7272727272727273,17.069415761792882,392.8355409585307
2011-03-09,0.7272727272727273,16.326110549249957,401.3504427577355
2011-03-16,19.272727272727273,16.557135857961327,412.41930892247433
2011-03-23,19.272727272727273,17.66505863580156,417.948561198012
2011-03-30,19.272727272727273,16.86218913585777,427.4921609732686
2011-04-06,27.27272727272727,17.22142476772654,436.83958258918136
2011-04-13,27.27272727272727,17.544736836408433,444.5704438616847
2011-04-20,46.90909090909091,18.735717698222135,450.2736735523922
2011-04-27,22.363636363636363,18.007600473854467,454.70839845584715
2011-05-04,48.0,18.434113153741748,462.1378326871384
2011-05-11,48.0,17.9179745656403,472.14795985893693
2011-05-18,53.09090909090909,19.253449836349,476.49889249537375
2011-05-25,8.0,19.555377579986825,470.32200459543964
2011-06-01,88.18181818181817,19.108930731079052,482.413714576408
2011-06-08,88.18181818181817,20.507128567062058,487.5144353774613
2011-06-15,72.72727272727272,21.76550661944676,483.2323568256821
2011-06-22,76.36363636363636,22.898046866592995,474.01484976544435
2011-06-29,53.63636363636363,22.117333089024605,464.15545704759404
2011-07-06,29.09090909090909,21.414690689213057,452.90018541971057
2011-07-13,37.27272727272727,22.582312529382662,437.4431682273427
2011-07-20,37.27272727272727,23.633172185535308,416.7318527542116
2011-07-27,78.18181818181817,23.67894587607269,403.9734870102118
2011-08-03,78.18181818181817,23.538324015738148,391.9182305678847
2011-08-10,78.18181818181817,24.311764341437062,375.995772497063
2011-08-17,7.272727272727273,23.20786063456608,351.41101477877805
2011-08-24,7.272727272727273,24.0143472983822,322.7938237414125
2011-08-31,7.272727272727273,23.84018529581671,295.0474427168744
2011-09-07,7.272727272727273,23.501621311689586,268.9938816129719
2011-09-14,7.272727272727273,22.296913725975173,248.96385843764148
2011-09-21,28.909090909090907,22.112676898832202,234.18229212529866
2011-09-28,39.81818181818181,22.84686375440353,217.91160971691738
2011-10-05,39.81818181818181,23.32581374259954,199.24617736755604
2011-10-12,6.181818181818182,21.95686873197595,180.69819734403993
2011-10-19,6.181818181818182,20.72481822241472,168.31046986832996
2011-10-26,13.818181818181818,21.41597276380961,153.99424241291828
2011-11-02,5.09090909090909,20.05619366924683,144.73145588486594
2011-11-09,5.999999999999998,18.832392484140332,141.76949346416427
2011-11-16,0.7272727272727271,18.630971417544483,138.7600909218964
2011-11-23,0.7272727272727271,17.549692457608217,141.15708317930986
2011-11-30,0.7272727272727271,16.57654139366558,148.4198307564365
2011-12-07,0.7272727272727271,17.31888725429902,151.97084903039595
2011-12-14,0.0,17.98699852886912,152.03585638605037
2011-12-21,0.0,17.688298675982207,153.59436300613933
2011-12-28,0.0,18.319468808383988,151.9970189642194
2012-01-04,0.0,17.98752192754559,152.05940932649145
2012-01-11,0.0,18.588769734791033,149.1155606525363
2012-01-18,0.0,17.329892761311932,152.46609684597664
2012-01-25,0.0,16.19690348518074,161.48157942007293
2012-02-01,17.090909090909086,16.25903131848085,173.6046046458505
2012-02-08,17.090909090909086,17.21494636845095,180.94805462177754
2012-02-15,17.090909090909086,16.275269913424037,192.98988687283918
2012-02-22,14.909090909090905,16.329561103899813,204.3238995351583
2012-02-29,17.45454545454545,15.478423175328015,220.4226927494273
2012-03-07,17.45454545454545,16.69421722143158,230.4425157331785
2012-03-14,17.45454545454545,16.888431862924783,239.4912655094637
2012-03-21,24.0,17.963225040268668,244.47514030812036
2012-03-28,24.0,17.130538899878164,253.62244580872954
2012-04-04,31.636363636363633,17.462939555344896,262.6350207592778
2012-04-11,31.636363636363633,18.662100145264954,265.65179276022576
2012-04-18,31.636363636363633,19.741344676193005,263.2723421065335
2012-04-25,31.636363636363633,19.81266475402825,260.5362910636649
2012-05-02,31.636363636363633,19.158671005898153,261.0702087614469
2012-05-09,31.636363636363633,20.370076632581064,255.54709832581432
2012-05-16,24.727272727272727,19.660341696595683,252.19084438829046
2012-05-23,54.54545454545455,19.92158025420884,253.49203402633717
2012-05-30,8.727272727272727,21.056694956060685,239.95401379148828
2012-06-06,25.454545454545453,22.26011636954553,223.74434103466973
2012-06-13,16.363636363636363,22.443195641681886,204.80109009898757
2012-06-20,16.363636363636363,22.60796698660461,185.0339824386918
2012-06-27,38.18181818181818,21.85626119703506,173.38904008988013
2012-07-04,38.18181818181818,21.179725986422465,165.12677379413145
2012-07-11,38.18181818181818,22.37084429687113,150.90891594613944
2012-07-18,38.18181818181818,23.442850776274927,131.33102570112845
2012-07-25,84.54545454545455,24.407656607738346,116.20183357152763
2012-08-01,84.54545454545455,25.09416367423724,97.64010610943234
2012-08-08,16.727272727272727,23.912020034086243,71.42546048445567
2012-08-15,40.0,22.848090757950345,55.185006694703944
2012-08-22,48.72727272727273,23.69055440942804,36.47768919301829
2012-08-29,48.72727272727273,23.548771695757964,18.47928525968302
2012-09-05,48.72727272727273,23.239349071636713,2.0279944469540006
2012-09-12,46.36363636363636,22.06086870992759,0
2012-09-19,46.36363636363636,21.00023638438938,0
2012-09-26,18.545454545454543,20.945667291404988,0
2012-10-03,0.0,20.71473692590085,0
2012-10-10,0.36363636363636365,21.40689959694713,0
2012-10-17,0.36363636363636365,21.129846000888783,0
2012-10-24,0.36363636363636365,21.78049776443627,0
2012-10-31,30.90909090909091,20.566084351629005,0
2012-11-07,30.90909090909091,21.091294098284287,0
2012-11-14,13.27272727272727,21.563982870274042,0
2012-11-21,13.27272727272727,21.98940276506482,0
2012-11-28,13.27272727272727,22.372280670376522,0
2012-12-05,13.27272727272727,21.63505260333887,0
2012-12-12,0.0,21.871547343004984,0
2012-12-19,0.0,22.084392608704487,0
2012-12-26,0.0,20.47595334783404,0
2013-01-02,0.0,19.028358013050635,0
2013-01-09,0.0,18.625522211745572,0
2013-01-16,0.0,17.362969990571017,3.1851500471449157
2013-01-23,0.0,17.126672991513914,7.551785089575347
2013-01-30,0.0,16.914005692362522,12.981756627762735
2013-02-06,4.727272727272726,16.90442330494445,19.405094648495023
2013-02-13,4.727272727272726,15.995799156268188,30.37155341260863
2013-02-20,1.9999999999999996,16.97803742245955,35.88136630031088
2013-02-27,1.9999999999999996,16.06205186203178,45.97110699015198
2013-03-06,1.9999999999999996,15.419483039464966,59.27369179282715
2013-03-13,16.0,14.841171099154833,78.26783629705298
2013-03-20,27.636363636363637,14.320690352875713,102.19165725994714
2013-03-27,9.454545454545455,15.652257681224505,115.82127794473371
2013-04-03,9.454545454545455,15.2324864585566,131.5497547428598
2013-04-10,37.63636363636363,14.854692358155486,154.80356567935507
2013-04-17,21.27272727272727,16.314677667794484,167.4847227949281
2013-04-24,9.272727272727272,15.828664446469581,180.19594601712566
2013-05-01,9.272727272727272,16.47307072909535,189.68513782619436
2013-05-08,9.272727272727272,17.053036383458544,196.2745013634471
2013-05-15,2.909090909090909,17.575005472385417,198.98129218333818
2013-05-22,26.90909090909091,18.044777652419604,204.13922210305833
2013-05-29,26.90909090909091,19.36757261445037,202.68317721262466
2013-06-05,71.81818181818181,18.939906262096244,212.3472822657798
2013-06-12,71.81818181818181,19.45500654497753,219.4358859045285
2013-06-19,71.81818181818181,19.018596799570687,228.70653827031143
2013-06-26,71.81818181818181,20.42582802870453,230.94103449042515
2013-07-03,71.81818181818181,19.89233613492499,235.84299017943658
2013-07-10,71.81818181818181,20.3121934305234,238.64565939045593
2013-07-17,15.454545454545453,20.690064996561972,228.28624349855517
2013-07-24,15.454545454545453,21.030149405996685,216.22640555948084
2013-07-31,15.454545454545453,22.236225374487926,198.13618777795028
2013-08-07,15.454545454545453,23.13987556431186,175.52771904730008
2013-08-14,15.454545454545453,23.953160735153403,148.85282446244216
2013-08-21,63.27272727272727,24.68511738891079,128.08178297243367
2013-08-28,63.27272727272727,25.343878377292437,104.01693654051694
2013-09-04,23.454545454545453,24.85494508501774,74.43312020633734
2013-09-11,23.454545454545453,24.414905121970513,47.049503687393866
2013-09-18,23.454545454545453,23.11886915522801,26.146067002162916
2013-09-25,9.818181818181817,23.752436785159755,0
2013-10-02,26.545454545454547,23.240829470280143,0
2013-10-09,26.545454545454547,22.780382886888493,0
2013-10-16,26.545454545454547,21.465980961836006,0
2013-10-23,27.272727272727273,21.18301922928877,0
2013-10-30,23.636363636363637,20.92835366999626,0
2013-11-06,23.636363636363637,19.617336484814818,0
2013-11-13,11.454545454545451,19.33742101815152,0
2013-11-20,11.454545454545451,19.985497098154553,0
2013-11-27,11.454545454545451,18.76876557015728,0
2013-12-04,11.454545454545451,18.391889013141554,0.3314640252013179
2013-12-11,11.454545454545451,17.1527001118274,6.858872556973408
2013-12-18,11.454545454545451,16.037430100644663,18.962631144659184
2013-12-25,0.0,15.933687090580197,29.2941956917582
2014-01-01,0.0,14.940318381522177,44.592603784147315
2014-01-08,0.0,14.046286543369959,64.36117106729752
2014-01-15,0.0,14.141657889032963,83.6528816221327
2014-01-22,0.0,13.327492100129668,107.01542112148437
2014-01-29,0.0,13.4947428901167,129.54170667090085
2014-02-05,11.27272727272727,13.827086782923212,152.66081821083026
2014-02-12,11.27272727272727,14.126196286449073,174.28438223313034
2014-02-19,11.27272727272727,14.395394839622348,194.56195348956405
2014-02-26,14.36363636363636,14.637673537478296,214.24631307489983
2014-03-05,13.818181818181818,15.03754254736683,231.82223670170205
2014-03-12,13.818181818181818,14.49742465626651,252.09874978400586
2014-03-19,11.636363636363637,14.011318554276222,274.3694297398975
2014-03-26,18.90909090909091,15.373823062484965,291.28213260929084
2014-04-02,18.90909090909091,16.781895301691016,301.15447428265395
2014-04-09,18.90909090909091,18.04916031697646,304.69049087958985
2014-04-16,18.90909090909091,17.389698830733362,311.5238149077412
2014-04-23,36.0,17.69618349311457,320.2428974421683
2014-04-30,20.18181818181818,17.97201968925766,324.4191626322437
2014-05-07,20.18181818181818,18.40209044760462,326.44507403058424
2014-05-14,36.36363636363637,19.689154130116886,325.2720306527271
2014-05-21,29.090909090909093,20.847511444377925,316.8526552490193
2014-05-28,29.090909090909093,21.89003302721286,303.2206719311368
2014-06-04,29.090909090909093,23.010120633582485,283.9882505814062
2014-06-11,86.36363636363636,22.218199479315146,280.16998045755776
2014-06-18,84.54545454545455,21.505470440474543,279.55171916427594
2014-06-25,37.27272727272727,21.764014305518,268.1861930912314
2014-07-02,48.18181818181818,21.99670378405711,257.8390378073095
2014-07-09,84.54545454545455,21.30612431474231,258.2175071426889
2014-07-16,84.54545454545455,22.484602792358988,252.70358408998484
2014-07-23,84.54545454545455,22.645233422213998,246.38650788800575
2014-07-30,84.54545454545455,22.78980098908351,239.3465938516791
2014-08-06,84.54545454545455,21.838093617447885,237.06521667353059
2014-08-13,56.0,21.881556982975823,228.85743175865147
2014-08-20,56.0,21.02067401195097,224.95406169889662
2014-08-27,56.0,22.0458793380286,215.92466500875364
2014-09-03,56.0,20.986745949680287,212.1909352603522
2014-09-10,56.0,21.833525900166805,204.22330575951818
2014-09-17,56.0,21.695627855604673,196.94516648149482
2014-09-24,29.454545454545453,22.471519615498753,180.47847749491015
2014-10-01,29.454545454545453,22.08800401758524,165.92936649789303
2014-10-08,5.090909090909091,21.74283997946308,148.23334841875945
2014-10-15,6.181818181818182,20.53219234515314,136.8087503293574
2014-10-22,6.181818181818182,21.24260947427419,121.83206659435008
2014-10-29,21.81818181818182,20.081984890483135,115.78577850557078
2014-11-05,4.363636363636362,19.755604583253007,107.880482862033
2014-11-12,15.45454545454545,18.56186230674589,108.16208041921264
2014-11-19,8.909090909090907,17.487494257889484,112.50642731158341
2014-11-26,7.272727272727271,16.520563013918718,121.35815769653527
2014-12-03,7.272727272727271,17.268506712526847,126.4701695884465
2014-12-10,7.272727272727271,17.041656041274162,132.71643483662115
2014-12-17,0.0,17.737490437146747,134.02898265088743
2014-12-24,0.0,17.463741393432073,136.71027568372705
2014-12-31,0.0,17.217367254088867,140.6234394132827
2015-01-07,0.0,16.995630528679982,145.6452867698828
2015-01-14,0.0,16.796067475811984,151.66494939082287
2015-01-21,0.0,16.616460728230784,158.58264574966896
2015-01-28,0.0,16.454814655407706,166.30857247263043
2015-02-04,10.18181818181818,17.39115137168512,171.38917925056847
2015-02-11,15.45454545454545,17.33385441633479,177.8108162598036
2015-02-18,15.45454545454545,16.382287156519496,188.9902895681152
2015-02-25,11.454545454545451,15.525876622685729,203.65181554559564
2015-03-04,11.454545454545451,15.836925324053519,216.75809801623714
2015-03-11,1.0909090909090908,16.116869155284533,226.3919340579963
2015-03-18,1.0909090909090908,16.36881860339244,234.76602285921592
2015-03-25,7.636363636363637,17.495573106689562,238.81543005304084
2015-04-01,7.636363636363637,18.691470341475153,236.8853510729378
2015-04-08,17.454545454545453,18.867777852782186,236.03737089993595
2015-04-15,17.454545454545453,19.026454612958513,234.39600692605248
2015-04-22,17.454545454545453,20.069263697117208,227.54059753137554
2015-04-29,17.454545454545453,21.007791872860036,215.99254725798446
2015-05-06,61.81818181818182,21.134285412846758,212.68475655738703
2015-05-13,60.36363636363637,20.34812959883481,213.01683583594027
2015-05-20,60.36363636363637,20.540589366224054,212.38661627754726
2015-05-27,68.36363636363636,21.613803156874376,207.99032776590266
2015-06-03,24.545454545454543,20.96151375027785,198.09184992360431
2015-06-10,6.363636363636363,22.174453284340974,178.49231077462673
2015-06-17,6.363636363636363,22.366098864997788,157.93454372236505
2015-06-24,6.363636363636363,22.53857988758892,136.5143715571477
2015-07-01,6.363636363636363,22.69381280792094,114.31803479027029
2015-07-08,44.54545454545455,23.733522436219754,94.55951351826243
2015-07-15,72.72727272727272,23.769261101688688,80.25866255527353
2015-07-22,7.2727272727272725,24.70142590061073,48.20607850676534
2015-07-29,85.45454545454545,24.640374219640567,32.095116499471594
2015-08-05,67.63636363636364,24.403609524949236,13.604341601998144
2015-08-12,67.63636363636364,25.09052129972704,0
2015-08-19,15.272727272727273,25.708741897027064,0
2015-08-26,2.1818181818181817,25.365140434597084,0
2015-09-02,18.545454545454543,25.774080936591922,0
2015-09-09,18.545454545454543,26.142127388387276,0
2015-09-16,46.36363636363636,24.673369195003097,0
2015-09-23,49.63636363636363,24.251486820957336,0
2015-09-30,15.818181818181817,24.77179268431615,0
2015-10-07,15.818181818181817,24.158249779520897,0
2015-10-14,15.818181818181817,24.50606116520517,0
2015-10-21,15.818181818181817,24.81909141232102,0
2015-10-28,15.818181818181817,23.30081863472528,0
2015-11-04,15.818181818181817,23.55255495307094,0
2015-11-11,15.818181818181817,22.879117639582027,0
2015-11-18,12.545454545454541,21.37302405744201,0
2015-11-25,4.727272727272726,20.917539833515992,0
2015-12-02,0.0,20.325785850164394,0
2015-12-09,0.0,20.693207265147954,0
2015-12-16,0.0,19.22388653863316,0
2015-12-23,0.0,17.901497884769846,0.4925105761507709
2015-12-30,0.0,17.61134809629286,2.4357700946864647
2016-01-06,0.0,16.450213286663576,10.184703661368584
2016-01-13,0.0,15.40519195799722,23.158743871382487
2016-01-20,0.0,16.2646727621975,31.835380060394993
2016-01-27,0.0,16.13820548597775,41.14435263050625
2016-02-03,13.27272727272727,17.106203119198156,48.26788248906092
2016-02-10,13.27272727272727,17.977400989096523,51.035422998123764
2016-02-17,10.18181818181818,17.861479072005054,53.764391274462135
2016-02-24,12.909090909090905,18.65714934662273,53.060462723166665
2016-03-02,12.909090909090905,18.655070775596823,52.366927027000735
2016-03-09,19.636363636363637,19.553200061673504,48.52819944590594
2016-03-16,19.636363636363637,18.561516419142517,49.64789007746608
2016-03-23,19.636363636363637,19.46900114086463,46.23015710041565
2016-03-30,19.636363636363637,20.285737390414532,38.72874287561572
2016-04-06,3.818181818181818,19.402618196827625,32.479288255113964
2016-04-13,3.818181818181818,19.50781092259941,25.703870005753274
2016-04-20,7.09090909090909,19.602484375794017,19.109629944965008
2016-04-27,7.09090909090909,18.787690483669163,16.58935934480101
2016-05-04,7.09090909090909,18.236194162574975,16.826570350107954
2016-05-11,66.9090909090909,17.739847473590206,31.509151163975105
2016-05-18,66.9090909090909,18.193135453503913,43.92529207827372
2016-05-25,66.9090909090909,17.70109463542625,58.801637082960646
2016-06-01,64.54545454545455,18.340076080974537,70.01034758717887
2016-06-08,60.90909090909091,19.815159381967995,73.11636885915708
2016-06-15,60.90909090909091,21.142734352862107,69.58451527666473
2016-06-22,60.90909090909091,22.337551826666807,60.07857432514888
2016-06-29,41.81818181818182,23.412887553091036,41.37777292333006
2016-07-06,83.63636363636364,24.380689706872843,26.201597116238574
2016-07-13,13.636363636363637,25.25171164527647,0
2016-07-20,13.636363636363637,26.035631389839732,0
2016-07-27,56.36363636363636,24.941159159946668,0
2016-08-03,34.18181818181818,25.574315971224728,0
2016-08-10,65.45454545454545,26.144157101374983,0
2016-08-17,65.45454545454545,24.85701411851021,0
2016-08-24,65.45454545454545,24.598585433931916,0
2016-08-31,65.45454545454545,25.265999617811453,0
2016-09-07,65.45454545454545,24.784854201484855,0
2016-09-14,31.09090909090909,23.451823326790915,0
2016-09-21,31.09090909090909,22.252095539566373,0
2016-09-28,31.09090909090909,21.172340531064282,0
2016-10-05,4.7272727272727275,20.018742841594218,0
2016-10-12,4.7272727272727275,19.88050492107116,0
2016-10-19,17.09090909090909,18.85609079260041,0
2016-10-26,17.09090909090909,19.73411807697673,0
2016-11-02,4.727272727272726,20.34252445109724,0
2016-11-09,4.727272727272726,19.990090187805702,0
2016-11-16,1.9999999999999996,18.772899350843314,0
2016-11-23,13.454545454545451,19.477427597577165,0
2016-11-30,2.545454545454545,19.211503019637632,0
2016-12-07,2.545454545454545,19.69035271767387,0
2016-12-14,2.545454545454545,18.321317445906484,0
2016-12-21,0.0,17.989185701315836,0.05407149342081752
2016-12-28,0.0,18.590267131184252,0
2017-01-04,0.0,19.131240418065826,0
2017-01-11,0.0,18.718116376259243,0
2017-01-18,0.0,17.44630473863332,2.768476306833403
2017-01-25,0.0,17.201674264769988,6.760104982983464
2017-02-01,0.0,17.163325020111174,10.943479882427596
2017-02-08,0.0,16.228810699918238,19.799426382836405
2017-02-15,14.909090909090905,15.387747811744596,35.842505505931605
2017-02-22,14.909090909090905,15.53079121238832,51.17036762580819
2017-03-01,18.181818181818183,14.941348454785851,70.09998898824257
2017-03-08,33.45454545454545,15.310849972943629,90.23664821443352
2017-03-15,1.8181818181818183,15.64340133928563,102.38327788164173
2017-03-22,1.8181818181818183,15.942697568993431,113.03342640031094
2017-03-29,1.8181818181818183,17.112064175730453,117.83674188529504
2017-04-05,1.8181818181818183,18.346312303611956,116.46881673087162
2017-04-12,1.8181818181818183,17.657135618705308,118.54677500098146
2017-04-19,31.09090909090909,17.936876602289324,125.08057380771666
2017-04-26,6.0,18.188643487514938,125.33735637014198
2017-05-03,6.0,17.697051866036173,128.0520970399611
2017-05-10,30.545454545454547,19.05461940670528,128.8880909155256
2017-05-17,13.090909090909092,18.47643019330748,129.12412176717
2017-05-24,27.636363636363637,19.756059901249458,125.87109498819545
2017-05-31,26.90909090909091,19.10772663839724,125.71427997802743
2017-06-07,84.54545454545455,19.606044883648426,134.59314646887623
2017-06-14,83.63636363636364,20.054531304374493,141.0477626742765
2017-06-21,35.45454545454545,19.558169083027956,140.3478263500458
2017-06-28,35.45454545454545,20.011443083816072,137.38152002187454
2017-07-05,38.18181818181818,19.519389684525375,137.4209352356113
2017-07-12,83.63636363636364,19.07654162516375,148.76549983706528
2017-07-19,8.181818181818182,20.477978371738285,138.0119716147375
2017-07-26,8.181818181818182,19.939271443655368,129.9519780328243
2017-08-02,19.636363636363637,20.17261702656256,123.01616562728422
2017-08-09,19.636363636363637,20.38262805117903,115.0302980986618
2017-08-16,19.636363636363637,20.571637973333853,106.09938095926526
2017-08-23,19.636363636363637,20.741746903273196,96.317919170172
2017-08-30,59.63636363636364,19.994844940218602,98.27096719635172
2017-09-06,59.63636363636364,19.14081499165129,104.494164965368
2017-09-13,59.63636363636364,20.172188037940707,105.5604975029372
2017-09-20,15.272727272727272,21.100423779601183,93.11292405947674
2017-09-27,7.636363636363636,20.13583594709561,83.96101705127141
2017-10-04,7.636363636363636,20.885888716022414,71.05884619843206
2017-10-11,7.636363636363636,20.660936208056537,59.28143788542211
2017-10-18,9.090909090909092,19.558478950887245,53.3072249491677
2017-10-25,36.0,18.566267419434883,57.67588785199328
2017-11-01,11.090909090909088,17.491458859309578,62.436775373627206
2017-11-08,14.36363636363636,18.324131155196802,63.68884687037047
2017-11-15,14.36363636363636,19.073536221495306,61.19389303562121
2017-11-22,14.36363636363636,19.74800078116396,55.326616402528686
2017-11-29,15.818181818181813,19.455018884865748,51.21515834183631
2017-12-06,15.818181818181813,18.109516996379174,53.8312097235768
2017-12-13,0.0,17.798565296741256,54.838383239870524
2017-12-20,0.0,17.51870876706713,57.244839404534865
2017-12-27,0.0,16.36683789036042,65.41064995273277
2018-01-03,0.0,16.230154101324377,74.25987944611089
2018-01-10,0.0,15.20713869119194,88.22418599015118
2018-01-17,0.0,14.286424822072746,106.79206187978745
2018-01-24,0.0,15.257782339865471,120.5031501804601
2018-01-31,0.0,15.232004105878925,134.34312965106548
2018-02-07,16.727272727272723,16.290621877109217,146.23547481097393
2018-02-14,16.727272727272723,16.343377871216475,157.8640400003461
2018-02-21,16.727272727272723,15.49085826591301,173.7552032162356
2018-02-28,11.454545454545451,14.723590621139891,192.42815920144523
2018-03-07,11.454545454545451,16.014867922662265,204.644728679043
2018-03-14,11.454545454545451,17.177017494032402,211.05055029979007
2018-03-21,11.454545454545451,16.422952108265527,221.22669884937153
2018-03-28,28.363636363636363,17.54429326107534,229.1779598167221
2018-04-04,31.09090909090909,18.735318480422354,231.71954923279216
2018-04-11,31.09090909090909,19.807241177834666,228.90152516180066
2018-04-18,26.727272727272727,19.871971605505745,224.88712167972648
2018-04-25,9.818181818181817,19.030228990409718,221.69961309131426
2018-05-02,24.727272727272727,20.254478818641473,215.37267354356143
2018-05-09,48.0,21.356303664050053,208.19115522331117
2018-05-16,48.0,21.447946024917776,200.5514250987223
2018-05-23,48.0,21.530424149698725,192.49930435022867
2018-05-30,45.09090909090909,20.704654462001578,187.9942138584026
2018-06-06,45.09090909090909,20.14327992489233,186.29599605212275
2018-06-13,30.0,19.638042841494006,184.1057818446527
2018-06-20,30.0,20.083329466435515,179.68913451247514
2018-06-27,3.6363636363636362,21.384087428882875,163.4959700953335
2018-07-04,3.6363636363636362,20.7547695950855,150.44939484717872
2018-07-11,3.6363636363636362,21.08838354466786,135.73474985111216
2018-07-18,3.6363636363636362,20.488636099291984,124.01884208192496
2018-07-25,8.181818181818182,19.948863398453696,115.91088872602012
2018-08-01,13.090909090909092,19.281249785881055,112.12282161479666
2018-08-08,13.090909090909092,19.580397534565677,106.8390157601501
2018-08-15,13.090909090909092,19.849630508381836,100.20904503642275
2018-08-22,24.0,19.191940184816378,99.04934411234086
2018-08-29,24.0,20.400018893607466,91.84924964430353
2018-09-05,24.0,20.405471549701268,84.62189189579719
2018-09-12,24.0,21.31037894018569,72.86999719486874
2018-09-19,0.5454545454545454,22.124795591621666,52.35511014585133
2018-09-26,39.272727272727266,21.957770577914047,40.42080271082654
2018-10-03,39.272727272727266,21.625629883759007,30.14719874657696
2018-10-10,39.272727272727266,20.42670325901947,25.86822790602507
2018-10-17,39.272727272727266,21.147669296753886,17.984426876801095
2018-10-24,24.363636363636363,20.896538730714862,8.374460495954056
2018-10-31,0.0,19.77052122127974,0
2018-11-07,0.0,20.37528728096995,0
2018-11-14,0.0,20.919576734691137,0
2018-11-21,9.818181818181815,20.509437243040207,0
2018-11-28,2.7272727272727266,20.14031170055437,0
2018-12-05,0.0,20.526280530498934,0
2018-12-12,0.0,19.07365247744904,0
2018-12-19,0.0,19.566287229704137,0
2018-12-26,0.0,20.009658506733725,0
2019-01-02,0.0,18.608692656060352,0
2019-01-09,0.0,18.247823390454318,0
2019-01-16,0.0,17.02304105140889,4.884794742955556
2019-01-23,0.0,15.920736946268,15.281110011615553
2019-01-30,0.0,15.828663251641201,26.137793753409547
2019-02-06,0.0,15.027615108295263,40.99971821193323
2019-02-13,0.0,15.20667177928392,54.96635931551363
2019-02-20,0.0,15.36782278317371,68.12724539964509
2019-02-27,10.727272727272725,16.412858686674518,78.20840651172705
2019-03-06,24.363636363636363,17.53520918164343,85.40508787623716
2019-03-13,24.363636363636363,18.545324627115452,87.55119201338718
2019-03-20,36.0,17.65442852804027,96.47904937318583
2019-03-27,24.363636363636363,16.852622038872607,107.08866645155007
2019-04-03,24.363636363636363,17.21281438043989,115.89732182207788
2019-04-10,24.363636363636363,16.636987487850448,127.58511165555292
2019-04-17,24.363636363636363,16.118743284519947,141.86412250568046
2019-04-24,24.363636363636363,17.4523235015225,149.47523227079523
2019-05-01,24.363636363636363,18.83436387864298,150.17614015030762
2019-05-08,38.54545454545455,18.278200218051406,156.4942299691415
2019-05-15,38.54545454545455,17.777652923518993,165.31505626063742
2019-05-22,47.27272727272727,19.12716035843982,169.13379992298377
2019-05-29,72.72727272727273,20.341717049868564,171.9706692190955
2019-06-05,48.18181818181818,19.816636253972618,172.52385158559605
2019-06-12,48.18181818181818,20.244063537666268,170.93989753362834
2019-06-19,48.18181818181818,21.52874809299055,162.93252070503922
2019-06-26,4.545454545454545,22.684964192782406,140.4167906502181
2019-07-03,35.45454545454545,21.925558682595074,127.87990632815182
2019-07-10,73.63636363636364,23.04209372342648,117.39671043829215
2019-07-17,73.63636363636364,24.04697526017474,101.88910686469117
2019-07-24,73.63636363636364,24.951368643248177,81.85953637572302
2019-07-31,73.63636363636364,23.96532268801427,66.76019566292442
2019-08-07,73.63636363636364,24.696063146485567,48.00715265776931
2019-08-14,73.63636363636364,23.553729559109737,34.96577758949336
2019-08-21,73.63636363636364,23.42562933047149,22.564903664408632
2019-08-28,45.09090909090909,22.410339124697067,9.531389859105115
2019-09-04,14.18181818181818,22.214759757681907,0
2019-09-11,14.18181818181818,22.938738327368263,0
2019-09-18,14.18181818181818,23.590319040085983,0
2019-09-25,14.18181818181818,23.27674168153193,0
2019-10-02,5.818181818181818,22.812703877015103,0
2019-10-09,5.818181818181818,21.495069852949957,0
2019-10-16,5.818181818181818,20.309199231291323,0
2019-10-23,16.727272727272727,20.141915671798554,0
2019-10-30,5.454545454545455,19.09136046825506,0
2019-11-06,0.9090909090909088,18.86404260324774,0
2019-11-13,11.818181818181815,17.75945652474115,3.5663537399306113
2019-11-20,11.818181818181815,18.56532905408522,3.1033448331408824
2019-11-27,11.818181818181815,19.29061433049488,0
2019-12-04,0.0,19.76155289744539,0
2019-12-11,0.0,18.385397607700853,0
2019-12-18,0.0,18.94685784693077,0
2019-12-25,0.0,17.652172062237693,1.7391396888115374
2020-01-01,0.0,18.286954856013924,0.30436540874191564
2020-01-08,0.0,17.058259370412532,5.013068556679254
2020-01-15,0.0,17.75243343337128,6.250901389822854
2020-01-22,0.0,16.57719009003415,13.3649509396521
2020-01-29,0.0,17.319471081030734,16.76759553449843
2020-02-05,9.454545454545451,17.269342154745843,22.311793851678306
2020-02-12,9.454545454545451,18.124226121089443,23.581572337140184
2020-02-19,13.636363636363633,17.09362169079868,30.840736610419505
2020-02-26,11.818181818181815,17.966077703536996,33.373984456370884
2020-03-04,16.727272727272727,18.03310629681966,36.553907517727126
2020-03-11,16.727272727272727,18.093432030774057,39.43220190931139
2020-03-18,14.90909090909091,18.147725191333016,41.67539413446448
2020-03-25,1.4545454545454546,19.09658903583608,36.48335804619318
2020-04-01,42.0,18.33238467770702,43.22143465765809
2020-04-08,42.0,17.64460075539086,53.39843088070378
2020-04-15,42.0,18.825595225306323,57.67045475417216
2020-04-22,42.0,18.98849024823024,61.12800351302097
2020-04-29,42.0,20.035095768861762,59.352524668712164
2020-05-06,24.727272727272727,19.358858919248313,57.503684617925146
2020-05-13,50.18181818181818,18.750245754596207,63.78881948130775
2020-05-20,13.818181818181818,19.102493906409315,61.03998631289754
2020-05-27,58.909090909090914,19.41951724304111,65.72421827951017
2020-06-03,17.272727272727273,20.78665642782791,55.24548159491607
2020-06-10,17.272727272727273,20.21708169413603,47.614618578781375
2020-06-17,17.272727272727273,21.50446443381334,33.54684186426013
2020-06-24,17.272727272727273,22.663108899522918,13.685842821190995
2020-07-01,17.272727272727273,22.805888918661537,0
2020-07-08,17.272727272727273,23.834390935886294,0
2020-07-15,17.272727272727273,23.860042751388576,0
2020-07-22,24.545454545454543,23.88312938534063,0
2020-07-29,24.545454545454543,23.00390735589748,0
2020-08-05,36.36363636363637,23.830789347580456,0
2020-08-12,36.36363636363637,23.674983140095136,0
2020-08-19,24.727272727272727,22.63475755335835,0
2020-08-26,44.36363636363637,21.698554525295243,0
2020-09-02,28.909090909090907,22.474153618220267,0
2020-09-09,28.909090909090907,23.172192801852788,0
2020-09-16,38.72727272727273,22.000428067122055,0
2020-09-23,38.72727272727273,20.945839805864395,0
2020-09-30,1.6363636363636362,20.896710370732503,0
2020-10-07,23.636363636363637,21.570675697295616,0
2020-10-14,23.636363636363637,21.277244491202417,0
2020-10-21,5.818181818181818,21.91315640571854,0
2020-10-28,5.818181818181818,22.48547712878305,0
2020-11-04,5.818181818181818,21.918747597722927,0
2020-11-11,5.818181818181818,21.408691019768817,0
2020-11-18,18.181818181818176,21.84964009961012,0
2020-11-25,18.181818181818176,20.44649427146729,0
2020-12-02,18.181818181818176,19.001844844320562,0
2020-12-09,0.0,18.601660359888506,0
2020-12-16,0.0,18.241494323899655,0
2020-12-23,0.0,17.01734489150969,4.913275542451547
2020-12-30,0.0,17.71561040235872,6.335223530657945
2021-01-06,0.0,18.34404936212285,4.6149767200437
2021-01-13,0.0,17.109644425910567,9.066754590490866
2021-01-20,0.0,16.89867998331951,14.573354673893313
2021-01-27,0.0,15.80881198498756,25.52929474895551
2021-02-03,0.7272727272727271,16.809748968306984,31.626004452875137
2021-02-10,4.181818181818181,15.910592253294467,42.909406822766435
2021-02-17,1.9999999999999996,15.101351209783203,57.80265077385042
2021-02-24,1.9999999999999996,14.373034270623066,76.3374794207351
2021-03-03,1.9999999999999996,14.799367207197124,92.74064338474948
2021-03-10,1.9999999999999996,16.083066850113774,102.7253091341806
2021-03-17,1.9999999999999996,15.43839652873876,115.9333264904868
2021-03-24,2.909090909090909,14.858193239501247,132.22417847479875
2021-03-31,24.363636363636363,15.236010279187486,150.9168543515886
2021-04-07,24.363636363636363,16.657863796723284,162.50026264069945
2021-04-14,53.45454545454545,17.937531962505503,173.50351191908103
2021-04-21,3.818181818181818,17.2892333117095,177.8209817241699
2021-04-28,3.818181818181818,16.705764525993096,185.0557954578408
2021-05-05,3.818181818181818,18.162460800666516,185.00712781814457
2021-05-12,3.818181818181818,19.473487447872593,178.40332694241798
2021-05-19,3.818181818181818,18.85341143035806,174.89990615426404
2021-05-26,4.363636363636363,19.195343014594982,169.7959183540164
2021-06-02,4.363636363636363,18.784899622226394,166.7441475156117
2021-06-09,4.363636363636363,18.415500569094664,165.53937194286564
2021-06-16,4.363636363636363,18.98304142127611,161.49689210921235
2021-06-23,56.36363636363636,18.59382818823941,169.80047844074258
2021-06-30,21.818181818181817,19.143536278506378,168.44643341184707
2021-07-07,87.27272727272727,18.738273559746652,182.20961106765927
2021-07-14,87.27272727272727,19.273537112862897,193.29647095789022
2021-07-21,48.18181818181818,20.65527431066752,189.65646304091626
2021-07-28,48.18181818181818,20.09883778869168,188.7986377338215
2021-08-04,69.0909090909091,19.416226737095236,195.53568586652713
2021-08-11,69.0909090909091,18.80187679065844,205.34448373141674
2021-08-18,69.0909090909091,19.148961838865322,213.41785635527197
2021-08-25,28.363636363636363,20.361338382251517,207.28389171674166
2021-09-01,28.363636363636363,21.27065908948091,196.60332354206437
2021-09-08,48.0,20.289047725987366,194.75808491212754
2021-09-15,31.636363636363633,21.205597498843176,185.0573701451844
2021-09-22,52.90909090909091,21.130492294413404,179.98672685493554
2021-09-29,39.81818181818181,20.16289761042661,177.13587516643884
2021-10-06,39.81818181818181,19.110244213020316,179.54829046497363
2021-10-13,6.909090909090909,19.962856155354647,171.1158278700186
2021-10-20,33.45454545454545,18.930206903455545,173.15570244364994
2021-10-27,5.818181818181818,18.900822576746354,169.81522592355455
2021-11-03,9.454545454545451,17.792558500889903,172.74334251001412
2021-11-10,9.454545454545451,16.795120832619094,180.65864743782774
2021-11-17,15.45454545454545,16.797426931175366,189.76242187286
2021-11-24,15.45454545454545,16.799502419876013,198.85581886438902
2021-12-01,15.45454545454545,16.619552177888412,208.84896706585604
2021-12-08,15.45454545454545,17.35759696009957,215.15189135626727
2021-12-15,0.0,16.221837264089615,224.0427050358192
2021-12-22,0.0,16.099653537680652,233.54443734741596
2021-12-29,0.0,16.88968818391259,239.095996427853
2022-01-05,0.0,17.600719365521332,241.09239960024635
2022-01-12,0.0,17.3406474289692,244.38916245540037
2022-01-19,0.0,18.006582686072278,244.35624902503898
2022-01-26,0.0,17.705924417465052,245.8266269377137
2022-02-02,3.4545454545454537,18.51715015753673,243.93178524093915
2022-02-09,3.4545454545454537,18.34725332360124,242.88642771384204
2022-02-16,3.4545454545454537,17.2943461730593,247.10560593945462
2022-02-23,3.4545454545454537,16.34672973757155,256.06286634250597
2022-03-02,3.4545454545454537,16.57569312745076,263.8753097961613
2022-03-09,9.090909090909092,16.781760178342047,271.78469072263283
2022-03-16,31.636363636363637,16.967220524144206,283.2758608291845
2022-03-23,31.636363636363637,18.03413483536615,289.4324593796265
2022-03-30,13.818181818181818,18.094357715465897,291.7243071659334
2022-04-06,13.818181818181818,19.230376489373853,288.3360610827005
2022-04-13,13.818181818181818,18.452793385891017,288.83573051688177
2022-04-20,13.818181818181818,19.55296859275646,283.8345239167358
2022-04-27,16.909090909090907,20.54312627893536,274.5007107038772
2022-05-04,16.909090909090907,19.81608637831455,268.8020969941226
2022-05-11,66.18181818181819,19.161750467755823,276.22970829170714
2022-05-18,66.18181818181819,20.372848148252967,277.60183118680595
2022-05-25,66.18181818181819,19.662836060700396,282.5240145196676
2022-06-01,35.45454545454545,19.20564336372127,283.58670679197036
2022-06-08,49.090909090909086,19.69416993644005,284.9340389279519
2022-06-15,49.090909090909086,19.233843851886956,288.58300148669895
2022-06-22,49.090909090909086,19.719550375789172,289.8034314259349
2022-06-29,80.9090909090909,19.256686247301165,299.70181837124727
2022-07-06,87.27272727272727,18.840108531661958,312.95582116748295
2022-07-13,64.54545454545455,20.26518858758667,314.5389691386405
2022-07-20,64.54545454545455,19.747760637918915,318.7092568581368
2022-07-27,64.54545454545455,20.182075483217936,320.70797035113804
2022-08-03,45.09090909090909,21.29114066216887,313.2704488584755
2022-08-10,45.09090909090909,21.389299323224712,305.34213406053374
2022-08-17,58.18181818181819,22.37764211817497,295.0902871060225
2022-08-24,58.18181818181819,21.467150633630197,289.39089757423517
2022-08-31,58.18181818181819,20.647708297539904,287.7887197228993
2022-09-07,53.99999999999999,19.72839201324046,289.946759656697
2022-09-14,43.090909090909086,19.80100735737096,289.559904688024
2022-09-21,18.0,19.86636116708841,283.82809885258195
2022-09-28,18.0,20.825179595834115,273.3022008734114
2022-10-05,18.0,19.706297999887067,268.37071087397607
2022-10-12,17.454545454545453,18.699304563534724,268.36509714721154
2022-10-19,24.363636363636363,19.593010470817617,265.27277206585075
2022-10-26,22.545454545454547,19.49734578737222,262.29513403808056
2022-11-02,22.545454545454547,19.22942939045318,260.6570779949056
2022-11-09,22.545454545454547,19.888304633226046,255.72464573786627
2022-11-16,7.272727272727271,18.681292351721623,253.77272943380362
2022-11-23,11.454545454545451,18.494981298367644,253.58873203287447
2022-11-30,17.636363636363633,17.42730135034906,259.9794980084019
2022-12-07,17.636363636363633,18.084571215314156,263.0839146591038
2022-12-14,0.0,16.87611409378274,268.70334419019014
2022-12-21,0.0,16.688502684404465,275.2608307681678
2022-12-28,0.0,16.519652415964018,282.66256868834773
2023-01-04,0.0,15.467687174367617,295.32413281650963
2023-01-11,0.0,16.320918456930855,303.7195405318554
2023-01-18,0.0,15.28882661123777,317.27540747566655
2023-01-25,0.0,16.15994395011399,326.4756877250966
2023-02-01,6.545454545454543,17.125767736920775,332.1559399495836
2023-02-08,6.545454545454543,16.195009145046882,342.48998513344014
2023-02-15,6.545454545454543,15.357326412360376,357.0124439807292
2023-02-22,14.181818181818178,14.60341195294252,376.8317478523802
2023-03-01,14.181818181818178,14.106707121284632,399.1345758823207
2023-03-08,28.363636363636363,13.659672772792533,426.5089392910853
2023-03-15,28.363636363636363,13.257341859149642,455.8949572680644
2023-03-22,8.0,13.795244036871042,478.5187370837092
2023-03-29,8.0,14.279355996820302,498.7219570996077
2023-04-05,8.0,14.896874942592817,515.8375823866436
2023-04-12,8.0,14.55264199378808,534.6743724177032
2023-04-19,8.0,15.142832339863817,550.5602107183842
2023-04-26,8.0,14.77400365133198,568.2901924617242
2023-05-03,21.81818181818182,14.62387601347151,589.534448758003
2023-05-10,27.636363636363637,15.388761139397086,608.1179157882902
2023-05-17,27.636363636363637,15.177157752730107,627.7593997519125
2023-05-24,25.454545454545457,14.986714704729824,647.9167353191725
2023-05-31,45.81818181818182,14.81531596152957,673.003791875161
2023-06-07,12.727272727272727,15.742875274467522,686.8348700482779
2023-06-14,64.54545454545455,17.477678656111678,702.3555676768104
2023-06-21,31.818181818181817,18.139001699591418,708.0241955424897
2023-06-28,20.0,17.834192438723186,712.8532333488738
2023-07-05,20.0,17.559864103941777,719.0539128291649
2023-07-12,20.0,19.11296860263851,717.4890698159724
2023-07-19,39.090909090909086,18.71076265146557,721.7534383768264
2023-07-26,39.090909090909086,19.248777295409923,723.3277337179586
2023-08-02,39.090909090909086,20.451172293141656,718.8900540704321
2023-08-09,39.090909090909086,19.73332779110022,718.0415969331128
2023-08-16,25.454545454545457,19.087267739262924,717.6961673277073
2023-08-23,29.81818181818182,18.505813692609358,721.1307352282969
2023-08-30,8.0,18.88250505062115,718.3182099751912
2023-09-06,21.818181818181817,19.03970909101358,717.4833008837596
2023-09-13,21.818181818181817,20.08119272736677,711.4409736105622
2023-09-20,21.818181818181817,19.21852800008464,709.7119699737754
2023-09-27,45.81818181818181,18.44212974553072,716.6649576097581
2023-10-04,26.181818181818183,19.361553134614013,715.0935555730516
2023-10-11,30.545454545454547,19.289034184788974,714.7574755581977
2023-10-18,30.545454545454547,19.22376712994644,714.7477308175564
2023-10-25,30.545454545454547,19.16502678058816,715.0316878237065
2023-11-01,6.3636363636363615,18.03034228434753,716.1527036746961
2023-11-08,15.636363636363631,18.80912623773096,715.234345213314
2023-11-15,15.636363636363631,19.510031795776047,710.8114589617064
2023-11-22,15.636363636363631,20.140846798016625,703.234497698896
2023-11-29,15.636363636363631,20.708580300033148,692.818868926003
2023-12-06,15.636363636363631,21.037722270029835,680.7575303031266
2023-12-13,0.0,20.43395004302685,668.5877800879923
2023-12-20,0.0,18.990555038724168,663.6350048943715
2023-12-27,0.0,19.49149953485175,656.1775072201127
