,time_period,disease_cases,location,week_id
342,2023W16,3,FRmrFTE63D0,107235
163,2023W17,5,FRmrFTE63D0,107236
667,2023W18,9,FRmrFTE63D0,107237
155,2023W19,11,FRmrFTE63D0,107238
588,2023W20,19,FRmrFTE63D0,107239
578,2023W21,26,FRmrFTE63D0,107240
232,2023W22,48,FRmrFTE63D0,107241
207,2023W23,42,FRmrFTE63D0,107242
549,2023W24,45,FRmrFTE63D0,107243
550,2023W25,25,FRmrFTE63D0,107244
195,2023W26,18,FRmrFTE63D0,107245
218,2023W27,14,FRmrFTE63D0,107246
539,2023W28,20,FRmrFTE63D0,107247
540,2023W29,16,FRmrFTE63D0,107248
241,2023W30,8,FRmrFTE63D0,107249
580,2023W31,4,FRmrFTE63D0,107250
581,2023W32,6,FRmrFTE63D0,107251
231,2023W33,1,FRmrFTE63D0,107252
510,2023W34,2,FRmrFTE63D0,107253
335,2023W37,2,FRmrFTE63D0,107256
668,2023W39,1,FRmrFTE63D0,107258
316,2023W44,38,FRmrFTE63D0,107263
478,2023W45,29,FRmrFTE63D0,107264
634,2023W46,26,FRmrFTE63D0,107265
473,2023W47,18,FRmrFTE63D0,107266
287,2023W48,38,FRmrFTE63D0,107267
488,2023W49,36,FRmrFTE63D0,107268
320,2023W50,44,FRmrFTE63D0,107269
494,2023W51,27,FRmrFTE63D0,107270
666,2023W52,40,FRmrFTE63D0,107271
575,2024W1,33,FRmrFTE63D0,107273
573,2024W2,19,FRmrFTE63D0,107274
227,2024W3,31,FRmrFTE63D0,107275
224,2024W4,39,FRmrFTE63D0,107276
568,2024W5,27,FRmrFTE63D0,107277
567,2024W6,24,FRmrFTE63D0,107278
222,2024W7,23,FRmrFTE63D0,107279
225,2024W8,21,FRmrFTE63D0,107280
576,2024W9,31,FRmrFTE63D0,107281
134,2024W10,25,FRmrFTE63D0,107282
650,2024W11,33,FRmrFTE63D0,107283
142,2024W12,34,FRmrFTE63D0,107284
321,2024W13,28,FRmrFTE63D0,107285
140,2024W14,29,FRmrFTE63D0,107286
657,2024W15,27,FRmrFTE63D0,107287
596,2023W17,2,K27JzTKmBKh,107236
244,2023W18,2,K27JzTKmBKh,107237
184,2023W20,3,K27JzTKmBKh,107239
365,2023W21,3,K27JzTKmBKh,107240
201,2023W24,1,K27JzTKmBKh,107243
617,2023W34,1,K27JzTKmBKh,107253
699,2023W44,12,K27JzTKmBKh,107263
533,2023W45,13,K27JzTKmBKh,107264
290,2023W46,17,K27JzTKmBKh,107265
477,2023W47,6,K27JzTKmBKh,107266
626,2023W48,5,K27JzTKmBKh,107267
468,2023W49,7,K27JzTKmBKh,107268
456,2023W50,9,K27JzTKmBKh,107269
458,2023W51,12,K27JzTKmBKh,107270
461,2023W52,19,K27JzTKmBKh,107271
254,2024W1,18,K27JzTKmBKh,107273
265,2024W2,15,K27JzTKmBKh,107274
603,2024W3,6,K27JzTKmBKh,107275
610,2024W4,13,K27JzTKmBKh,107276
261,2024W5,13,K27JzTKmBKh,107277
266,2024W6,10,K27JzTKmBKh,107278
604,2024W7,19,K27JzTKmBKh,107279
623,2024W8,13,K27JzTKmBKh,107280
276,2024W9,14,K27JzTKmBKh,107281
173,2024W10,11,K27JzTKmBKh,107282
357,2024W11,12,K27JzTKmBKh,107283
174,2024W12,18,K27JzTKmBKh,107284
698,2024W13,25,K27JzTKmBKh,107285
179,2024W14,17,K27JzTKmBKh,107286
374,2024W15,9,K27JzTKmBKh,107287
701,2023W16,9,MBZYTqkEgwf,107235
529,2023W17,9,MBZYTqkEgwf,107236
362,2023W18,3,MBZYTqkEgwf,107237
512,2023W19,12,MBZYTqkEgwf,107238
444,2023W20,12,MBZYTqkEgwf,107239
441,2023W21,12,MBZYTqkEgwf,107240
455,2023W22,11,MBZYTqkEgwf,107241
442,2023W23,7,MBZYTqkEgwf,107242
445,2023W24,9,MBZYTqkEgwf,107243
462,2023W25,11,MBZYTqkEgwf,107244
466,2023W26,15,MBZYTqkEgwf,107245
459,2023W27,9,MBZYTqkEgwf,107246
460,2023W28,12,MBZYTqkEgwf,107247
457,2023W29,11,MBZYTqkEgwf,107248
521,2023W30,5,MBZYTqkEgwf,107249
350,2023W31,14,MBZYTqkEgwf,107250
520,2023W32,13,MBZYTqkEgwf,107251
692,2023W33,10,MBZYTqkEgwf,107252
522,2023W34,8,MBZYTqkEgwf,107253
351,2023W35,4,MBZYTqkEgwf,107254
532,2023W36,4,MBZYTqkEgwf,107255
705,2023W37,3,MBZYTqkEgwf,107256
358,2023W39,3,MBZYTqkEgwf,107258
601,2023W40,2,MBZYTqkEgwf,107259
263,2023W41,3,MBZYTqkEgwf,107260
608,2023W44,31,MBZYTqkEgwf,107263
264,2023W45,43,MBZYTqkEgwf,107264
277,2023W46,43,MBZYTqkEgwf,107265
618,2023W47,28,MBZYTqkEgwf,107266
621,2023W48,36,MBZYTqkEgwf,107267
272,2023W49,29,MBZYTqkEgwf,107268
564,2023W50,20,MBZYTqkEgwf,107269
563,2023W51,26,MBZYTqkEgwf,107270
352,2023W52,32,MBZYTqkEgwf,107271
337,2024W1,29,MBZYTqkEgwf,107273
509,2024W2,15,MBZYTqkEgwf,107274
682,2024W3,25,MBZYTqkEgwf,107275
518,2024W4,23,MBZYTqkEgwf,107276
338,2024W5,25,MBZYTqkEgwf,107277
515,2024W6,16,MBZYTqkEgwf,107278
678,2024W7,25,MBZYTqkEgwf,107279
526,2024W8,30,MBZYTqkEgwf,107280
353,2024W9,23,MBZYTqkEgwf,107281
433,2024W10,21,MBZYTqkEgwf,107282
440,2024W11,15,MBZYTqkEgwf,107283
438,2024W12,18,MBZYTqkEgwf,107284
446,2024W13,20,MBZYTqkEgwf,107285
449,2024W14,17,MBZYTqkEgwf,107286
453,2024W15,24,MBZYTqkEgwf,107287
628,2023W21,1,RdNV4tTRNEo,107240
322,2023W23,1,RdNV4tTRNEo,107242
498,2023W24,2,RdNV4tTRNEo,107243
641,2023W29,1,RdNV4tTRNEo,107248
420,2023W32,1,RdNV4tTRNEo,107251
411,2023W44,15,RdNV4tTRNEo,107263
408,2023W45,17,RdNV4tTRNEo,107264
402,2023W46,21,RdNV4tTRNEo,107265
398,2023W47,12,RdNV4tTRNEo,107266
377,2023W48,20,RdNV4tTRNEo,107267
379,2023W49,18,RdNV4tTRNEo,107268
418,2023W50,21,RdNV4tTRNEo,107269
430,2023W51,21,RdNV4tTRNEo,107270
419,2023W52,23,RdNV4tTRNEo,107271
644,2024W1,29,RdNV4tTRNEo,107273
484,2024W2,32,RdNV4tTRNEo,107274
296,2024W3,27,RdNV4tTRNEo,107275
481,2024W4,18,RdNV4tTRNEo,107276
656,2024W5,23,RdNV4tTRNEo,107277
493,2024W6,19,RdNV4tTRNEo,107278
317,2024W7,20,RdNV4tTRNEo,107279
502,2024W8,20,RdNV4tTRNEo,107280
661,2024W9,17,RdNV4tTRNEo,107281
556,2024W10,26,RdNV4tTRNEo,107282
551,2024W11,24,RdNV4tTRNEo,107283
205,2024W12,12,RdNV4tTRNEo,107284
196,2024W13,28,RdNV4tTRNEo,107285
545,2024W14,15,RdNV4tTRNEo,107286
541,2024W15,21,RdNV4tTRNEo,107287
256,2023W17,3,TOgZ99Jv0bN,107236
412,2023W30,1,TOgZ99Jv0bN,107249
403,2023W32,3,TOgZ99Jv0bN,107251
399,2023W33,5,TOgZ99Jv0bN,107252
434,2023W35,1,TOgZ99Jv0bN,107254
439,2023W39,1,TOgZ99Jv0bN,107258
409,2023W42,1,TOgZ99Jv0bN,107261
400,2023W44,67,TOgZ99Jv0bN,107263
394,2023W45,64,TOgZ99Jv0bN,107264
380,2023W46,47,TOgZ99Jv0bN,107265
383,2023W47,39,TOgZ99Jv0bN,107266
384,2023W48,57,TOgZ99Jv0bN,107267
387,2023W49,62,TOgZ99Jv0bN,107268
673,2023W50,73,TOgZ99Jv0bN,107269
497,2023W51,54,TOgZ99Jv0bN,107270
330,2023W52,65,TOgZ99Jv0bN,107271
294,2024W1,79,TOgZ99Jv0bN,107273
476,2024W2,51,TOgZ99Jv0bN,107274
658,2024W3,52,TOgZ99Jv0bN,107275
500,2024W4,65,TOgZ99Jv0bN,107276
323,2024W5,66,TOgZ99Jv0bN,107277
504,2024W6,40,TOgZ99Jv0bN,107278
630,2024W7,54,TOgZ99Jv0bN,107279
467,2024W8,61,TOgZ99Jv0bN,107280
284,2024W9,55,TOgZ99Jv0bN,107281
197,2024W10,66,TOgZ99Jv0bN,107282
192,2024W11,37,TOgZ99Jv0bN,107283
590,2024W12,67,TOgZ99Jv0bN,107284
586,2024W13,68,TOgZ99Jv0bN,107285
198,2024W14,63,TOgZ99Jv0bN,107286
203,2024W15,73,TOgZ99Jv0bN,107287
62,2023W31,1,VWGSudnonm5,107250
67,2023W33,1,VWGSudnonm5,107252
12,2023W44,43,VWGSudnonm5,107263
13,2023W45,42,VWGSudnonm5,107264
46,2023W46,39,VWGSudnonm5,107265
53,2023W47,31,VWGSudnonm5,107266
39,2023W48,38,VWGSudnonm5,107267
40,2023W49,36,VWGSudnonm5,107268
77,2023W50,46,VWGSudnonm5,107269
58,2023W51,41,VWGSudnonm5,107270
59,2023W52,61,VWGSudnonm5,107271
606,2024W1,44,VWGSudnonm5,107273
116,2024W2,41,VWGSudnonm5,107274
297,2024W3,57,VWGSudnonm5,107275
124,2024W4,59,VWGSudnonm5,107276
639,2024W5,48,VWGSudnonm5,107277
117,2024W6,46,VWGSudnonm5,107278
298,2024W7,61,VWGSudnonm5,107279
112,2024W8,61,VWGSudnonm5,107280
635,2024W9,63,VWGSudnonm5,107281
561,2024W10,58,VWGSudnonm5,107282
565,2024W11,74,VWGSudnonm5,107283
215,2024W12,60,VWGSudnonm5,107284
199,2024W13,61,VWGSudnonm5,107285
543,2024W14,47,VWGSudnonm5,107286
554,2024W15,45,VWGSudnonm5,107287
76,2023W16,11,W6sNfkJcXGC,107235
72,2023W17,11,W6sNfkJcXGC,107236
69,2023W18,6,W6sNfkJcXGC,107237
87,2023W19,18,W6sNfkJcXGC,107238
130,2023W20,13,W6sNfkJcXGC,107239
648,2023W21,48,W6sNfkJcXGC,107240
125,2023W22,15,W6sNfkJcXGC,107241
306,2023W23,8,W6sNfkJcXGC,107242
131,2023W24,7,W6sNfkJcXGC,107243
645,2023W25,6,W6sNfkJcXGC,107244
118,2023W26,3,W6sNfkJcXGC,107245
302,2023W27,3,W6sNfkJcXGC,107246
114,2023W28,2,W6sNfkJcXGC,107247
640,2023W29,1,W6sNfkJcXGC,107248
326,2023W30,1,W6sNfkJcXGC,107249
132,2023W31,4,W6sNfkJcXGC,107250
649,2023W32,2,W6sNfkJcXGC,107251
307,2023W34,2,W6sNfkJcXGC,107253
133,2023W35,7,W6sNfkJcXGC,107254
600,2023W36,8,W6sNfkJcXGC,107255
255,2023W37,2,W6sNfkJcXGC,107256
250,2023W38,4,W6sNfkJcXGC,107257
221,2023W44,14,W6sNfkJcXGC,107263
226,2023W45,22,W6sNfkJcXGC,107264
571,2023W46,16,W6sNfkJcXGC,107265
559,2023W47,4,W6sNfkJcXGC,107266
214,2023W48,12,W6sNfkJcXGC,107267
212,2023W49,12,W6sNfkJcXGC,107268
235,2023W50,11,W6sNfkJcXGC,107269
239,2023W51,8,W6sNfkJcXGC,107270
570,2023W52,9,W6sNfkJcXGC,107271
152,2024W1,21,W6sNfkJcXGC,107273
674,2024W2,13,W6sNfkJcXGC,107274
146,2024W3,14,W6sNfkJcXGC,107275
331,2024W4,16,W6sNfkJcXGC,107276
147,2024W5,20,W6sNfkJcXGC,107277
659,2024W6,17,W6sNfkJcXGC,107278
139,2024W7,16,W6sNfkJcXGC,107279
312,2024W8,9,W6sNfkJcXGC,107280
70,2024W9,11,W6sNfkJcXGC,107281
37,2024W10,16,W6sNfkJcXGC,107282
56,2024W11,12,W6sNfkJcXGC,107283
44,2024W12,11,W6sNfkJcXGC,107284
48,2024W13,17,W6sNfkJcXGC,107285
29,2024W14,16,W6sNfkJcXGC,107286
35,2024W15,8,W6sNfkJcXGC,107287
291,2023W16,8,XKGgynPS1WZ,107235
121,2023W17,7,XKGgynPS1WZ,107236
646,2023W18,21,XKGgynPS1WZ,107237
122,2023W19,44,XKGgynPS1WZ,107238
664,2023W20,47,XKGgynPS1WZ,107239
141,2023W21,23,XKGgynPS1WZ,107240
325,2023W22,40,XKGgynPS1WZ,107241
153,2023W23,21,XKGgynPS1WZ,107242
669,2023W24,9,XKGgynPS1WZ,107243
151,2023W25,9,XKGgynPS1WZ,107244
334,2023W26,7,XKGgynPS1WZ,107245
154,2023W27,13,XKGgynPS1WZ,107246
680,2023W28,3,XKGgynPS1WZ,107247
160,2023W29,2,XKGgynPS1WZ,107248
582,2023W30,4,XKGgynPS1WZ,107249
584,2023W31,6,XKGgynPS1WZ,107250
234,2023W32,4,XKGgynPS1WZ,107251
238,2023W33,2,XKGgynPS1WZ,107252
542,2023W35,4,XKGgynPS1WZ,107254
191,2023W36,1,XKGgynPS1WZ,107255
193,2023W37,1,XKGgynPS1WZ,107256
544,2023W38,1,XKGgynPS1WZ,107257
560,2023W39,4,XKGgynPS1WZ,107258
236,2023W43,1,XKGgynPS1WZ,107262
507,2023W44,20,XKGgynPS1WZ,107263
671,2023W45,30,XKGgynPS1WZ,107264
506,2023W46,25,XKGgynPS1WZ,107265
333,2023W47,26,XKGgynPS1WZ,107266
508,2023W48,26,XKGgynPS1WZ,107267
672,2023W49,30,XKGgynPS1WZ,107268
314,2023W50,22,XKGgynPS1WZ,107269
495,2023W51,21,XKGgynPS1WZ,107270
663,2023W52,28,XKGgynPS1WZ,107271
651,2024W1,32,XKGgynPS1WZ,107273
128,2024W2,30,XKGgynPS1WZ,107274
311,2024W3,24,XKGgynPS1WZ,107275
129,2024W4,33,XKGgynPS1WZ,107276
652,2024W5,38,XKGgynPS1WZ,107277
148,2024W6,30,XKGgynPS1WZ,107278
332,2024W7,28,XKGgynPS1WZ,107279
149,2024W8,36,XKGgynPS1WZ,107280
660,2024W9,40,XKGgynPS1WZ,107281
34,2024W10,38,XKGgynPS1WZ,107282
43,2024W11,31,XKGgynPS1WZ,107283
47,2024W12,23,XKGgynPS1WZ,107284
38,2024W13,38,XKGgynPS1WZ,107285
57,2024W14,45,XKGgynPS1WZ,107286
45,2024W15,29,XKGgynPS1WZ,107287
150,2023W32,1,YvLOmtTQD6b,107251
157,2023W36,2,YvLOmtTQD6b,107255
50,2023W44,9,YvLOmtTQD6b,107263
14,2023W45,8,YvLOmtTQD6b,107264
19,2023W46,11,YvLOmtTQD6b,107265
2,2023W47,8,YvLOmtTQD6b,107266
8,2023W48,7,YvLOmtTQD6b,107267
3,2023W49,8,YvLOmtTQD6b,107268
41,2023W50,7,YvLOmtTQD6b,107269
36,2023W51,4,YvLOmtTQD6b,107270
42,2023W52,7,YvLOmtTQD6b,107271
653,2024W1,11,YvLOmtTQD6b,107273
135,2024W2,9,YvLOmtTQD6b,107274
310,2024W3,5,YvLOmtTQD6b,107275
126,2024W4,7,YvLOmtTQD6b,107276
647,2024W5,11,YvLOmtTQD6b,107277
127,2024W6,7,YvLOmtTQD6b,107278
327,2024W7,4,YvLOmtTQD6b,107279
143,2024W8,17,YvLOmtTQD6b,107280
654,2024W9,8,YvLOmtTQD6b,107281
577,2024W10,10,YvLOmtTQD6b,107282
574,2024W11,3,YvLOmtTQD6b,107283
237,2024W12,11,YvLOmtTQD6b,107284
240,2024W13,3,YvLOmtTQD6b,107285
587,2024W14,3,YvLOmtTQD6b,107286
579,2024W15,14,YvLOmtTQD6b,107287
78,2023W16,5,c4HrGRJoarj,107235
61,2023W17,7,c4HrGRJoarj,107236
64,2023W18,6,c4HrGRJoarj,107237
65,2023W19,3,c4HrGRJoarj,107238
49,2023W20,4,c4HrGRJoarj,107239
9,2023W21,1,c4HrGRJoarj,107240
17,2023W22,9,c4HrGRJoarj,107241
15,2023W23,1,c4HrGRJoarj,107242
4,2023W24,4,c4HrGRJoarj,107243
0,2023W25,9,c4HrGRJoarj,107244
24,2023W26,5,c4HrGRJoarj,107245
5,2023W28,13,c4HrGRJoarj,107247
10,2023W29,16,c4HrGRJoarj,107248
52,2023W30,18,c4HrGRJoarj,107249
328,2023W40,1,c4HrGRJoarj,107259
110,2023W43,1,c4HrGRJoarj,107262
293,2023W44,19,c4HrGRJoarj,107263
105,2023W45,13,c4HrGRJoarj,107264
624,2023W46,27,c4HrGRJoarj,107265
106,2023W47,10,c4HrGRJoarj,107266
304,2023W48,33,c4HrGRJoarj,107267
120,2023W49,17,c4HrGRJoarj,107268
136,2023W50,23,c4HrGRJoarj,107269
329,2023W51,30,c4HrGRJoarj,107270
144,2023W52,29,c4HrGRJoarj,107271
31,2024W1,31,c4HrGRJoarj,107273
26,2024W2,23,c4HrGRJoarj,107274
27,2024W3,29,c4HrGRJoarj,107275
54,2024W4,35,c4HrGRJoarj,107276
55,2024W5,45,c4HrGRJoarj,107277
51,2024W6,25,c4HrGRJoarj,107278
30,2024W7,43,c4HrGRJoarj,107279
32,2024W8,37,c4HrGRJoarj,107280
33,2024W9,36,c4HrGRJoarj,107281
145,2024W10,42,c4HrGRJoarj,107282
665,2024W11,42,c4HrGRJoarj,107283
137,2024W12,16,c4HrGRJoarj,107284
313,2024W13,40,c4HrGRJoarj,107285
138,2024W14,37,c4HrGRJoarj,107286
637,2024W15,33,c4HrGRJoarj,107287
670,2023W17,6,dOhqCNenSjS,107236
513,2023W18,6,dOhqCNenSjS,107237
612,2023W20,4,dOhqCNenSjS,107239
209,2023W21,4,dOhqCNenSjS,107240
211,2023W22,9,dOhqCNenSjS,107241
557,2023W23,4,dOhqCNenSjS,107242
558,2023W24,4,dOhqCNenSjS,107243
220,2023W25,2,dOhqCNenSjS,107244
194,2023W26,3,dOhqCNenSjS,107245
547,2023W27,2,dOhqCNenSjS,107246
538,2023W28,1,dOhqCNenSjS,107247
210,2023W29,1,dOhqCNenSjS,107248
694,2023W30,2,dOhqCNenSjS,107249
159,2023W33,2,dOhqCNenSjS,107252
345,2023W36,1,dOhqCNenSjS,107255
613,2023W41,1,dOhqCNenSjS,107260
111,2023W43,1,dOhqCNenSjS,107262
643,2023W44,13,dOhqCNenSjS,107263
119,2023W45,15,dOhqCNenSjS,107264
305,2023W46,17,dOhqCNenSjS,107265
123,2023W47,10,dOhqCNenSjS,107266
633,2023W48,5,dOhqCNenSjS,107267
103,2023W49,4,dOhqCNenSjS,107268
188,2023W50,1,dOhqCNenSjS,107269
697,2023W51,6,dOhqCNenSjS,107270
175,2023W52,10,dOhqCNenSjS,107271
530,2024W1,17,dOhqCNenSjS,107273
370,2024W2,18,dOhqCNenSjS,107274
536,2024W3,19,dOhqCNenSjS,107275
686,2024W4,16,dOhqCNenSjS,107276
524,2024W5,17,dOhqCNenSjS,107277
347,2024W6,13,dOhqCNenSjS,107278
527,2024W7,13,dOhqCNenSjS,107279
690,2024W8,8,dOhqCNenSjS,107280
525,2024W9,7,dOhqCNenSjS,107281
465,2024W10,6,dOhqCNenSjS,107282
464,2024W11,9,dOhqCNenSjS,107283
448,2024W12,9,dOhqCNenSjS,107284
452,2024W13,16,dOhqCNenSjS,107285
454,2024W14,28,dOhqCNenSjS,107286
295,2024W15,33,dOhqCNenSjS,107287
703,2023W16,3,hRQsZhmvqgS,107235
537,2023W17,16,hRQsZhmvqgS,107236
371,2023W18,3,hRQsZhmvqgS,107237
531,2023W19,4,hRQsZhmvqgS,107238
260,2023W20,6,hRQsZhmvqgS,107239
258,2023W21,8,hRQsZhmvqgS,107240
594,2023W22,4,hRQsZhmvqgS,107241
592,2023W23,2,hRQsZhmvqgS,107242
242,2023W24,6,hRQsZhmvqgS,107243
243,2023W25,11,hRQsZhmvqgS,107244
595,2023W26,6,hRQsZhmvqgS,107245
620,2023W27,4,hRQsZhmvqgS,107246
275,2023W28,3,hRQsZhmvqgS,107247
280,2023W29,1,hRQsZhmvqgS,107248
485,2023W30,3,hRQsZhmvqgS,107249
299,2023W31,10,hRQsZhmvqgS,107250
486,2023W32,5,hRQsZhmvqgS,107251
627,2023W33,7,hRQsZhmvqgS,107252
470,2023W34,3,hRQsZhmvqgS,107253
282,2023W35,9,hRQsZhmvqgS,107254
534,2023W38,1,hRQsZhmvqgS,107257
366,2023W39,4,hRQsZhmvqgS,107258
437,2023W40,5,hRQsZhmvqgS,107259
423,2023W43,8,hRQsZhmvqgS,107262
424,2023W44,8,hRQsZhmvqgS,107263
416,2023W45,8,hRQsZhmvqgS,107264
417,2023W46,13,hRQsZhmvqgS,107265
425,2023W47,12,hRQsZhmvqgS,107266
426,2023W48,14,hRQsZhmvqgS,107267
463,2023W49,10,hRQsZhmvqgS,107268
382,2023W50,5,hRQsZhmvqgS,107269
386,2023W51,6,hRQsZhmvqgS,107270
385,2023W52,18,hRQsZhmvqgS,107271
223,2024W1,20,hRQsZhmvqgS,107273
228,2024W2,2,hRQsZhmvqgS,107274
569,2024W3,8,hRQsZhmvqgS,107275
572,2024W4,9,hRQsZhmvqgS,107276
341,2024W5,19,hRQsZhmvqgS,107277
519,2024W6,16,hRQsZhmvqgS,107278
683,2024W7,24,hRQsZhmvqgS,107279
516,2024W8,17,hRQsZhmvqgS,107280
339,2024W9,13,hRQsZhmvqgS,107281
248,2024W10,15,hRQsZhmvqgS,107282
252,2024W11,5,hRQsZhmvqgS,107283
597,2024W12,13,hRQsZhmvqgS,107284
602,2024W13,21,hRQsZhmvqgS,107285
249,2024W14,15,hRQsZhmvqgS,107286
253,2024W15,19,hRQsZhmvqgS,107287
262,2023W44,66,hdeC7uX9Cko,107263
619,2023W45,48,hdeC7uX9Cko,107264
616,2023W46,42,hdeC7uX9Cko,107265
278,2023W47,46,hdeC7uX9Cko,107266
271,2023W48,54,hdeC7uX9Cko,107267
614,2023W49,70,hdeC7uX9Cko,107268
348,2023W50,76,hdeC7uX9Cko,107269
168,2023W51,68,hdeC7uX9Cko,107270
684,2023W52,66,hdeC7uX9Cko,107271
629,2024W1,92,hdeC7uX9Cko,107273
483,2024W2,94,hdeC7uX9Cko,107274
300,2024W3,79,hdeC7uX9Cko,107275
482,2024W4,92,hdeC7uX9Cko,107276
642,2024W5,75,hdeC7uX9Cko,107277
480,2024W6,62,hdeC7uX9Cko,107278
360,2024W7,77,hdeC7uX9Cko,107279
528,2024W8,100,hdeC7uX9Cko,107280
700,2024W9,101,hdeC7uX9Cko,107281
378,2024W10,66,hdeC7uX9Cko,107282
381,2024W11,95,hdeC7uX9Cko,107283
450,2024W12,75,hdeC7uX9Cko,107284
447,2024W13,75,hdeC7uX9Cko,107285
451,2024W14,87,hdeC7uX9Cko,107286
443,2024W15,61,hdeC7uX9Cko,107287
405,2023W16,21,pFCZqWnXtoU,107235
401,2023W17,38,pFCZqWnXtoU,107236
375,2023W18,68,pFCZqWnXtoU,107237
376,2023W19,44,pFCZqWnXtoU,107238
421,2023W20,25,pFCZqWnXtoU,107239
429,2023W21,22,pFCZqWnXtoU,107240
414,2023W22,41,pFCZqWnXtoU,107241
415,2023W23,46,pFCZqWnXtoU,107242
422,2023W24,31,pFCZqWnXtoU,107243
503,2023W25,34,pFCZqWnXtoU,107244
662,2023W26,34,pFCZqWnXtoU,107245
499,2023W27,38,pFCZqWnXtoU,107246
318,2023W28,20,pFCZqWnXtoU,107247
511,2023W29,9,pFCZqWnXtoU,107248
474,2023W30,5,pFCZqWnXtoU,107249
288,2023W31,1,pFCZqWnXtoU,107250
479,2023W32,2,pFCZqWnXtoU,107251
625,2023W33,3,pFCZqWnXtoU,107252
475,2023W34,2,pFCZqWnXtoU,107253
289,2023W35,1,pFCZqWnXtoU,107254
505,2023W36,2,pFCZqWnXtoU,107255
591,2023W44,34,pFCZqWnXtoU,107263
247,2023W45,41,pFCZqWnXtoU,107264
245,2023W46,50,pFCZqWnXtoU,107265
589,2023W47,35,pFCZqWnXtoU,107266
585,2023W48,30,pFCZqWnXtoU,107267
233,2023W49,31,pFCZqWnXtoU,107268
566,2023W50,36,pFCZqWnXtoU,107269
217,2023W51,40,pFCZqWnXtoU,107270
200,2023W52,48,pFCZqWnXtoU,107271
346,2024W1,35,pFCZqWnXtoU,107273
523,2024W2,53,pFCZqWnXtoU,107274
681,2024W3,48,pFCZqWnXtoU,107275
517,2024W4,41,pFCZqWnXtoU,107276
340,2024W5,40,pFCZqWnXtoU,107277
514,2024W6,26,pFCZqWnXtoU,107278
676,2024W7,48,pFCZqWnXtoU,107279
396,2024W8,43,pFCZqWnXtoU,107280
397,2024W9,59,pFCZqWnXtoU,107281
431,2024W10,52,pFCZqWnXtoU,107282
432,2024W11,39,pFCZqWnXtoU,107283
435,2024W12,43,pFCZqWnXtoU,107284
436,2024W13,35,pFCZqWnXtoU,107285
427,2024W14,33,pFCZqWnXtoU,107286
428,2024W15,40,pFCZqWnXtoU,107287
94,2023W16,17,quFXhkOJGB4,107235
63,2023W17,26,quFXhkOJGB4,107236
66,2023W18,20,quFXhkOJGB4,107237
60,2023W19,27,quFXhkOJGB4,107238
115,2023W20,26,quFXhkOJGB4,107239
691,2023W21,15,quFXhkOJGB4,107240
176,2023W22,7,quFXhkOJGB4,107241
361,2023W23,12,quFXhkOJGB4,107242
180,2023W24,9,quFXhkOJGB4,107243
704,2023W25,5,quFXhkOJGB4,107244
185,2023W26,10,quFXhkOJGB4,107245
367,2023W27,9,quFXhkOJGB4,107246
107,2023W28,11,quFXhkOJGB4,107247
638,2023W29,9,quFXhkOJGB4,107248
251,2023W30,5,quFXhkOJGB4,107249
598,2023W31,7,quFXhkOJGB4,107250
609,2023W32,1,quFXhkOJGB4,107251
269,2023W33,5,quFXhkOJGB4,107252
273,2023W34,1,quFXhkOJGB4,107253
615,2023W35,1,quFXhkOJGB4,107254
622,2023W36,1,quFXhkOJGB4,107255
274,2023W37,3,quFXhkOJGB4,107256
246,2023W38,3,quFXhkOJGB4,107257
593,2023W39,6,quFXhkOJGB4,107258
216,2023W40,2,quFXhkOJGB4,107259
213,2023W41,5,quFXhkOJGB4,107260
555,2023W42,4,quFXhkOJGB4,107261
364,2023W44,31,quFXhkOJGB4,107263
182,2023W45,41,quFXhkOJGB4,107264
702,2023W46,26,quFXhkOJGB4,107265
190,2023W47,19,quFXhkOJGB4,107266
368,2023W48,21,quFXhkOJGB4,107267
548,2023W49,23,quFXhkOJGB4,107268
259,2023W50,30,quFXhkOJGB4,107269
257,2023W51,15,quFXhkOJGB4,107270
599,2023W52,19,quFXhkOJGB4,107271
68,2024W1,22,quFXhkOJGB4,107273
71,2024W2,16,quFXhkOJGB4,107274
74,2024W3,15,quFXhkOJGB4,107275
73,2024W4,19,quFXhkOJGB4,107276
75,2024W5,8,quFXhkOJGB4,107277
82,2024W6,21,quFXhkOJGB4,107278
80,2024W7,24,quFXhkOJGB4,107279
79,2024W8,14,quFXhkOJGB4,107280
81,2024W9,17,quFXhkOJGB4,107281
25,2024W10,24,quFXhkOJGB4,107282
685,2024W11,22,quFXhkOJGB4,107283
169,2024W12,24,quFXhkOJGB4,107284
349,2024W13,17,quFXhkOJGB4,107285
171,2024W14,20,quFXhkOJGB4,107286
689,2024W15,14,quFXhkOJGB4,107287
92,2023W21,1,rO2RVJWHpCe,107240
90,2023W22,1,rO2RVJWHpCe,107241
113,2023W23,3,rO2RVJWHpCe,107242
292,2023W24,2,rO2RVJWHpCe,107243
286,2023W28,9,rO2RVJWHpCe,107247
109,2023W29,3,rO2RVJWHpCe,107248
189,2023W30,2,rO2RVJWHpCe,107249
363,2023W31,5,rO2RVJWHpCe,107250
181,2023W32,3,rO2RVJWHpCe,107251
695,2023W33,2,rO2RVJWHpCe,107252
158,2023W34,2,rO2RVJWHpCe,107253
336,2023W35,3,rO2RVJWHpCe,107254
156,2023W36,1,rO2RVJWHpCe,107255
164,2023W38,5,rO2RVJWHpCe,107257
268,2023W42,1,rO2RVJWHpCe,107261
553,2023W44,53,rO2RVJWHpCe,107263
208,2023W45,39,rO2RVJWHpCe,107264
202,2023W46,44,rO2RVJWHpCe,107265
546,2023W47,29,rO2RVJWHpCe,107266
562,2023W48,44,rO2RVJWHpCe,107267
219,2023W49,57,rO2RVJWHpCe,107268
696,2023W50,38,rO2RVJWHpCe,107269
535,2023W51,38,rO2RVJWHpCe,107270
359,2023W52,46,rO2RVJWHpCe,107271
355,2024W1,37,rO2RVJWHpCe,107273
170,2024W2,39,rO2RVJWHpCe,107274
687,2024W3,41,rO2RVJWHpCe,107275
166,2024W4,21,rO2RVJWHpCe,107276
373,2024W5,19,rO2RVJWHpCe,107277
165,2024W6,30,rO2RVJWHpCe,107278
688,2024W7,32,rO2RVJWHpCe,107279
167,2024W8,23,rO2RVJWHpCe,107280
356,2024W9,26,rO2RVJWHpCe,107281
83,2024W10,40,rO2RVJWHpCe,107282
97,2024W11,44,rO2RVJWHpCe,107283
102,2024W12,33,rO2RVJWHpCe,107284
98,2024W13,36,rO2RVJWHpCe,107285
93,2024W14,19,rO2RVJWHpCe,107286
91,2024W15,27,rO2RVJWHpCe,107287
490,2023W17,1,sv6c7CpPcrc,107236
308,2023W18,1,sv6c7CpPcrc,107237
487,2023W19,1,sv6c7CpPcrc,107238
319,2023W20,2,sv6c7CpPcrc,107239
496,2023W21,1,sv6c7CpPcrc,107240
655,2023W26,1,sv6c7CpPcrc,107245
489,2023W27,4,sv6c7CpPcrc,107246
309,2023W28,3,sv6c7CpPcrc,107247
491,2023W29,4,sv6c7CpPcrc,107248
404,2023W31,1,sv6c7CpPcrc,107250
413,2023W33,1,sv6c7CpPcrc,107252
410,2023W34,4,sv6c7CpPcrc,107253
393,2023W35,1,sv6c7CpPcrc,107254
395,2023W37,1,sv6c7CpPcrc,107256
391,2023W38,1,sv6c7CpPcrc,107257
406,2023W44,41,sv6c7CpPcrc,107263
407,2023W45,48,sv6c7CpPcrc,107264
392,2023W46,42,sv6c7CpPcrc,107265
389,2023W47,37,sv6c7CpPcrc,107266
388,2023W48,30,sv6c7CpPcrc,107267
390,2023W49,31,sv6c7CpPcrc,107268
677,2023W50,41,sv6c7CpPcrc,107269
492,2023W51,40,sv6c7CpPcrc,107270
315,2023W52,36,sv6c7CpPcrc,107271
301,2024W1,32,sv6c7CpPcrc,107273
471,2024W2,41,sv6c7CpPcrc,107274
631,2024W3,35,sv6c7CpPcrc,107275
469,2024W4,25,sv6c7CpPcrc,107276
285,2024W5,29,sv6c7CpPcrc,107277
472,2024W6,18,sv6c7CpPcrc,107278
632,2024W7,39,sv6c7CpPcrc,107279
501,2024W8,20,sv6c7CpPcrc,107280
324,2024W9,13,sv6c7CpPcrc,107281
206,2024W10,21,sv6c7CpPcrc,107282
204,2024W11,21,sv6c7CpPcrc,107283
552,2024W12,12,sv6c7CpPcrc,107284
583,2024W13,18,sv6c7CpPcrc,107285
230,2024W14,7,sv6c7CpPcrc,107286
229,2024W15,18,sv6c7CpPcrc,107287
679,2023W16,4,vBWtCmNNnCG,107235
161,2023W17,7,vBWtCmNNnCG,107236
343,2023W18,20,vBWtCmNNnCG,107237
28,2023W19,24,vBWtCmNNnCG,107238
99,2023W20,24,vBWtCmNNnCG,107239
100,2023W21,18,vBWtCmNNnCG,107240
88,2023W22,15,vBWtCmNNnCG,107241
89,2023W23,26,vBWtCmNNnCG,107242
85,2023W24,20,vBWtCmNNnCG,107243
86,2023W25,12,vBWtCmNNnCG,107244
84,2023W26,18,vBWtCmNNnCG,107245
21,2023W27,10,vBWtCmNNnCG,107246
22,2023W28,28,vBWtCmNNnCG,107247
23,2023W29,17,vBWtCmNNnCG,107248
186,2023W30,22,vBWtCmNNnCG,107249
372,2023W31,38,vBWtCmNNnCG,107250
177,2023W32,22,vBWtCmNNnCG,107251
693,2023W33,17,vBWtCmNNnCG,107252
178,2023W34,7,vBWtCmNNnCG,107253
354,2023W35,15,vBWtCmNNnCG,107254
172,2023W36,15,vBWtCmNNnCG,107255
162,2023W38,2,vBWtCmNNnCG,107257
344,2023W39,4,vBWtCmNNnCG,107258
636,2023W40,1,vBWtCmNNnCG,107259
279,2023W41,1,vBWtCmNNnCG,107260
281,2023W42,1,vBWtCmNNnCG,107261
611,2023W44,49,vBWtCmNNnCG,107263
270,2023W45,43,vBWtCmNNnCG,107264
267,2023W46,25,vBWtCmNNnCG,107265
607,2023W47,19,vBWtCmNNnCG,107266
605,2023W48,30,vBWtCmNNnCG,107267
303,2023W49,33,vBWtCmNNnCG,107268
675,2023W50,52,vBWtCmNNnCG,107269
183,2023W51,48,vBWtCmNNnCG,107270
369,2023W52,52,vBWtCmNNnCG,107271
20,2024W1,35,vBWtCmNNnCG,107273
16,2024W2,33,vBWtCmNNnCG,107274
18,2024W3,43,vBWtCmNNnCG,107275
11,2024W4,42,vBWtCmNNnCG,107276
6,2024W5,50,vBWtCmNNnCG,107277
187,2024W6,30,vBWtCmNNnCG,107278
706,2024W7,33,vBWtCmNNnCG,107279
1,2024W8,57,vBWtCmNNnCG,107280
7,2024W9,44,vBWtCmNNnCG,107281
104,2024W10,56,vBWtCmNNnCG,107282
283,2024W11,44,vBWtCmNNnCG,107283
108,2024W12,40,vBWtCmNNnCG,107284
101,2024W13,43,vBWtCmNNnCG,107285
95,2024W14,40,vBWtCmNNnCG,107286
96,2024W15,50,vBWtCmNNnCG,107287
