{"headers":[{"name":"dx","column":"Data","valueType":"TEXT","type":"java.lang.String","hidden":false,"meta":true},{"name":"ou","column":"Organisation unit","valueType":"TEXT","type":"java.lang.String","hidden":false,"meta":true},{"name":"pe","column":"Period","valueType":"TEXT","type":"java.lang.String","hidden":false,"meta":true},{"name":"value","column":"Value","valueType":"NUMBER","type":"java.lang.Double","hidden":false,"meta":false}],"metaData":{"items":{"vq2qO3eTrNi":{"name":"IDSR Malaria"},"jUb8gELQApl":{"name":"Kailahun"},"eIQbndfxQMb":{"name":"Tonkolili"},"Vth0fbpFcsO":{"name":"Kono"},"202309":{"name":"September 2023"},"202307":{"name":"July 2023"},"O6uvpzGd5pu":{"name":"Bo"},"bL4ooGhyHRQ":{"name":"Pujehun"},"202308":{"name":"August 2023"},"kJq2mPyFEHo":{"name":"Kenema"},"202305":{"name":"May 2023"},"202306":{"name":"June 2023"},"wjP19dkFeIk":{"uid":"wjP19dkFeIk","name":"District"},"202402":{"name":"February 2024"},"202304":{"name":"April 2023"},"202403":{"name":"March 2024"},"202401":{"name":"January 2024"},"202310":{"name":"October 2023"},"202311":{"name":"November 2023"},"at6UHUQatSo":{"name":"Western Area"},"dx":{"name":"Data"},"TEQlaapDQoK":{"name":"Port Loko"},"PMa2VCrupOd":{"name":"Kambia"},"ou":{"name":"Organisation unit"},"202312":{"name":"December 2023"},"fdc6uOvgoji":{"name":"Bombali"},"pe":{"name":"Period"},"HllvX50cXC0":{"name":"default"},"lc3eMKXaEfw":{"name":"Bonthe"},"qhqAxPSTUXp":{"name":"Koinadugu"},"jmIPBj66vD6":{"name":"Moyamba"}},"dimensions":{"dx":["vq2qO3eTrNi"],"pe":["202304","202305","202306","202307","202308","202309","202310","202311","202312","202401","202402","202403"],"ou":["O6uvpzGd5pu","fdc6uOvgoji","lc3eMKXaEfw","jUb8gELQApl","PMa2VCrupOd","kJq2mPyFEHo","qhqAxPSTUXp","Vth0fbpFcsO","jmIPBj66vD6","TEQlaapDQoK","bL4ooGhyHRQ","eIQbndfxQMb","at6UHUQatSo"],"co":["HllvX50cXC0"]}},"rows":[["vq2qO3eTrNi","jUb8gELQApl","202309","71"],["vq2qO3eTrNi","Vth0fbpFcsO","202312","53"],["vq2qO3eTrNi","jUb8gELQApl","202308","52"],["vq2qO3eTrNi","Vth0fbpFcsO","202311","108"],["vq2qO3eTrNi","Vth0fbpFcsO","202310","53"],["vq2qO3eTrNi","jUb8gELQApl","202305","75"],["vq2qO3eTrNi","jUb8gELQApl","202307","112"],["vq2qO3eTrNi","jUb8gELQApl","202306","95"],["vq2qO3eTrNi","bL4ooGhyHRQ","202312","38"],["vq2qO3eTrNi","bL4ooGhyHRQ","202311","126"],["vq2qO3eTrNi","jUb8gELQApl","202310","59"],["vq2qO3eTrNi","O6uvpzGd5pu","202308","71"],["vq2qO3eTrNi","O6uvpzGd5pu","202309","141"],["vq2qO3eTrNi","O6uvpzGd5pu","202306","139"],["vq2qO3eTrNi","O6uvpzGd5pu","202307","168"],["vq2qO3eTrNi","O6uvpzGd5pu","202305","116"],["vq2qO3eTrNi","bL4ooGhyHRQ","202309","87"],["vq2qO3eTrNi","bL4ooGhyHRQ","202308","31"],["vq2qO3eTrNi","bL4ooGhyHRQ","202307","98"],["vq2qO3eTrNi","bL4ooGhyHRQ","202306","98"],["vq2qO3eTrNi","bL4ooGhyHRQ","202305","52"],["vq2qO3eTrNi","bL4ooGhyHRQ","202310","49"],["vq2qO3eTrNi","jmIPBj66vD6","202309","100"],["vq2qO3eTrNi","jmIPBj66vD6","202307","138"],["vq2qO3eTrNi","jmIPBj66vD6","202308","54"],["vq2qO3eTrNi","jmIPBj66vD6","202305","78"],["vq2qO3eTrNi","jmIPBj66vD6","202306","126"],["vq2qO3eTrNi","lc3eMKXaEfw","202312","38"],["vq2qO3eTrNi","lc3eMKXaEfw","202310","50"],["vq2qO3eTrNi","lc3eMKXaEfw","202311","86"],["vq2qO3eTrNi","jmIPBj66vD6","202312","72"],["vq2qO3eTrNi","jmIPBj66vD6","202310","61"],["vq2qO3eTrNi","jmIPBj66vD6","202311","124"],["vq2qO3eTrNi","Vth0fbpFcsO","202305","57"],["vq2qO3eTrNi","lc3eMKXaEfw","202309","64"],["vq2qO3eTrNi","lc3eMKXaEfw","202307","84"],["vq2qO3eTrNi","Vth0fbpFcsO","202309","79"],["vq2qO3eTrNi","lc3eMKXaEfw","202308","42"],["vq2qO3eTrNi","Vth0fbpFcsO","202308","41"],["vq2qO3eTrNi","lc3eMKXaEfw","202305","46"],["vq2qO3eTrNi","Vth0fbpFcsO","202307","131"],["vq2qO3eTrNi","lc3eMKXaEfw","202306","69"],["vq2qO3eTrNi","Vth0fbpFcsO","202306","94"],["vq2qO3eTrNi","qhqAxPSTUXp","202309","60"],["vq2qO3eTrNi","qhqAxPSTUXp","202308","25"],["vq2qO3eTrNi","qhqAxPSTUXp","202305","55"],["vq2qO3eTrNi","qhqAxPSTUXp","202307","86"],["vq2qO3eTrNi","qhqAxPSTUXp","202306","80"],["vq2qO3eTrNi","qhqAxPSTUXp","202312","44"],["vq2qO3eTrNi","qhqAxPSTUXp","202311","89"],["vq2qO3eTrNi","qhqAxPSTUXp","202310","44"],["vq2qO3eTrNi","eIQbndfxQMb","202309","102"],["vq2qO3eTrNi","eIQbndfxQMb","202308","64"],["vq2qO3eTrNi","eIQbndfxQMb","202305","88"],["vq2qO3eTrNi","at6UHUQatSo","202305","124"],["vq2qO3eTrNi","eIQbndfxQMb","202307","160"],["vq2qO3eTrNi","at6UHUQatSo","202306","185"],["vq2qO3eTrNi","eIQbndfxQMb","202306","175"],["vq2qO3eTrNi","at6UHUQatSo","202307","191"],["vq2qO3eTrNi","at6UHUQatSo","202308","88"],["vq2qO3eTrNi","at6UHUQatSo","202309","146"],["vq2qO3eTrNi","fdc6uOvgoji","202310","122"],["vq2qO3eTrNi","fdc6uOvgoji","202311","190"],["vq2qO3eTrNi","at6UHUQatSo","202310","94"],["vq2qO3eTrNi","TEQlaapDQoK","202310","73"],["vq2qO3eTrNi","fdc6uOvgoji","202312","74"],["vq2qO3eTrNi","at6UHUQatSo","202311","160"],["vq2qO3eTrNi","at6UHUQatSo","202312","105"],["vq2qO3eTrNi","TEQlaapDQoK","202312","52"],["vq2qO3eTrNi","TEQlaapDQoK","202311","125"],["vq2qO3eTrNi","TEQlaapDQoK","202307","111"],["vq2qO3eTrNi","TEQlaapDQoK","202306","124"],["vq2qO3eTrNi","TEQlaapDQoK","202305","68"],["vq2qO3eTrNi","fdc6uOvgoji","202309","139"],["vq2qO3eTrNi","TEQlaapDQoK","202309","95"],["vq2qO3eTrNi","TEQlaapDQoK","202308","46"],["vq2qO3eTrNi","kJq2mPyFEHo","202307","170"],["vq2qO3eTrNi","kJq2mPyFEHo","202308","71"],["vq2qO3eTrNi","kJq2mPyFEHo","202309","126"],["vq2qO3eTrNi","PMa2VCrupOd","202311","110"],["vq2qO3eTrNi","PMa2VCrupOd","202312","59"],["vq2qO3eTrNi","kJq2mPyFEHo","202305","108"],["vq2qO3eTrNi","kJq2mPyFEHo","202306","163"],["vq2qO3eTrNi","PMa2VCrupOd","202310","63"],["vq2qO3eTrNi","kJq2mPyFEHo","202310","88"],["vq2qO3eTrNi","kJq2mPyFEHo","202311","170"],["vq2qO3eTrNi","kJq2mPyFEHo","202312","86"],["vq2qO3eTrNi","fdc6uOvgoji","202305","125"],["vq2qO3eTrNi","O6uvpzGd5pu","202311","188"],["vq2qO3eTrNi","fdc6uOvgoji","202306","173"],["vq2qO3eTrNi","O6uvpzGd5pu","202312","93"],["vq2qO3eTrNi","fdc6uOvgoji","202307","169"],["vq2qO3eTrNi","fdc6uOvgoji","202308","73"],["vq2qO3eTrNi","O6uvpzGd5pu","202310","94"],["vq2qO3eTrNi","eIQbndfxQMb","202310","93"],["vq2qO3eTrNi","PMa2VCrupOd","202308","41"],["vq2qO3eTrNi","PMa2VCrupOd","202309","92"],["vq2qO3eTrNi","PMa2VCrupOd","202306","123"],["vq2qO3eTrNi","PMa2VCrupOd","202307","103"],["vq2qO3eTrNi","PMa2VCrupOd","202305","83"],["vq2qO3eTrNi","jUb8gELQApl","202312","58"],["vq2qO3eTrNi","jUb8gELQApl","202311","145"],["vq2qO3eTrNi","eIQbndfxQMb","202312","103"],["vq2qO3eTrNi","eIQbndfxQMb","202311","175"]],"width":4,"height":104,"headerWidth":4}