{
    "headers": [
        {
            "name": "dx",
            "column": "Data",
            "valueType": "TEXT",
            "type": "java.lang.String",
            "hidden": false,
            "meta": true
        },
        {
            "name": "ou",
            "column": "Organisation unit",
            "valueType": "TEXT",
            "type": "java.lang.String",
            "hidden": false,
            "meta": true
        },
        {
            "name": "pe",
            "column": "Period",
            "valueType": "TEXT",
            "type": "java.lang.String",
            "hidden": false,
            "meta": true
        },
        {
            "name": "value",
            "column": "Value",
            "valueType": "NUMBER",
            "type": "java.lang.Double",
            "hidden": false,
            "meta": false
        }
    ],
    "metaData": {
        "items": {
            "jUb8gELQApl": {
                "name": "Kailahun"
            },
            "TEQlaapDQoK": {
                "name": "Port Loko"
            },
            "eIQbndfxQMb": {
                "name": "Tonkolili"
            },
            "WUg3MYWQ7pt": {
                "name": "Total Population"
            },
            "Vth0fbpFcsO": {
                "name": "Kono"
            },
            "PMa2VCrupOd": {
                "name": "Kambia"
            },
            "ou": {
                "name": "Organisation unit"
            },
            "2023": {
                "name": "2023"
            },
            "O6uvpzGd5pu": {
                "name": "Bo"
            },
            "bL4ooGhyHRQ": {
                "name": "Pujehun"
            },
            "kJq2mPyFEHo": {
                "name": "Kenema"
            },
            "wjP19dkFeIk": {
                "uid": "wjP19dkFeIk",
                "name": "District"
            },
            "fdc6uOvgoji": {
                "name": "Bombali"
            },
            "at6UHUQatSo": {
                "name": "Western Area"
            },
            "dx": {
                "name": "Data"
            },
            "pe": {
                "name": "Period"
            },
            "HllvX50cXC0": {
                "name": "default"
            },
            "lc3eMKXaEfw": {
                "name": "Bonthe"
            },
            "qhqAxPSTUXp": {
                "name": "Koinadugu"
            },
            "jmIPBj66vD6": {
                "name": "Moyamba"
            }
        },
        "dimensions": {
            "dx": [
                "WUg3MYWQ7pt"
            ],
            "pe": [
                "2023"
            ],
            "ou": [
                "O6uvpzGd5pu",
                "fdc6uOvgoji",
                "lc3eMKXaEfw",
                "jUb8gELQApl",
                "PMa2VCrupOd",
                "kJq2mPyFEHo",
                "qhqAxPSTUXp",
                "Vth0fbpFcsO",
                "jmIPBj66vD6",
                "TEQlaapDQoK",
                "bL4ooGhyHRQ",
                "eIQbndfxQMb",
                "at6UHUQatSo"
            ],
            "co": [
                "HllvX50cXC0"
            ]
        }
    },
    "rows": [
        [
            "WUg3MYWQ7pt",
            "at6UHUQatSo",
            "2023",
            "913435"
        ],
        [
            "WUg3MYWQ7pt",
            "qhqAxPSTUXp",
            "2023",
            "308251"
        ],
        [
            "WUg3MYWQ7pt",
            "O6uvpzGd5pu",
            "2023",
            "533475"
        ],
        [
            "WUg3MYWQ7pt",
            "bL4ooGhyHRQ",
            "2023",
            "273590"
        ],
        [
            "WUg3MYWQ7pt",
            "jmIPBj66vD6",
            "2023",
            "310353"
        ],
        [
            "WUg3MYWQ7pt",
            "jUb8gELQApl",
            "2023",
            "421962"
        ],
        [
            "WUg3MYWQ7pt",
            "fdc6uOvgoji",
            "2023",
            "470912"
        ],
        [
            "WUg3MYWQ7pt",
            "lc3eMKXaEfw",
            "2023",
            "169242"
        ],
        [
            "WUg3MYWQ7pt",
            "PMa2VCrupOd",
            "2023",
            "316478"
        ],
        [
            "WUg3MYWQ7pt",
            "TEQlaapDQoK",
            "2023",
            "542967"
        ],
        [
            "WUg3MYWQ7pt",
            "Vth0fbpFcsO",
            "2023",
            "398517"
        ],
        [
            "WUg3MYWQ7pt",
            "eIQbndfxQMb",
            "2023",
            "410238"
        ],
        [
            "WUg3MYWQ7pt",
            "kJq2mPyFEHo",
            "2023",
            "586059"
        ]
    ],
    "width": 4,
    "height": 13,
    "headerWidth": 4
}