{
    "headers": [
        {
            "name": "dx",
            "column": "Data",
            "valueType": "TEXT",
            "type": "java.lang.String",
            "hidden": false,
            "meta": true
        },
        {
            "name": "ou",
            "column": "Organisation unit",
            "valueType": "TEXT",
            "type": "java.lang.String",
            "hidden": false,
            "meta": true
        },
        {
            "name": "pe",
            "column": "Period",
            "valueType": "TEXT",
            "type": "java.lang.String",
            "hidden": false,
            "meta": true
        },
        {
            "name": "value",
            "column": "Value",
            "valueType": "NUMBER",
            "type": "java.lang.Double",
            "hidden": false,
            "meta": false
        }
    ],
    "metaData": {
        "items": {
            "jUb8gELQApl": {
                "name": "Kailahun"
            },
            "eIQbndfxQMb": {
                "name": "Tonkolili"
            },
            "Vth0fbpFcsO": {
                "name": "Kono"
            },
            "202309": {
                "name": "September 2023"
            },
            "202307": {
                "name": "July 2023"
            },
            "O6uvpzGd5pu": {
                "name": "Bo"
            },
            "bL4ooGhyHRQ": {
                "name": "Pujehun"
            },
            "202308": {
                "name": "August 2023"
            },
            "kJq2mPyFEHo": {
                "name": "Kenema"
            },
            "202305": {
                "name": "May 2023"
            },
            "202306": {
                "name": "June 2023"
            },
            "wjP19dkFeIk": {
                "uid": "wjP19dkFeIk",
                "name": "District"
            },
            "202402": {
                "name": "February 2024"
            },
            "202304": {
                "name": "April 2023"
            },
            "202403": {
                "name": "March 2024"
            },
            "202401": {
                "name": "January 2024"
            },
            "202310": {
                "name": "October 2023"
            },
            "202311": {
                "name": "November 2023"
            },
            "at6UHUQatSo": {
                "name": "Western Area"
            },
            "dx": {
                "name": "Data"
            },
            "TEQlaapDQoK": {
                "name": "Port Loko"
            },
            "PMa2VCrupOd": {
                "name": "Kambia"
            },
            "ou": {
                "name": "Organisation unit"
            },
            "ZMap7yJ5eCm": {
                "name": "Air temperature (ERA5-Land)"
            },
            "202312": {
                "name": "December 2023"
            },
            "fdc6uOvgoji": {
                "name": "Bombali"
            },
            "pe": {
                "name": "Period"
            },
            "HllvX50cXC0": {
                "name": "default"
            },
            "lc3eMKXaEfw": {
                "name": "Bonthe"
            },
            "qhqAxPSTUXp": {
                "name": "Koinadugu"
            },
            "jmIPBj66vD6": {
                "name": "Moyamba"
            }
        },
        "dimensions": {
            "dx": [
                "ZMap7yJ5eCm"
            ],
            "pe": [
                "202304",
                "202305",
                "202306",
                "202307",
                "202308",
                "202309",
                "202310",
                "202311",
                "202312",
                "202401",
                "202402",
                "202403"
            ],
            "ou": [
                "O6uvpzGd5pu",
                "fdc6uOvgoji",
                "lc3eMKXaEfw",
                "jUb8gELQApl",
                "PMa2VCrupOd",
                "kJq2mPyFEHo",
                "qhqAxPSTUXp",
                "Vth0fbpFcsO",
                "jmIPBj66vD6",
                "TEQlaapDQoK",
                "bL4ooGhyHRQ",
                "eIQbndfxQMb",
                "at6UHUQatSo"
            ],
            "co": [
                "HllvX50cXC0"
            ]
        }
    },
    "rows": [
        [
            "ZMap7yJ5eCm",
            "jmIPBj66vD6",
            "202402",
            "28.8"
        ],
        [
            "ZMap7yJ5eCm",
            "jmIPBj66vD6",
            "202403",
            "28.9"
        ],
        [
            "ZMap7yJ5eCm",
            "jmIPBj66vD6",
            "202401",
            "27.9"
        ],
        [
            "ZMap7yJ5eCm",
            "lc3eMKXaEfw",
            "202310",
            "25.8"
        ],
        [
            "ZMap7yJ5eCm",
            "lc3eMKXaEfw",
            "202311",
            "26.4"
        ],
        [
            "ZMap7yJ5eCm",
            "lc3eMKXaEfw",
            "202312",
            "27"
        ],
        [
            "ZMap7yJ5eCm",
            "jUb8gELQApl",
            "202402",
            "29.3"
        ],
        [
            "ZMap7yJ5eCm",
            "jUb8gELQApl",
            "202401",
            "27.6"
        ],
        [
            "ZMap7yJ5eCm",
            "PMa2VCrupOd",
            "202403",
            "29.7"
        ],
        [
            "ZMap7yJ5eCm",
            "jUb8gELQApl",
            "202403",
            "29.4"
        ],
        [
            "ZMap7yJ5eCm",
            "PMa2VCrupOd",
            "202401",
            "28.4"
        ],
        [
            "ZMap7yJ5eCm",
            "PMa2VCrupOd",
            "202402",
            "29.2"
        ],
        [
            "ZMap7yJ5eCm",
            "lc3eMKXaEfw",
            "202307",
            "25.2"
        ],
        [
            "ZMap7yJ5eCm",
            "Vth0fbpFcsO",
            "202309",
            "24"
        ],
        [
            "ZMap7yJ5eCm",
            "lc3eMKXaEfw",
            "202308",
            "25.2"
        ],
        [
            "ZMap7yJ5eCm",
            "Vth0fbpFcsO",
            "202308",
            "23.6"
        ],
        [
            "ZMap7yJ5eCm",
            "lc3eMKXaEfw",
            "202305",
            "27.1"
        ],
        [
            "ZMap7yJ5eCm",
            "Vth0fbpFcsO",
            "202307",
            "23.9"
        ],
        [
            "ZMap7yJ5eCm",
            "eIQbndfxQMb",
            "202311",
            "25.5"
        ],
        [
            "ZMap7yJ5eCm",
            "lc3eMKXaEfw",
            "202306",
            "25.6"
        ],
        [
            "ZMap7yJ5eCm",
            "Vth0fbpFcsO",
            "202306",
            "24.3"
        ],
        [
            "ZMap7yJ5eCm",
            "eIQbndfxQMb",
            "202312",
            "25.9"
        ],
        [
            "ZMap7yJ5eCm",
            "lc3eMKXaEfw",
            "202309",
            "25.4"
        ],
        [
            "ZMap7yJ5eCm",
            "O6uvpzGd5pu",
            "202403",
            "29.1"
        ],
        [
            "ZMap7yJ5eCm",
            "O6uvpzGd5pu",
            "202401",
            "27.8"
        ],
        [
            "ZMap7yJ5eCm",
            "O6uvpzGd5pu",
            "202402",
            "29.2"
        ],
        [
            "ZMap7yJ5eCm",
            "Vth0fbpFcsO",
            "202305",
            "26"
        ],
        [
            "ZMap7yJ5eCm",
            "lc3eMKXaEfw",
            "202304",
            "27.4"
        ],
        [
            "ZMap7yJ5eCm",
            "Vth0fbpFcsO",
            "202304",
            "26.8"
        ],
        [
            "ZMap7yJ5eCm",
            "bL4ooGhyHRQ",
            "202402",
            "28.5"
        ],
        [
            "ZMap7yJ5eCm",
            "bL4ooGhyHRQ",
            "202401",
            "27.5"
        ],
        [
            "ZMap7yJ5eCm",
            "bL4ooGhyHRQ",
            "202403",
            "28.4"
        ],
        [
            "ZMap7yJ5eCm",
            "eIQbndfxQMb",
            "202310",
            "25"
        ],
        [
            "ZMap7yJ5eCm",
            "qhqAxPSTUXp",
            "202310",
            "24.7"
        ],
        [
            "ZMap7yJ5eCm",
            "qhqAxPSTUXp",
            "202312",
            "25.6"
        ],
        [
            "ZMap7yJ5eCm",
            "eIQbndfxQMb",
            "202306",
            "24.8"
        ],
        [
            "ZMap7yJ5eCm",
            "qhqAxPSTUXp",
            "202311",
            "25.2"
        ],
        [
            "ZMap7yJ5eCm",
            "eIQbndfxQMb",
            "202307",
            "24.5"
        ],
        [
            "ZMap7yJ5eCm",
            "eIQbndfxQMb",
            "202304",
            "27.4"
        ],
        [
            "ZMap7yJ5eCm",
            "eIQbndfxQMb",
            "202305",
            "26.5"
        ],
        [
            "ZMap7yJ5eCm",
            "Vth0fbpFcsO",
            "202312",
            "24.8"
        ],
        [
            "ZMap7yJ5eCm",
            "TEQlaapDQoK",
            "202403",
            "29.3"
        ],
        [
            "ZMap7yJ5eCm",
            "Vth0fbpFcsO",
            "202311",
            "24.7"
        ],
        [
            "ZMap7yJ5eCm",
            "Vth0fbpFcsO",
            "202310",
            "24.5"
        ],
        [
            "ZMap7yJ5eCm",
            "eIQbndfxQMb",
            "202308",
            "24.3"
        ],
        [
            "ZMap7yJ5eCm",
            "eIQbndfxQMb",
            "202309",
            "24.7"
        ],
        [
            "ZMap7yJ5eCm",
            "jUb8gELQApl",
            "202310",
            "24.9"
        ],
        [
            "ZMap7yJ5eCm",
            "fdc6uOvgoji",
            "202401",
            "28.8"
        ],
        [
            "ZMap7yJ5eCm",
            "kJq2mPyFEHo",
            "202402",
            "29.2"
        ],
        [
            "ZMap7yJ5eCm",
            "kJq2mPyFEHo",
            "202403",
            "29"
        ],
        [
            "ZMap7yJ5eCm",
            "fdc6uOvgoji",
            "202403",
            "31.1"
        ],
        [
            "ZMap7yJ5eCm",
            "fdc6uOvgoji",
            "202402",
            "30.1"
        ],
        [
            "ZMap7yJ5eCm",
            "jUb8gELQApl",
            "202305",
            "26.4"
        ],
        [
            "ZMap7yJ5eCm",
            "jUb8gELQApl",
            "202304",
            "27"
        ],
        [
            "ZMap7yJ5eCm",
            "jUb8gELQApl",
            "202307",
            "24.5"
        ],
        [
            "ZMap7yJ5eCm",
            "TEQlaapDQoK",
            "202401",
            "28.2"
        ],
        [
            "ZMap7yJ5eCm",
            "jUb8gELQApl",
            "202306",
            "24.7"
        ],
        [
            "ZMap7yJ5eCm",
            "TEQlaapDQoK",
            "202402",
            "28.9"
        ],
        [
            "ZMap7yJ5eCm",
            "jUb8gELQApl",
            "202309",
            "24.5"
        ],
        [
            "ZMap7yJ5eCm",
            "jUb8gELQApl",
            "202308",
            "24.2"
        ],
        [
            "ZMap7yJ5eCm",
            "O6uvpzGd5pu",
            "202304",
            "27"
        ],
        [
            "ZMap7yJ5eCm",
            "O6uvpzGd5pu",
            "202305",
            "26.5"
        ],
        [
            "ZMap7yJ5eCm",
            "O6uvpzGd5pu",
            "202308",
            "24.5"
        ],
        [
            "ZMap7yJ5eCm",
            "O6uvpzGd5pu",
            "202309",
            "24.7"
        ],
        [
            "ZMap7yJ5eCm",
            "O6uvpzGd5pu",
            "202306",
            "24.9"
        ],
        [
            "ZMap7yJ5eCm",
            "O6uvpzGd5pu",
            "202307",
            "24.6"
        ],
        [
            "ZMap7yJ5eCm",
            "kJq2mPyFEHo",
            "202401",
            "27.6"
        ],
        [
            "ZMap7yJ5eCm",
            "eIQbndfxQMb",
            "202401",
            "27.9"
        ],
        [
            "ZMap7yJ5eCm",
            "eIQbndfxQMb",
            "202402",
            "29.3"
        ],
        [
            "ZMap7yJ5eCm",
            "eIQbndfxQMb",
            "202403",
            "29.8"
        ],
        [
            "ZMap7yJ5eCm",
            "TEQlaapDQoK",
            "202304",
            "28.2"
        ],
        [
            "ZMap7yJ5eCm",
            "fdc6uOvgoji",
            "202309",
            "25.5"
        ],
        [
            "ZMap7yJ5eCm",
            "TEQlaapDQoK",
            "202305",
            "27.5"
        ],
        [
            "ZMap7yJ5eCm",
            "TEQlaapDQoK",
            "202306",
            "25.8"
        ],
        [
            "ZMap7yJ5eCm",
            "TEQlaapDQoK",
            "202307",
            "25.3"
        ],
        [
            "ZMap7yJ5eCm",
            "kJq2mPyFEHo",
            "202310",
            "24.9"
        ],
        [
            "ZMap7yJ5eCm",
            "TEQlaapDQoK",
            "202308",
            "25.1"
        ],
        [
            "ZMap7yJ5eCm",
            "kJq2mPyFEHo",
            "202311",
            "25.3"
        ],
        [
            "ZMap7yJ5eCm",
            "TEQlaapDQoK",
            "202309",
            "25.6"
        ],
        [
            "ZMap7yJ5eCm",
            "kJq2mPyFEHo",
            "202312",
            "25.7"
        ],
        [
            "ZMap7yJ5eCm",
            "kJq2mPyFEHo",
            "202304",
            "26.8"
        ],
        [
            "ZMap7yJ5eCm",
            "fdc6uOvgoji",
            "202304",
            "29.1"
        ],
        [
            "ZMap7yJ5eCm",
            "kJq2mPyFEHo",
            "202305",
            "26.2"
        ],
        [
            "ZMap7yJ5eCm",
            "at6UHUQatSo",
            "202401",
            "27.7"
        ],
        [
            "ZMap7yJ5eCm",
            "kJq2mPyFEHo",
            "202306",
            "24.6"
        ],
        [
            "ZMap7yJ5eCm",
            "at6UHUQatSo",
            "202402",
            "28"
        ],
        [
            "ZMap7yJ5eCm",
            "fdc6uOvgoji",
            "202306",
            "26"
        ],
        [
            "ZMap7yJ5eCm",
            "O6uvpzGd5pu",
            "202311",
            "25.6"
        ],
        [
            "ZMap7yJ5eCm",
            "kJq2mPyFEHo",
            "202307",
            "24.4"
        ],
        [
            "ZMap7yJ5eCm",
            "at6UHUQatSo",
            "202403",
            "27.9"
        ],
        [
            "ZMap7yJ5eCm",
            "fdc6uOvgoji",
            "202305",
            "27.8"
        ],
        [
            "ZMap7yJ5eCm",
            "O6uvpzGd5pu",
            "202312",
            "26.1"
        ],
        [
            "ZMap7yJ5eCm",
            "kJq2mPyFEHo",
            "202308",
            "24.2"
        ],
        [
            "ZMap7yJ5eCm",
            "fdc6uOvgoji",
            "202308",
            "25.1"
        ],
        [
            "ZMap7yJ5eCm",
            "kJq2mPyFEHo",
            "202309",
            "24.5"
        ],
        [
            "ZMap7yJ5eCm",
            "fdc6uOvgoji",
            "202307",
            "25.3"
        ],
        [
            "ZMap7yJ5eCm",
            "O6uvpzGd5pu",
            "202310",
            "25.1"
        ],
        [
            "ZMap7yJ5eCm",
            "jmIPBj66vD6",
            "202310",
            "25.5"
        ],
        [
            "ZMap7yJ5eCm",
            "jmIPBj66vD6",
            "202311",
            "26.1"
        ],
        [
            "ZMap7yJ5eCm",
            "jmIPBj66vD6",
            "202312",
            "26.7"
        ],
        [
            "ZMap7yJ5eCm",
            "jUb8gELQApl",
            "202312",
            "25.5"
        ],
        [
            "ZMap7yJ5eCm",
            "jUb8gELQApl",
            "202311",
            "25.2"
        ],
        [
            "ZMap7yJ5eCm",
            "qhqAxPSTUXp",
            "202305",
            "26.3"
        ],
        [
            "ZMap7yJ5eCm",
            "qhqAxPSTUXp",
            "202304",
            "27.6"
        ],
        [
            "ZMap7yJ5eCm",
            "qhqAxPSTUXp",
            "202307",
            "23.9"
        ],
        [
            "ZMap7yJ5eCm",
            "qhqAxPSTUXp",
            "202306",
            "24.6"
        ],
        [
            "ZMap7yJ5eCm",
            "qhqAxPSTUXp",
            "202309",
            "24.2"
        ],
        [
            "ZMap7yJ5eCm",
            "qhqAxPSTUXp",
            "202308",
            "23.8"
        ],
        [
            "ZMap7yJ5eCm",
            "jmIPBj66vD6",
            "202304",
            "27.5"
        ],
        [
            "ZMap7yJ5eCm",
            "jmIPBj66vD6",
            "202307",
            "24.9"
        ],
        [
            "ZMap7yJ5eCm",
            "jmIPBj66vD6",
            "202308",
            "24.9"
        ],
        [
            "ZMap7yJ5eCm",
            "jmIPBj66vD6",
            "202305",
            "26.9"
        ],
        [
            "ZMap7yJ5eCm",
            "jmIPBj66vD6",
            "202306",
            "25.3"
        ],
        [
            "ZMap7yJ5eCm",
            "jmIPBj66vD6",
            "202309",
            "25.2"
        ],
        [
            "ZMap7yJ5eCm",
            "bL4ooGhyHRQ",
            "202312",
            "26.5"
        ],
        [
            "ZMap7yJ5eCm",
            "bL4ooGhyHRQ",
            "202311",
            "25.8"
        ],
        [
            "ZMap7yJ5eCm",
            "PMa2VCrupOd",
            "202304",
            "28.8"
        ],
        [
            "ZMap7yJ5eCm",
            "at6UHUQatSo",
            "202304",
            "27.6"
        ],
        [
            "ZMap7yJ5eCm",
            "PMa2VCrupOd",
            "202305",
            "28.1"
        ],
        [
            "ZMap7yJ5eCm",
            "at6UHUQatSo",
            "202305",
            "27.4"
        ],
        [
            "ZMap7yJ5eCm",
            "at6UHUQatSo",
            "202306",
            "25.9"
        ],
        [
            "ZMap7yJ5eCm",
            "at6UHUQatSo",
            "202307",
            "25.3"
        ],
        [
            "ZMap7yJ5eCm",
            "PMa2VCrupOd",
            "202308",
            "25.3"
        ],
        [
            "ZMap7yJ5eCm",
            "PMa2VCrupOd",
            "202309",
            "25.7"
        ],
        [
            "ZMap7yJ5eCm",
            "PMa2VCrupOd",
            "202306",
            "26.1"
        ],
        [
            "ZMap7yJ5eCm",
            "PMa2VCrupOd",
            "202307",
            "25.5"
        ],
        [
            "ZMap7yJ5eCm",
            "qhqAxPSTUXp",
            "202402",
            "29"
        ],
        [
            "ZMap7yJ5eCm",
            "qhqAxPSTUXp",
            "202401",
            "27.4"
        ],
        [
            "ZMap7yJ5eCm",
            "at6UHUQatSo",
            "202308",
            "25.3"
        ],
        [
            "ZMap7yJ5eCm",
            "at6UHUQatSo",
            "202309",
            "25.7"
        ],
        [
            "ZMap7yJ5eCm",
            "lc3eMKXaEfw",
            "202402",
            "28.6"
        ],
        [
            "ZMap7yJ5eCm",
            "bL4ooGhyHRQ",
            "202310",
            "25.3"
        ],
        [
            "ZMap7yJ5eCm",
            "lc3eMKXaEfw",
            "202403",
            "28.3"
        ],
        [
            "ZMap7yJ5eCm",
            "Vth0fbpFcsO",
            "202403",
            "29.7"
        ],
        [
            "ZMap7yJ5eCm",
            "Vth0fbpFcsO",
            "202402",
            "28.9"
        ],
        [
            "ZMap7yJ5eCm",
            "lc3eMKXaEfw",
            "202401",
            "27.8"
        ],
        [
            "ZMap7yJ5eCm",
            "Vth0fbpFcsO",
            "202401",
            "27.1"
        ],
        [
            "ZMap7yJ5eCm",
            "PMa2VCrupOd",
            "202311",
            "26.9"
        ],
        [
            "ZMap7yJ5eCm",
            "at6UHUQatSo",
            "202311",
            "26.7"
        ],
        [
            "ZMap7yJ5eCm",
            "fdc6uOvgoji",
            "202312",
            "27.1"
        ],
        [
            "ZMap7yJ5eCm",
            "PMa2VCrupOd",
            "202312",
            "27.1"
        ],
        [
            "ZMap7yJ5eCm",
            "at6UHUQatSo",
            "202312",
            "27.1"
        ],
        [
            "ZMap7yJ5eCm",
            "PMa2VCrupOd",
            "202310",
            "26.2"
        ],
        [
            "ZMap7yJ5eCm",
            "TEQlaapDQoK",
            "202310",
            "25.9"
        ],
        [
            "ZMap7yJ5eCm",
            "TEQlaapDQoK",
            "202311",
            "26.5"
        ],
        [
            "ZMap7yJ5eCm",
            "bL4ooGhyHRQ",
            "202307",
            "24.8"
        ],
        [
            "ZMap7yJ5eCm",
            "TEQlaapDQoK",
            "202312",
            "27"
        ],
        [
            "ZMap7yJ5eCm",
            "bL4ooGhyHRQ",
            "202306",
            "25.1"
        ],
        [
            "ZMap7yJ5eCm",
            "bL4ooGhyHRQ",
            "202305",
            "26.5"
        ],
        [
            "ZMap7yJ5eCm",
            "bL4ooGhyHRQ",
            "202304",
            "26.9"
        ],
        [
            "ZMap7yJ5eCm",
            "qhqAxPSTUXp",
            "202403",
            "30.3"
        ],
        [
            "ZMap7yJ5eCm",
            "bL4ooGhyHRQ",
            "202309",
            "24.9"
        ],
        [
            "ZMap7yJ5eCm",
            "bL4ooGhyHRQ",
            "202308",
            "24.8"
        ],
        [
            "ZMap7yJ5eCm",
            "fdc6uOvgoji",
            "202311",
            "26.6"
        ],
        [
            "ZMap7yJ5eCm",
            "fdc6uOvgoji",
            "202310",
            "25.9"
        ],
        [
            "ZMap7yJ5eCm",
            "at6UHUQatSo",
            "202310",
            "26.1"
        ]
    ],
    "width": 4,
    "height": 156,
    "headerWidth": 4
}